

Microchip MPLAB XC8 Assembler V3.00 build 20241204225717 
                                                                                               Sat May 02 10:43:30 2026

Microchip MPLAB XC8 C Compiler v3.00 (Free license) build 20241204225717 Og1 
     1                           	processor	18F4580
     2                           	fnconf	rparam,??,?,0
     3                           	pagewidth 120
     4                           	opt	flic
     5                           	psect	idataCOMRAM,global,class=CODE,space=0,delta=1,noexec
     6                           	psect	idataBANK0,global,class=CODE,space=0,delta=1,noexec
     7                           	psect	mediumconst,global,reloc=2,class=MEDIUMCONST,space=0,delta=1,noexec
     8                           	psect	cinit,global,reloc=2,class=CODE,space=0,delta=1
     9                           	psect	bssCOMRAM,global,class=COMRAM,space=1,delta=1,lowdata,noexec
    10                           	psect	dataCOMRAM,global,class=COMRAM,space=1,delta=1,lowdata,noexec
    11                           	psect	bssBANK0,global,class=BANK0,space=1,delta=1,lowdata,noexec
    12                           	psect	dataBANK0,global,class=BANK0,space=1,delta=1,lowdata,noexec
    13                           	psect	cstackCOMRAM,global,class=COMRAM,space=1,delta=1,lowdata,noexec
    14                           	psect	text0,global,reloc=2,class=CODE,space=0,delta=1
    15                           	psect	text1,global,reloc=2,class=CODE,space=0,delta=1
    16                           	psect	text2,global,reloc=2,class=CODE,space=0,delta=1
    17                           	psect	text3,global,reloc=2,class=CODE,space=0,delta=1
    18                           	psect	text4,global,reloc=2,class=CODE,space=0,delta=1
    19                           	psect	text5,global,reloc=2,class=CODE,space=0,delta=1
    20                           	psect	text6,global,reloc=2,class=CODE,space=0,delta=1,group=1
    21                           	psect	text7,global,reloc=2,class=CODE,space=0,delta=1,group=1
    22                           	psect	text8,global,reloc=2,class=CODE,space=0,delta=1,group=1
    23                           	psect	text9,global,reloc=2,class=CODE,space=0,delta=1,group=1
    24                           	psect	text10,global,reloc=2,class=CODE,space=0,delta=1,group=1
    25                           	psect	text11,global,reloc=2,class=CODE,space=0,delta=1
    26                           	psect	text12,global,reloc=2,class=CODE,space=0,delta=1
    27                           	psect	text13,global,reloc=2,class=CODE,space=0,delta=1
    28                           	psect	text14,global,reloc=2,class=CODE,space=0,delta=1
    29                           	psect	text15,global,reloc=2,class=CODE,space=0,delta=1
    30                           	psect	text16,global,reloc=2,class=CODE,space=0,delta=1,group=1
    31                           	psect	text17,global,reloc=2,class=CODE,space=0,delta=1,group=1
    32                           	psect	text18,global,reloc=2,class=CODE,space=0,delta=1
    33                           	psect	text19,global,reloc=2,class=CODE,space=0,delta=1
    34                           	psect	text20,global,reloc=2,class=CODE,space=0,delta=1
    35                           	psect	text21,global,reloc=2,class=CODE,space=0,delta=1
    36                           	psect	text22,global,reloc=2,class=CODE,space=0,delta=1
    37                           	psect	text23,global,reloc=2,class=CODE,space=0,delta=1
    38                           	psect	text24,global,reloc=2,class=CODE,space=0,delta=1
    39                           	psect	text25,global,reloc=2,class=CODE,space=0,delta=1
    40                           	psect	text26,global,reloc=2,class=CODE,space=0,delta=1
    41                           	psect	text27,global,reloc=2,class=CODE,space=0,delta=1
    42                           	psect	text28,global,reloc=2,class=CODE,space=0,delta=1
    43                           	psect	text29,global,reloc=2,class=CODE,space=0,delta=1
    44                           	psect	text30,global,reloc=2,class=CODE,space=0,delta=1
    45                           	psect	text31,global,reloc=2,class=CODE,space=0,delta=1
    46                           	psect	text32,global,reloc=2,class=CODE,space=0,delta=1
    47                           	psect	text33,global,reloc=2,class=CODE,space=0,delta=1
    48                           	psect	text34,global,reloc=2,class=CODE,space=0,delta=1
    49                           	psect	text35,global,reloc=2,class=CODE,space=0,delta=1
    50                           	psect	text36,global,reloc=2,class=CODE,space=0,delta=1
    51                           	psect	text37,global,reloc=2,class=CODE,space=0,delta=1
    52                           	psect	text38,global,reloc=2,class=CODE,space=0,delta=1
    53                           	psect	text39,global,reloc=2,class=CODE,space=0,delta=1
    54                           	psect	text40,global,reloc=2,class=CODE,space=0,delta=1
    55                           	psect	text41,global,reloc=2,class=CODE,space=0,delta=1
    56                           	psect	text42,global,reloc=2,class=CODE,space=0,delta=1
    57                           	psect	text43,global,reloc=2,class=CODE,space=0,delta=1
    58                           	psect	text44,global,reloc=2,class=CODE,space=0,delta=1
    59                           	psect	text45,global,reloc=2,class=CODE,space=0,delta=1
    60                           	psect	text46,global,reloc=2,class=CODE,space=0,delta=1
    61                           	psect	intsave_regs,global,class=BIGRAM,space=1,delta=1,noexec
    62                           	psect	rparam,global,class=COMRAM,space=1,delta=1,noexec
    63                           	psect	idloc,global,abs,ovrld,class=IDLOC,space=5,delta=1,noexec
    64                           	psect	config,global,abs,ovrld,class=CONFIG,space=4,delta=1,noexec
    65   000000                     
    66                           ; Version 2.20
    67                           ; Generated 12/02/2020 GMT
    68                           ; 
    69                           ; Copyright © 2020, Microchip Technology Inc. and its subsidiaries ("Microchip")
    70                           ; All rights reserved.
    71                           ; 
    72                           ; This software is developed by Microchip Technology Inc. and its subsidiaries ("Microch
      +                          ip").
    73                           ; 
    74                           ; Redistribution and use in source and binary forms, with or without modification, are
    75                           ; permitted provided that the following conditions are met:
    76                           ; 
    77                           ;     1. Redistributions of source code must retain the above copyright notice, this lis
      +                          t of
    78                           ;        conditions and the following disclaimer.
    79                           ; 
    80                           ;     2. Redistributions in binary form must reproduce the above copyright notice, this 
      +                          list
    81                           ;        of conditions and the following disclaimer in the documentation and/or other
    82                           ;        materials provided with the distribution.
    83                           ; 
    84                           ;     3. Microchip's name may not be used to endorse or promote products derived from th
      +                          is
    85                           ;        software without specific prior written permission.
    86                           ; 
    87                           ; THIS SOFTWARE IS PROVIDED BY MICROCHIP "AS IS" AND ANY EXPRESS OR IMPLIED WARRANTIES,
    88                           ; INCLUDING, BUT NOT LIMITED TO, THE IMPLIED WARRANTIES OF MERCHANTABILITY AND FITNESS F
      +                          OR
    89                           ; PURPOSE ARE DISCLAIMED.  IN NO EVENT SHALL MICROCHIP BE LIABLE FOR ANY DIRECT, INDIREC
      +                          T,
    90                           ; INCIDENTAL, SPECIAL, EXEMPLARY, OR CONSEQUENTIAL DAMAGES (INCLUDING BUT NOT LIMITED TO
    91                           ; PROCUREMENT OF SUBSTITUTE GOODS OR SERVICES; LOSS OF USE, DATA OR PROFITS; OR BUSINESS
    92                           ; INTERRUPTION) HOWSOEVER CAUSED AND ON ANY THEORY OF LIABILITY, WHETHER IN CONTRACT, ST
      +                          RICT
    93                           ; LIABILITY, OR TORT (INCLUDING NEGLIGENCE OR OTHERWISE) ARISING IN ANY WAY OUT OF THE U
      +                          SE OF
    94                           ; THIS SOFTWARE, EVEN IF ADVISED OF THE POSSIBILITY OF SUCH DAMAGE.
    95                           ; 
    96                           ; 
    97                           ; Code-generator required, PIC18F4580 Definitions
    98                           ; 
    99                           ; SFR Addresses
   100   000FE0                     bsr             equ	4064
   101   000FE9                     fsr0            equ	4073
   102   000FEA                     fsr0h           equ	4074
   103   000FE9                     fsr0l           equ	4073
   104   000FE1                     fsr1            equ	4065
   105   000FE2                     fsr1h           equ	4066
   106   000FE1                     fsr1l           equ	4065
   107   000FD9                     fsr2            equ	4057
   108   000FDA                     fsr2h           equ	4058
   109   000FD9                     fsr2l           equ	4057
   110   000FEF                     indf0           equ	4079
   111   000FE7                     indf1           equ	4071
   112   000FDF                     indf2           equ	4063
   113   000FF2                     intcon          equ	4082
   114   000000                     nvmcon          equ	0
   115   000FF9                     pcl             equ	4089
   116   000FFA                     pclath          equ	4090
   117   000FFB                     pclatu          equ	4091
   118   000FEB                     plusw0          equ	4075
   119   000FE3                     plusw1          equ	4067
   120   000FDB                     plusw2          equ	4059
   121   000FED                     postdec0        equ	4077
   122   000FE5                     postdec1        equ	4069
   123   000FDD                     postdec2        equ	4061
   124   000FEE                     postinc0        equ	4078
   125   000FE6                     postinc1        equ	4070
   126   000FDE                     postinc2        equ	4062
   127   000FEC                     preinc0         equ	4076
   128   000FE4                     preinc1         equ	4068
   129   000FDC                     preinc2         equ	4060
   130   000FF3                     prod            equ	4083
   131   000FF4                     prodh           equ	4084
   132   000FF3                     prodl           equ	4083
   133   000FD8                     status          equ	4056
   134   000FF5                     tablat          equ	4085
   135   000FF6                     tblptr          equ	4086
   136   000FF7                     tblptrh         equ	4087
   137   000FF6                     tblptrl         equ	4086
   138   000FF8                     tblptru         equ	4088
   139   000FFD                     tosl            equ	4093
   140   000FE8                     wreg            equ	4072
   141   000D60                     RXF6SIDH        equ	3424	;# 
   142   000D61                     RXF6SIDL        equ	3425	;# 
   143   000D62                     RXF6EIDH        equ	3426	;# 
   144   000D63                     RXF6EIDL        equ	3427	;# 
   145   000D64                     RXF7SIDH        equ	3428	;# 
   146   000D65                     RXF7SIDL        equ	3429	;# 
   147   000D66                     RXF7EIDH        equ	3430	;# 
   148   000D67                     RXF7EIDL        equ	3431	;# 
   149   000D68                     RXF8SIDH        equ	3432	;# 
   150   000D69                     RXF8SIDL        equ	3433	;# 
   151   000D6A                     RXF8EIDH        equ	3434	;# 
   152   000D6B                     RXF8EIDL        equ	3435	;# 
   153   000D70                     RXF9SIDH        equ	3440	;# 
   154   000D71                     RXF9SIDL        equ	3441	;# 
   155   000D72                     RXF9EIDH        equ	3442	;# 
   156   000D73                     RXF9EIDL        equ	3443	;# 
   157   000D74                     RXF10SIDH       equ	3444	;# 
   158   000D75                     RXF10SIDL       equ	3445	;# 
   159   000D76                     RXF10EIDH       equ	3446	;# 
   160   000D77                     RXF10EIDL       equ	3447	;# 
   161   000D78                     RXF11SIDH       equ	3448	;# 
   162   000D79                     RXF11SIDL       equ	3449	;# 
   163   000D7A                     RXF11EIDH       equ	3450	;# 
   164   000D7B                     RXF11EIDL       equ	3451	;# 
   165   000D80                     RXF12SIDH       equ	3456	;# 
   166   000D81                     RXF12SIDL       equ	3457	;# 
   167   000D82                     RXF12EIDH       equ	3458	;# 
   168   000D83                     RXF12EIDL       equ	3459	;# 
   169   000D84                     RXF13SIDH       equ	3460	;# 
   170   000D85                     RXF13SIDL       equ	3461	;# 
   171   000D86                     RXF13EIDH       equ	3462	;# 
   172   000D87                     RXF13EIDL       equ	3463	;# 
   173   000D88                     RXF14SIDH       equ	3464	;# 
   174   000D89                     RXF14SIDL       equ	3465	;# 
   175   000D8A                     RXF14EIDH       equ	3466	;# 
   176   000D8B                     RXF14EIDL       equ	3467	;# 
   177   000D90                     RXF15SIDH       equ	3472	;# 
   178   000D91                     RXF15SIDL       equ	3473	;# 
   179   000D92                     RXF15EIDH       equ	3474	;# 
   180   000D93                     RXF15EIDL       equ	3475	;# 
   181   000DD4                     RXFCON0         equ	3540	;# 
   182   000DD5                     RXFCON1         equ	3541	;# 
   183   000DD8                     SDFLC           equ	3544	;# 
   184   000DE0                     RXFBCON0        equ	3552	;# 
   185   000DE1                     RXFBCON1        equ	3553	;# 
   186   000DE2                     RXFBCON2        equ	3554	;# 
   187   000DE3                     RXFBCON3        equ	3555	;# 
   188   000DE4                     RXFBCON4        equ	3556	;# 
   189   000DE5                     RXFBCON5        equ	3557	;# 
   190   000DE6                     RXFBCON6        equ	3558	;# 
   191   000DE7                     RXFBCON7        equ	3559	;# 
   192   000DF0                     MSEL0           equ	3568	;# 
   193   000DF1                     MSEL1           equ	3569	;# 
   194   000DF2                     MSEL2           equ	3570	;# 
   195   000DF3                     MSEL3           equ	3571	;# 
   196   000DF8                     BSEL0           equ	3576	;# 
   197   000DFA                     BIE0            equ	3578	;# 
   198   000DFC                     TXBIE           equ	3580	;# 
   199   000E20                     B0CON           equ	3616	;# 
   200   000E21                     B0SIDH          equ	3617	;# 
   201   000E22                     B0SIDL          equ	3618	;# 
   202   000E23                     B0EIDH          equ	3619	;# 
   203   000E24                     B0EIDL          equ	3620	;# 
   204   000E25                     B0DLC           equ	3621	;# 
   205   000E26                     B0D0            equ	3622	;# 
   206   000E27                     B0D1            equ	3623	;# 
   207   000E28                     B0D2            equ	3624	;# 
   208   000E29                     B0D3            equ	3625	;# 
   209   000E2A                     B0D4            equ	3626	;# 
   210   000E2B                     B0D5            equ	3627	;# 
   211   000E2C                     B0D6            equ	3628	;# 
   212   000E2D                     B0D7            equ	3629	;# 
   213   000E2E                     CANSTAT_RO9     equ	3630	;# 
   214   000E2F                     CANCON_RO9      equ	3631	;# 
   215   000E30                     B1CON           equ	3632	;# 
   216   000E31                     B1SIDH          equ	3633	;# 
   217   000E32                     B1SIDL          equ	3634	;# 
   218   000E33                     B1EIDH          equ	3635	;# 
   219   000E34                     B1EIDL          equ	3636	;# 
   220   000E35                     B1DLC           equ	3637	;# 
   221   000E36                     B1D0            equ	3638	;# 
   222   000E37                     B1D1            equ	3639	;# 
   223   000E38                     B1D2            equ	3640	;# 
   224   000E39                     B1D3            equ	3641	;# 
   225   000E3A                     B1D4            equ	3642	;# 
   226   000E3B                     B1D5            equ	3643	;# 
   227   000E3C                     B1D6            equ	3644	;# 
   228   000E3D                     B1D7            equ	3645	;# 
   229   000E3E                     CANSTAT_RO8     equ	3646	;# 
   230   000E3F                     CANCON_RO8      equ	3647	;# 
   231   000E40                     B2CON           equ	3648	;# 
   232   000E41                     B2SIDH          equ	3649	;# 
   233   000E42                     B2SIDL          equ	3650	;# 
   234   000E43                     B2EIDH          equ	3651	;# 
   235   000E44                     B2EIDL          equ	3652	;# 
   236   000E45                     B2DLC           equ	3653	;# 
   237   000E46                     B2D0            equ	3654	;# 
   238   000E47                     B2D1            equ	3655	;# 
   239   000E48                     B2D2            equ	3656	;# 
   240   000E49                     B2D3            equ	3657	;# 
   241   000E4A                     B2D4            equ	3658	;# 
   242   000E4B                     B2D5            equ	3659	;# 
   243   000E4C                     B2D6            equ	3660	;# 
   244   000E4D                     B2D7            equ	3661	;# 
   245   000E4E                     CANSTAT_RO7     equ	3662	;# 
   246   000E4F                     CANCON_RO7      equ	3663	;# 
   247   000E50                     B3CON           equ	3664	;# 
   248   000E51                     B3SIDH          equ	3665	;# 
   249   000E52                     B3SIDL          equ	3666	;# 
   250   000E53                     B3EIDH          equ	3667	;# 
   251   000E54                     B3EIDL          equ	3668	;# 
   252   000E55                     B3DLC           equ	3669	;# 
   253   000E56                     B3D0            equ	3670	;# 
   254   000E57                     B3D1            equ	3671	;# 
   255   000E58                     B3D2            equ	3672	;# 
   256   000E59                     B3D3            equ	3673	;# 
   257   000E5A                     B3D4            equ	3674	;# 
   258   000E5B                     B3D5            equ	3675	;# 
   259   000E5C                     B3D6            equ	3676	;# 
   260   000E5D                     B3D7            equ	3677	;# 
   261   000E5E                     CANSTAT_RO6     equ	3678	;# 
   262   000E5F                     CANCON_RO6      equ	3679	;# 
   263   000E60                     B4CON           equ	3680	;# 
   264   000E61                     B4SIDH          equ	3681	;# 
   265   000E62                     B4SIDL          equ	3682	;# 
   266   000E63                     B4EIDH          equ	3683	;# 
   267   000E64                     B4EIDL          equ	3684	;# 
   268   000E65                     B4DLC           equ	3685	;# 
   269   000E66                     B4D0            equ	3686	;# 
   270   000E67                     B4D1            equ	3687	;# 
   271   000E68                     B4D2            equ	3688	;# 
   272   000E69                     B4D3            equ	3689	;# 
   273   000E6A                     B4D4            equ	3690	;# 
   274   000E6B                     B4D5            equ	3691	;# 
   275   000E6C                     B4D6            equ	3692	;# 
   276   000E6D                     B4D7            equ	3693	;# 
   277   000E6E                     CANSTAT_RO5     equ	3694	;# 
   278   000E6F                     CANCON_RO5      equ	3695	;# 
   279   000E70                     B5CON           equ	3696	;# 
   280   000E71                     B5SIDH          equ	3697	;# 
   281   000E72                     B5SIDL          equ	3698	;# 
   282   000E73                     B5EIDH          equ	3699	;# 
   283   000E74                     B5EIDL          equ	3700	;# 
   284   000E75                     B5DLC           equ	3701	;# 
   285   000E76                     B5D0            equ	3702	;# 
   286   000E77                     B5D1            equ	3703	;# 
   287   000E78                     B5D2            equ	3704	;# 
   288   000E79                     B5D3            equ	3705	;# 
   289   000E7A                     B5D4            equ	3706	;# 
   290   000E7B                     B5D5            equ	3707	;# 
   291   000E7C                     B5D6            equ	3708	;# 
   292   000E7D                     B5D7            equ	3709	;# 
   293   000E7E                     CANSTAT_RO4     equ	3710	;# 
   294   000E7F                     CANCON_RO4      equ	3711	;# 
   295   000F00                     RXF0SIDH        equ	3840	;# 
   296   000F01                     RXF0SIDL        equ	3841	;# 
   297   000F02                     RXF0EIDH        equ	3842	;# 
   298   000F03                     RXF0EIDL        equ	3843	;# 
   299   000F04                     RXF1SIDH        equ	3844	;# 
   300   000F05                     RXF1SIDL        equ	3845	;# 
   301   000F06                     RXF1EIDH        equ	3846	;# 
   302   000F07                     RXF1EIDL        equ	3847	;# 
   303   000F08                     RXF2SIDH        equ	3848	;# 
   304   000F09                     RXF2SIDL        equ	3849	;# 
   305   000F0A                     RXF2EIDH        equ	3850	;# 
   306   000F0B                     RXF2EIDL        equ	3851	;# 
   307   000F0C                     RXF3SIDH        equ	3852	;# 
   308   000F0D                     RXF3SIDL        equ	3853	;# 
   309   000F0E                     RXF3EIDH        equ	3854	;# 
   310   000F0F                     RXF3EIDL        equ	3855	;# 
   311   000F10                     RXF4SIDH        equ	3856	;# 
   312   000F11                     RXF4SIDL        equ	3857	;# 
   313   000F12                     RXF4EIDH        equ	3858	;# 
   314   000F13                     RXF4EIDL        equ	3859	;# 
   315   000F14                     RXF5SIDH        equ	3860	;# 
   316   000F15                     RXF5SIDL        equ	3861	;# 
   317   000F16                     RXF5EIDH        equ	3862	;# 
   318   000F17                     RXF5EIDL        equ	3863	;# 
   319   000F18                     RXM0SIDH        equ	3864	;# 
   320   000F19                     RXM0SIDL        equ	3865	;# 
   321   000F1A                     RXM0EIDH        equ	3866	;# 
   322   000F1B                     RXM0EIDL        equ	3867	;# 
   323   000F1C                     RXM1SIDH        equ	3868	;# 
   324   000F1D                     RXM1SIDL        equ	3869	;# 
   325   000F1E                     RXM1EIDH        equ	3870	;# 
   326   000F1F                     RXM1EIDL        equ	3871	;# 
   327   000F20                     TXB2CON         equ	3872	;# 
   328   000F21                     TXB2SIDH        equ	3873	;# 
   329   000F22                     TXB2SIDL        equ	3874	;# 
   330   000F23                     TXB2EIDH        equ	3875	;# 
   331   000F24                     TXB2EIDL        equ	3876	;# 
   332   000F25                     TXB2DLC         equ	3877	;# 
   333   000F26                     TXB2D0          equ	3878	;# 
   334   000F27                     TXB2D1          equ	3879	;# 
   335   000F28                     TXB2D2          equ	3880	;# 
   336   000F29                     TXB2D3          equ	3881	;# 
   337   000F2A                     TXB2D4          equ	3882	;# 
   338   000F2B                     TXB2D5          equ	3883	;# 
   339   000F2C                     TXB2D6          equ	3884	;# 
   340   000F2D                     TXB2D7          equ	3885	;# 
   341   000F2E                     CANSTAT_RO3     equ	3886	;# 
   342   000F2F                     CANCON_RO3      equ	3887	;# 
   343   000F30                     TXB1CON         equ	3888	;# 
   344   000F31                     TXB1SIDH        equ	3889	;# 
   345   000F32                     TXB1SIDL        equ	3890	;# 
   346   000F33                     TXB1EIDH        equ	3891	;# 
   347   000F34                     TXB1EIDL        equ	3892	;# 
   348   000F35                     TXB1DLC         equ	3893	;# 
   349   000F36                     TXB1D0          equ	3894	;# 
   350   000F37                     TXB1D1          equ	3895	;# 
   351   000F38                     TXB1D2          equ	3896	;# 
   352   000F39                     TXB1D3          equ	3897	;# 
   353   000F3A                     TXB1D4          equ	3898	;# 
   354   000F3B                     TXB1D5          equ	3899	;# 
   355   000F3C                     TXB1D6          equ	3900	;# 
   356   000F3D                     TXB1D7          equ	3901	;# 
   357   000F3E                     CANSTAT_RO2     equ	3902	;# 
   358   000F3F                     CANCON_RO2      equ	3903	;# 
   359   000F40                     TXB0CON         equ	3904	;# 
   360   000F41                     TXB0SIDH        equ	3905	;# 
   361   000F42                     TXB0SIDL        equ	3906	;# 
   362   000F43                     TXB0EIDH        equ	3907	;# 
   363   000F44                     TXB0EIDL        equ	3908	;# 
   364   000F45                     TXB0DLC         equ	3909	;# 
   365   000F46                     TXB0D0          equ	3910	;# 
   366   000F47                     TXB0D1          equ	3911	;# 
   367   000F48                     TXB0D2          equ	3912	;# 
   368   000F49                     TXB0D3          equ	3913	;# 
   369   000F4A                     TXB0D4          equ	3914	;# 
   370   000F4B                     TXB0D5          equ	3915	;# 
   371   000F4C                     TXB0D6          equ	3916	;# 
   372   000F4D                     TXB0D7          equ	3917	;# 
   373   000F4E                     CANSTAT_RO1     equ	3918	;# 
   374   000F4F                     CANCON_RO1      equ	3919	;# 
   375   000F50                     RXB1CON         equ	3920	;# 
   376   000F51                     RXB1SIDH        equ	3921	;# 
   377   000F52                     RXB1SIDL        equ	3922	;# 
   378   000F53                     RXB1EIDH        equ	3923	;# 
   379   000F54                     RXB1EIDL        equ	3924	;# 
   380   000F55                     RXB1DLC         equ	3925	;# 
   381   000F56                     RXB1D0          equ	3926	;# 
   382   000F57                     RXB1D1          equ	3927	;# 
   383   000F58                     RXB1D2          equ	3928	;# 
   384   000F59                     RXB1D3          equ	3929	;# 
   385   000F5A                     RXB1D4          equ	3930	;# 
   386   000F5B                     RXB1D5          equ	3931	;# 
   387   000F5C                     RXB1D6          equ	3932	;# 
   388   000F5D                     RXB1D7          equ	3933	;# 
   389   000F5E                     CANSTAT_RO0     equ	3934	;# 
   390   000F5F                     CANCON_RO0      equ	3935	;# 
   391   000F60                     RXB0CON         equ	3936	;# 
   392   000F61                     RXB0SIDH        equ	3937	;# 
   393   000F62                     RXB0SIDL        equ	3938	;# 
   394   000F63                     RXB0EIDH        equ	3939	;# 
   395   000F64                     RXB0EIDL        equ	3940	;# 
   396   000F65                     RXB0DLC         equ	3941	;# 
   397   000F66                     RXB0D0          equ	3942	;# 
   398   000F67                     RXB0D1          equ	3943	;# 
   399   000F68                     RXB0D2          equ	3944	;# 
   400   000F69                     RXB0D3          equ	3945	;# 
   401   000F6A                     RXB0D4          equ	3946	;# 
   402   000F6B                     RXB0D5          equ	3947	;# 
   403   000F6C                     RXB0D6          equ	3948	;# 
   404   000F6D                     RXB0D7          equ	3949	;# 
   405   000F6E                     CANSTAT         equ	3950	;# 
   406   000F6F                     CANCON          equ	3951	;# 
   407   000F70                     BRGCON1         equ	3952	;# 
   408   000F71                     BRGCON2         equ	3953	;# 
   409   000F72                     BRGCON3         equ	3954	;# 
   410   000F73                     CIOCON          equ	3955	;# 
   411   000F74                     COMSTAT         equ	3956	;# 
   412   000F75                     RXERRCNT        equ	3957	;# 
   413   000F76                     TXERRCNT        equ	3958	;# 
   414   000F77                     ECANCON         equ	3959	;# 
   415   000F80                     PORTA           equ	3968	;# 
   416   000F81                     PORTB           equ	3969	;# 
   417   000F82                     PORTC           equ	3970	;# 
   418   000F83                     PORTD           equ	3971	;# 
   419   000F84                     PORTE           equ	3972	;# 
   420   000F89                     LATA            equ	3977	;# 
   421   000F8A                     LATB            equ	3978	;# 
   422   000F8B                     LATC            equ	3979	;# 
   423   000F8C                     LATD            equ	3980	;# 
   424   000F8D                     LATE            equ	3981	;# 
   425   000F92                     TRISA           equ	3986	;# 
   426   000F92                     DDRA            equ	3986	;# 
   427   000F93                     TRISB           equ	3987	;# 
   428   000F93                     DDRB            equ	3987	;# 
   429   000F94                     TRISC           equ	3988	;# 
   430   000F94                     DDRC            equ	3988	;# 
   431   000F95                     TRISD           equ	3989	;# 
   432   000F95                     DDRD            equ	3989	;# 
   433   000F96                     TRISE           equ	3990	;# 
   434   000F96                     DDRE            equ	3990	;# 
   435   000F9B                     OSCTUNE         equ	3995	;# 
   436   000F9D                     PIE1            equ	3997	;# 
   437   000F9E                     PIR1            equ	3998	;# 
   438   000F9F                     IPR1            equ	3999	;# 
   439   000FA0                     PIE2            equ	4000	;# 
   440   000FA1                     PIR2            equ	4001	;# 
   441   000FA2                     IPR2            equ	4002	;# 
   442   000FA3                     PIE3            equ	4003	;# 
   443   000FA4                     PIR3            equ	4004	;# 
   444   000FA5                     IPR3            equ	4005	;# 
   445   000FA6                     EECON1          equ	4006	;# 
   446   000FA7                     EECON2          equ	4007	;# 
   447   000FA8                     EEDATA          equ	4008	;# 
   448   000FA9                     EEADR           equ	4009	;# 
   449   000FAB                     RCSTA           equ	4011	;# 
   450   000FAB                     RCSTA1          equ	4011	;# 
   451   000FAC                     TXSTA           equ	4012	;# 
   452   000FAC                     TXSTA1          equ	4012	;# 
   453   000FAD                     TXREG           equ	4013	;# 
   454   000FAD                     TXREG1          equ	4013	;# 
   455   000FAE                     RCREG           equ	4014	;# 
   456   000FAE                     RCREG1          equ	4014	;# 
   457   000FAF                     SPBRG           equ	4015	;# 
   458   000FAF                     SPBRG1          equ	4015	;# 
   459   000FB0                     SPBRGH          equ	4016	;# 
   460   000FB1                     T3CON           equ	4017	;# 
   461   000FB2                     TMR3            equ	4018	;# 
   462   000FB2                     TMR3L           equ	4018	;# 
   463   000FB3                     TMR3H           equ	4019	;# 
   464   000FB4                     CMCON           equ	4020	;# 
   465   000FB5                     CVRCON          equ	4021	;# 
   466   000FB6                     ECCP1AS         equ	4022	;# 
   467   000FB7                     ECCP1DEL        equ	4023	;# 
   468   000FB8                     BAUDCON         equ	4024	;# 
   469   000FB8                     BAUDCTL         equ	4024	;# 
   470   000FBA                     ECCP1CON        equ	4026	;# 
   471   000FBB                     ECCPR1          equ	4027	;# 
   472   000FBB                     ECCPR1L         equ	4027	;# 
   473   000FBC                     ECCPR1H         equ	4028	;# 
   474   000FBD                     CCP1CON         equ	4029	;# 
   475   000FBE                     CCPR1           equ	4030	;# 
   476   000FBE                     CCPR1L          equ	4030	;# 
   477   000FBF                     CCPR1H          equ	4031	;# 
   478   000FC0                     ADCON2          equ	4032	;# 
   479   000FC1                     ADCON1          equ	4033	;# 
   480   000FC2                     ADCON0          equ	4034	;# 
   481   000FC3                     ADRES           equ	4035	;# 
   482   000FC3                     ADRESL          equ	4035	;# 
   483   000FC4                     ADRESH          equ	4036	;# 
   484   000FC5                     SSPCON2         equ	4037	;# 
   485   000FC6                     SSPCON1         equ	4038	;# 
   486   000FC7                     SSPSTAT         equ	4039	;# 
   487   000FC8                     SSPADD          equ	4040	;# 
   488   000FC9                     SSPBUF          equ	4041	;# 
   489   000FCA                     T2CON           equ	4042	;# 
   490   000FCB                     PR2             equ	4043	;# 
   491   000FCB                     MEMCON          equ	4043	;# 
   492   000FCC                     TMR2            equ	4044	;# 
   493   000FCD                     T1CON           equ	4045	;# 
   494   000FCE                     TMR1            equ	4046	;# 
   495   000FCE                     TMR1L           equ	4046	;# 
   496   000FCF                     TMR1H           equ	4047	;# 
   497   000FD0                     RCON            equ	4048	;# 
   498   000FD1                     WDTCON          equ	4049	;# 
   499   000FD2                     HLVDCON         equ	4050	;# 
   500   000FD2                     LVDCON          equ	4050	;# 
   501   000FD3                     OSCCON          equ	4051	;# 
   502   000FD5                     T0CON           equ	4053	;# 
   503   000FD6                     TMR0            equ	4054	;# 
   504   000FD6                     TMR0L           equ	4054	;# 
   505   000FD7                     TMR0H           equ	4055	;# 
   506   000FD8                     STATUS          equ	4056	;# 
   507   000FD9                     FSR2            equ	4057	;# 
   508   000FD9                     FSR2L           equ	4057	;# 
   509   000FDA                     FSR2H           equ	4058	;# 
   510   000FDB                     PLUSW2          equ	4059	;# 
   511   000FDC                     PREINC2         equ	4060	;# 
   512   000FDD                     POSTDEC2        equ	4061	;# 
   513   000FDE                     POSTINC2        equ	4062	;# 
   514   000FDF                     INDF2           equ	4063	;# 
   515   000FE0                     BSR             equ	4064	;# 
   516   000FE1                     FSR1            equ	4065	;# 
   517   000FE1                     FSR1L           equ	4065	;# 
   518   000FE2                     FSR1H           equ	4066	;# 
   519   000FE3                     PLUSW1          equ	4067	;# 
   520   000FE4                     PREINC1         equ	4068	;# 
   521   000FE5                     POSTDEC1        equ	4069	;# 
   522   000FE6                     POSTINC1        equ	4070	;# 
   523   000FE7                     INDF1           equ	4071	;# 
   524   000FE8                     WREG            equ	4072	;# 
   525   000FE9                     FSR0            equ	4073	;# 
   526   000FE9                     FSR0L           equ	4073	;# 
   527   000FEA                     FSR0H           equ	4074	;# 
   528   000FEB                     PLUSW0          equ	4075	;# 
   529   000FEC                     PREINC0         equ	4076	;# 
   530   000FED                     POSTDEC0        equ	4077	;# 
   531   000FEE                     POSTINC0        equ	4078	;# 
   532   000FEF                     INDF0           equ	4079	;# 
   533   000FF0                     INTCON3         equ	4080	;# 
   534   000FF1                     INTCON2         equ	4081	;# 
   535   000FF2                     INTCON          equ	4082	;# 
   536   000FF3                     PROD            equ	4083	;# 
   537   000FF3                     PRODL           equ	4083	;# 
   538   000FF4                     PRODH           equ	4084	;# 
   539   000FF5                     TABLAT          equ	4085	;# 
   540   000FF6                     TBLPTR          equ	4086	;# 
   541   000FF6                     TBLPTRL         equ	4086	;# 
   542   000FF7                     TBLPTRH         equ	4087	;# 
   543   000FF8                     TBLPTRU         equ	4088	;# 
   544   000FF9                     PCLAT           equ	4089	;# 
   545   000FF9                     PC              equ	4089	;# 
   546   000FF9                     PCL             equ	4089	;# 
   547   000FFA                     PCLATH          equ	4090	;# 
   548   000FFB                     PCLATU          equ	4091	;# 
   549   000FFC                     STKPTR          equ	4092	;# 
   550   000FFD                     TOS             equ	4093	;# 
   551   000FFD                     TOSL            equ	4093	;# 
   552   000FFE                     TOSH            equ	4094	;# 
   553   000FFF                     TOSU            equ	4095	;# 
   554   000D60                     RXF6SIDH        equ	3424	;# 
   555   000D61                     RXF6SIDL        equ	3425	;# 
   556   000D62                     RXF6EIDH        equ	3426	;# 
   557   000D63                     RXF6EIDL        equ	3427	;# 
   558   000D64                     RXF7SIDH        equ	3428	;# 
   559   000D65                     RXF7SIDL        equ	3429	;# 
   560   000D66                     RXF7EIDH        equ	3430	;# 
   561   000D67                     RXF7EIDL        equ	3431	;# 
   562   000D68                     RXF8SIDH        equ	3432	;# 
   563   000D69                     RXF8SIDL        equ	3433	;# 
   564   000D6A                     RXF8EIDH        equ	3434	;# 
   565   000D6B                     RXF8EIDL        equ	3435	;# 
   566   000D70                     RXF9SIDH        equ	3440	;# 
   567   000D71                     RXF9SIDL        equ	3441	;# 
   568   000D72                     RXF9EIDH        equ	3442	;# 
   569   000D73                     RXF9EIDL        equ	3443	;# 
   570   000D74                     RXF10SIDH       equ	3444	;# 
   571   000D75                     RXF10SIDL       equ	3445	;# 
   572   000D76                     RXF10EIDH       equ	3446	;# 
   573   000D77                     RXF10EIDL       equ	3447	;# 
   574   000D78                     RXF11SIDH       equ	3448	;# 
   575   000D79                     RXF11SIDL       equ	3449	;# 
   576   000D7A                     RXF11EIDH       equ	3450	;# 
   577   000D7B                     RXF11EIDL       equ	3451	;# 
   578   000D80                     RXF12SIDH       equ	3456	;# 
   579   000D81                     RXF12SIDL       equ	3457	;# 
   580   000D82                     RXF12EIDH       equ	3458	;# 
   581   000D83                     RXF12EIDL       equ	3459	;# 
   582   000D84                     RXF13SIDH       equ	3460	;# 
   583   000D85                     RXF13SIDL       equ	3461	;# 
   584   000D86                     RXF13EIDH       equ	3462	;# 
   585   000D87                     RXF13EIDL       equ	3463	;# 
   586   000D88                     RXF14SIDH       equ	3464	;# 
   587   000D89                     RXF14SIDL       equ	3465	;# 
   588   000D8A                     RXF14EIDH       equ	3466	;# 
   589   000D8B                     RXF14EIDL       equ	3467	;# 
   590   000D90                     RXF15SIDH       equ	3472	;# 
   591   000D91                     RXF15SIDL       equ	3473	;# 
   592   000D92                     RXF15EIDH       equ	3474	;# 
   593   000D93                     RXF15EIDL       equ	3475	;# 
   594   000DD4                     RXFCON0         equ	3540	;# 
   595   000DD5                     RXFCON1         equ	3541	;# 
   596   000DD8                     SDFLC           equ	3544	;# 
   597   000DE0                     RXFBCON0        equ	3552	;# 
   598   000DE1                     RXFBCON1        equ	3553	;# 
   599   000DE2                     RXFBCON2        equ	3554	;# 
   600   000DE3                     RXFBCON3        equ	3555	;# 
   601   000DE4                     RXFBCON4        equ	3556	;# 
   602   000DE5                     RXFBCON5        equ	3557	;# 
   603   000DE6                     RXFBCON6        equ	3558	;# 
   604   000DE7                     RXFBCON7        equ	3559	;# 
   605   000DF0                     MSEL0           equ	3568	;# 
   606   000DF1                     MSEL1           equ	3569	;# 
   607   000DF2                     MSEL2           equ	3570	;# 
   608   000DF3                     MSEL3           equ	3571	;# 
   609   000DF8                     BSEL0           equ	3576	;# 
   610   000DFA                     BIE0            equ	3578	;# 
   611   000DFC                     TXBIE           equ	3580	;# 
   612   000E20                     B0CON           equ	3616	;# 
   613   000E21                     B0SIDH          equ	3617	;# 
   614   000E22                     B0SIDL          equ	3618	;# 
   615   000E23                     B0EIDH          equ	3619	;# 
   616   000E24                     B0EIDL          equ	3620	;# 
   617   000E25                     B0DLC           equ	3621	;# 
   618   000E26                     B0D0            equ	3622	;# 
   619   000E27                     B0D1            equ	3623	;# 
   620   000E28                     B0D2            equ	3624	;# 
   621   000E29                     B0D3            equ	3625	;# 
   622   000E2A                     B0D4            equ	3626	;# 
   623   000E2B                     B0D5            equ	3627	;# 
   624   000E2C                     B0D6            equ	3628	;# 
   625   000E2D                     B0D7            equ	3629	;# 
   626   000E2E                     CANSTAT_RO9     equ	3630	;# 
   627   000E2F                     CANCON_RO9      equ	3631	;# 
   628   000E30                     B1CON           equ	3632	;# 
   629   000E31                     B1SIDH          equ	3633	;# 
   630   000E32                     B1SIDL          equ	3634	;# 
   631   000E33                     B1EIDH          equ	3635	;# 
   632   000E34                     B1EIDL          equ	3636	;# 
   633   000E35                     B1DLC           equ	3637	;# 
   634   000E36                     B1D0            equ	3638	;# 
   635   000E37                     B1D1            equ	3639	;# 
   636   000E38                     B1D2            equ	3640	;# 
   637   000E39                     B1D3            equ	3641	;# 
   638   000E3A                     B1D4            equ	3642	;# 
   639   000E3B                     B1D5            equ	3643	;# 
   640   000E3C                     B1D6            equ	3644	;# 
   641   000E3D                     B1D7            equ	3645	;# 
   642   000E3E                     CANSTAT_RO8     equ	3646	;# 
   643   000E3F                     CANCON_RO8      equ	3647	;# 
   644   000E40                     B2CON           equ	3648	;# 
   645   000E41                     B2SIDH          equ	3649	;# 
   646   000E42                     B2SIDL          equ	3650	;# 
   647   000E43                     B2EIDH          equ	3651	;# 
   648   000E44                     B2EIDL          equ	3652	;# 
   649   000E45                     B2DLC           equ	3653	;# 
   650   000E46                     B2D0            equ	3654	;# 
   651   000E47                     B2D1            equ	3655	;# 
   652   000E48                     B2D2            equ	3656	;# 
   653   000E49                     B2D3            equ	3657	;# 
   654   000E4A                     B2D4            equ	3658	;# 
   655   000E4B                     B2D5            equ	3659	;# 
   656   000E4C                     B2D6            equ	3660	;# 
   657   000E4D                     B2D7            equ	3661	;# 
   658   000E4E                     CANSTAT_RO7     equ	3662	;# 
   659   000E4F                     CANCON_RO7      equ	3663	;# 
   660   000E50                     B3CON           equ	3664	;# 
   661   000E51                     B3SIDH          equ	3665	;# 
   662   000E52                     B3SIDL          equ	3666	;# 
   663   000E53                     B3EIDH          equ	3667	;# 
   664   000E54                     B3EIDL          equ	3668	;# 
   665   000E55                     B3DLC           equ	3669	;# 
   666   000E56                     B3D0            equ	3670	;# 
   667   000E57                     B3D1            equ	3671	;# 
   668   000E58                     B3D2            equ	3672	;# 
   669   000E59                     B3D3            equ	3673	;# 
   670   000E5A                     B3D4            equ	3674	;# 
   671   000E5B                     B3D5            equ	3675	;# 
   672   000E5C                     B3D6            equ	3676	;# 
   673   000E5D                     B3D7            equ	3677	;# 
   674   000E5E                     CANSTAT_RO6     equ	3678	;# 
   675   000E5F                     CANCON_RO6      equ	3679	;# 
   676   000E60                     B4CON           equ	3680	;# 
   677   000E61                     B4SIDH          equ	3681	;# 
   678   000E62                     B4SIDL          equ	3682	;# 
   679   000E63                     B4EIDH          equ	3683	;# 
   680   000E64                     B4EIDL          equ	3684	;# 
   681   000E65                     B4DLC           equ	3685	;# 
   682   000E66                     B4D0            equ	3686	;# 
   683   000E67                     B4D1            equ	3687	;# 
   684   000E68                     B4D2            equ	3688	;# 
   685   000E69                     B4D3            equ	3689	;# 
   686   000E6A                     B4D4            equ	3690	;# 
   687   000E6B                     B4D5            equ	3691	;# 
   688   000E6C                     B4D6            equ	3692	;# 
   689   000E6D                     B4D7            equ	3693	;# 
   690   000E6E                     CANSTAT_RO5     equ	3694	;# 
   691   000E6F                     CANCON_RO5      equ	3695	;# 
   692   000E70                     B5CON           equ	3696	;# 
   693   000E71                     B5SIDH          equ	3697	;# 
   694   000E72                     B5SIDL          equ	3698	;# 
   695   000E73                     B5EIDH          equ	3699	;# 
   696   000E74                     B5EIDL          equ	3700	;# 
   697   000E75                     B5DLC           equ	3701	;# 
   698   000E76                     B5D0            equ	3702	;# 
   699   000E77                     B5D1            equ	3703	;# 
   700   000E78                     B5D2            equ	3704	;# 
   701   000E79                     B5D3            equ	3705	;# 
   702   000E7A                     B5D4            equ	3706	;# 
   703   000E7B                     B5D5            equ	3707	;# 
   704   000E7C                     B5D6            equ	3708	;# 
   705   000E7D                     B5D7            equ	3709	;# 
   706   000E7E                     CANSTAT_RO4     equ	3710	;# 
   707   000E7F                     CANCON_RO4      equ	3711	;# 
   708   000F00                     RXF0SIDH        equ	3840	;# 
   709   000F01                     RXF0SIDL        equ	3841	;# 
   710   000F02                     RXF0EIDH        equ	3842	;# 
   711   000F03                     RXF0EIDL        equ	3843	;# 
   712   000F04                     RXF1SIDH        equ	3844	;# 
   713   000F05                     RXF1SIDL        equ	3845	;# 
   714   000F06                     RXF1EIDH        equ	3846	;# 
   715   000F07                     RXF1EIDL        equ	3847	;# 
   716   000F08                     RXF2SIDH        equ	3848	;# 
   717   000F09                     RXF2SIDL        equ	3849	;# 
   718   000F0A                     RXF2EIDH        equ	3850	;# 
   719   000F0B                     RXF2EIDL        equ	3851	;# 
   720   000F0C                     RXF3SIDH        equ	3852	;# 
   721   000F0D                     RXF3SIDL        equ	3853	;# 
   722   000F0E                     RXF3EIDH        equ	3854	;# 
   723   000F0F                     RXF3EIDL        equ	3855	;# 
   724   000F10                     RXF4SIDH        equ	3856	;# 
   725   000F11                     RXF4SIDL        equ	3857	;# 
   726   000F12                     RXF4EIDH        equ	3858	;# 
   727   000F13                     RXF4EIDL        equ	3859	;# 
   728   000F14                     RXF5SIDH        equ	3860	;# 
   729   000F15                     RXF5SIDL        equ	3861	;# 
   730   000F16                     RXF5EIDH        equ	3862	;# 
   731   000F17                     RXF5EIDL        equ	3863	;# 
   732   000F18                     RXM0SIDH        equ	3864	;# 
   733   000F19                     RXM0SIDL        equ	3865	;# 
   734   000F1A                     RXM0EIDH        equ	3866	;# 
   735   000F1B                     RXM0EIDL        equ	3867	;# 
   736   000F1C                     RXM1SIDH        equ	3868	;# 
   737   000F1D                     RXM1SIDL        equ	3869	;# 
   738   000F1E                     RXM1EIDH        equ	3870	;# 
   739   000F1F                     RXM1EIDL        equ	3871	;# 
   740   000F20                     TXB2CON         equ	3872	;# 
   741   000F21                     TXB2SIDH        equ	3873	;# 
   742   000F22                     TXB2SIDL        equ	3874	;# 
   743   000F23                     TXB2EIDH        equ	3875	;# 
   744   000F24                     TXB2EIDL        equ	3876	;# 
   745   000F25                     TXB2DLC         equ	3877	;# 
   746   000F26                     TXB2D0          equ	3878	;# 
   747   000F27                     TXB2D1          equ	3879	;# 
   748   000F28                     TXB2D2          equ	3880	;# 
   749   000F29                     TXB2D3          equ	3881	;# 
   750   000F2A                     TXB2D4          equ	3882	;# 
   751   000F2B                     TXB2D5          equ	3883	;# 
   752   000F2C                     TXB2D6          equ	3884	;# 
   753   000F2D                     TXB2D7          equ	3885	;# 
   754   000F2E                     CANSTAT_RO3     equ	3886	;# 
   755   000F2F                     CANCON_RO3      equ	3887	;# 
   756   000F30                     TXB1CON         equ	3888	;# 
   757   000F31                     TXB1SIDH        equ	3889	;# 
   758   000F32                     TXB1SIDL        equ	3890	;# 
   759   000F33                     TXB1EIDH        equ	3891	;# 
   760   000F34                     TXB1EIDL        equ	3892	;# 
   761   000F35                     TXB1DLC         equ	3893	;# 
   762   000F36                     TXB1D0          equ	3894	;# 
   763   000F37                     TXB1D1          equ	3895	;# 
   764   000F38                     TXB1D2          equ	3896	;# 
   765   000F39                     TXB1D3          equ	3897	;# 
   766   000F3A                     TXB1D4          equ	3898	;# 
   767   000F3B                     TXB1D5          equ	3899	;# 
   768   000F3C                     TXB1D6          equ	3900	;# 
   769   000F3D                     TXB1D7          equ	3901	;# 
   770   000F3E                     CANSTAT_RO2     equ	3902	;# 
   771   000F3F                     CANCON_RO2      equ	3903	;# 
   772   000F40                     TXB0CON         equ	3904	;# 
   773   000F41                     TXB0SIDH        equ	3905	;# 
   774   000F42                     TXB0SIDL        equ	3906	;# 
   775   000F43                     TXB0EIDH        equ	3907	;# 
   776   000F44                     TXB0EIDL        equ	3908	;# 
   777   000F45                     TXB0DLC         equ	3909	;# 
   778   000F46                     TXB0D0          equ	3910	;# 
   779   000F47                     TXB0D1          equ	3911	;# 
   780   000F48                     TXB0D2          equ	3912	;# 
   781   000F49                     TXB0D3          equ	3913	;# 
   782   000F4A                     TXB0D4          equ	3914	;# 
   783   000F4B                     TXB0D5          equ	3915	;# 
   784   000F4C                     TXB0D6          equ	3916	;# 
   785   000F4D                     TXB0D7          equ	3917	;# 
   786   000F4E                     CANSTAT_RO1     equ	3918	;# 
   787   000F4F                     CANCON_RO1      equ	3919	;# 
   788   000F50                     RXB1CON         equ	3920	;# 
   789   000F51                     RXB1SIDH        equ	3921	;# 
   790   000F52                     RXB1SIDL        equ	3922	;# 
   791   000F53                     RXB1EIDH        equ	3923	;# 
   792   000F54                     RXB1EIDL        equ	3924	;# 
   793   000F55                     RXB1DLC         equ	3925	;# 
   794   000F56                     RXB1D0          equ	3926	;# 
   795   000F57                     RXB1D1          equ	3927	;# 
   796   000F58                     RXB1D2          equ	3928	;# 
   797   000F59                     RXB1D3          equ	3929	;# 
   798   000F5A                     RXB1D4          equ	3930	;# 
   799   000F5B                     RXB1D5          equ	3931	;# 
   800   000F5C                     RXB1D6          equ	3932	;# 
   801   000F5D                     RXB1D7          equ	3933	;# 
   802   000F5E                     CANSTAT_RO0     equ	3934	;# 
   803   000F5F                     CANCON_RO0      equ	3935	;# 
   804   000F60                     RXB0CON         equ	3936	;# 
   805   000F61                     RXB0SIDH        equ	3937	;# 
   806   000F62                     RXB0SIDL        equ	3938	;# 
   807   000F63                     RXB0EIDH        equ	3939	;# 
   808   000F64                     RXB0EIDL        equ	3940	;# 
   809   000F65                     RXB0DLC         equ	3941	;# 
   810   000F66                     RXB0D0          equ	3942	;# 
   811   000F67                     RXB0D1          equ	3943	;# 
   812   000F68                     RXB0D2          equ	3944	;# 
   813   000F69                     RXB0D3          equ	3945	;# 
   814   000F6A                     RXB0D4          equ	3946	;# 
   815   000F6B                     RXB0D5          equ	3947	;# 
   816   000F6C                     RXB0D6          equ	3948	;# 
   817   000F6D                     RXB0D7          equ	3949	;# 
   818   000F6E                     CANSTAT         equ	3950	;# 
   819   000F6F                     CANCON          equ	3951	;# 
   820   000F70                     BRGCON1         equ	3952	;# 
   821   000F71                     BRGCON2         equ	3953	;# 
   822   000F72                     BRGCON3         equ	3954	;# 
   823   000F73                     CIOCON          equ	3955	;# 
   824   000F74                     COMSTAT         equ	3956	;# 
   825   000F75                     RXERRCNT        equ	3957	;# 
   826   000F76                     TXERRCNT        equ	3958	;# 
   827   000F77                     ECANCON         equ	3959	;# 
   828   000F80                     PORTA           equ	3968	;# 
   829   000F81                     PORTB           equ	3969	;# 
   830   000F82                     PORTC           equ	3970	;# 
   831   000F83                     PORTD           equ	3971	;# 
   832   000F84                     PORTE           equ	3972	;# 
   833   000F89                     LATA            equ	3977	;# 
   834   000F8A                     LATB            equ	3978	;# 
   835   000F8B                     LATC            equ	3979	;# 
   836   000F8C                     LATD            equ	3980	;# 
   837   000F8D                     LATE            equ	3981	;# 
   838   000F92                     TRISA           equ	3986	;# 
   839   000F92                     DDRA            equ	3986	;# 
   840   000F93                     TRISB           equ	3987	;# 
   841   000F93                     DDRB            equ	3987	;# 
   842   000F94                     TRISC           equ	3988	;# 
   843   000F94                     DDRC            equ	3988	;# 
   844   000F95                     TRISD           equ	3989	;# 
   845   000F95                     DDRD            equ	3989	;# 
   846   000F96                     TRISE           equ	3990	;# 
   847   000F96                     DDRE            equ	3990	;# 
   848   000F9B                     OSCTUNE         equ	3995	;# 
   849   000F9D                     PIE1            equ	3997	;# 
   850   000F9E                     PIR1            equ	3998	;# 
   851   000F9F                     IPR1            equ	3999	;# 
   852   000FA0                     PIE2            equ	4000	;# 
   853   000FA1                     PIR2            equ	4001	;# 
   854   000FA2                     IPR2            equ	4002	;# 
   855   000FA3                     PIE3            equ	4003	;# 
   856   000FA4                     PIR3            equ	4004	;# 
   857   000FA5                     IPR3            equ	4005	;# 
   858   000FA6                     EECON1          equ	4006	;# 
   859   000FA7                     EECON2          equ	4007	;# 
   860   000FA8                     EEDATA          equ	4008	;# 
   861   000FA9                     EEADR           equ	4009	;# 
   862   000FAB                     RCSTA           equ	4011	;# 
   863   000FAB                     RCSTA1          equ	4011	;# 
   864   000FAC                     TXSTA           equ	4012	;# 
   865   000FAC                     TXSTA1          equ	4012	;# 
   866   000FAD                     TXREG           equ	4013	;# 
   867   000FAD                     TXREG1          equ	4013	;# 
   868   000FAE                     RCREG           equ	4014	;# 
   869   000FAE                     RCREG1          equ	4014	;# 
   870   000FAF                     SPBRG           equ	4015	;# 
   871   000FAF                     SPBRG1          equ	4015	;# 
   872   000FB0                     SPBRGH          equ	4016	;# 
   873   000FB1                     T3CON           equ	4017	;# 
   874   000FB2                     TMR3            equ	4018	;# 
   875   000FB2                     TMR3L           equ	4018	;# 
   876   000FB3                     TMR3H           equ	4019	;# 
   877   000FB4                     CMCON           equ	4020	;# 
   878   000FB5                     CVRCON          equ	4021	;# 
   879   000FB6                     ECCP1AS         equ	4022	;# 
   880   000FB7                     ECCP1DEL        equ	4023	;# 
   881   000FB8                     BAUDCON         equ	4024	;# 
   882   000FB8                     BAUDCTL         equ	4024	;# 
   883   000FBA                     ECCP1CON        equ	4026	;# 
   884   000FBB                     ECCPR1          equ	4027	;# 
   885   000FBB                     ECCPR1L         equ	4027	;# 
   886   000FBC                     ECCPR1H         equ	4028	;# 
   887   000FBD                     CCP1CON         equ	4029	;# 
   888   000FBE                     CCPR1           equ	4030	;# 
   889   000FBE                     CCPR1L          equ	4030	;# 
   890   000FBF                     CCPR1H          equ	4031	;# 
   891   000FC0                     ADCON2          equ	4032	;# 
   892   000FC1                     ADCON1          equ	4033	;# 
   893   000FC2                     ADCON0          equ	4034	;# 
   894   000FC3                     ADRES           equ	4035	;# 
   895   000FC3                     ADRESL          equ	4035	;# 
   896   000FC4                     ADRESH          equ	4036	;# 
   897   000FC5                     SSPCON2         equ	4037	;# 
   898   000FC6                     SSPCON1         equ	4038	;# 
   899   000FC7                     SSPSTAT         equ	4039	;# 
   900   000FC8                     SSPADD          equ	4040	;# 
   901   000FC9                     SSPBUF          equ	4041	;# 
   902   000FCA                     T2CON           equ	4042	;# 
   903   000FCB                     PR2             equ	4043	;# 
   904   000FCB                     MEMCON          equ	4043	;# 
   905   000FCC                     TMR2            equ	4044	;# 
   906   000FCD                     T1CON           equ	4045	;# 
   907   000FCE                     TMR1            equ	4046	;# 
   908   000FCE                     TMR1L           equ	4046	;# 
   909   000FCF                     TMR1H           equ	4047	;# 
   910   000FD0                     RCON            equ	4048	;# 
   911   000FD1                     WDTCON          equ	4049	;# 
   912   000FD2                     HLVDCON         equ	4050	;# 
   913   000FD2                     LVDCON          equ	4050	;# 
   914   000FD3                     OSCCON          equ	4051	;# 
   915   000FD5                     T0CON           equ	4053	;# 
   916   000FD6                     TMR0            equ	4054	;# 
   917   000FD6                     TMR0L           equ	4054	;# 
   918   000FD7                     TMR0H           equ	4055	;# 
   919   000FD8                     STATUS          equ	4056	;# 
   920   000FD9                     FSR2            equ	4057	;# 
   921   000FD9                     FSR2L           equ	4057	;# 
   922   000FDA                     FSR2H           equ	4058	;# 
   923   000FDB                     PLUSW2          equ	4059	;# 
   924   000FDC                     PREINC2         equ	4060	;# 
   925   000FDD                     POSTDEC2        equ	4061	;# 
   926   000FDE                     POSTINC2        equ	4062	;# 
   927   000FDF                     INDF2           equ	4063	;# 
   928   000FE0                     BSR             equ	4064	;# 
   929   000FE1                     FSR1            equ	4065	;# 
   930   000FE1                     FSR1L           equ	4065	;# 
   931   000FE2                     FSR1H           equ	4066	;# 
   932   000FE3                     PLUSW1          equ	4067	;# 
   933   000FE4                     PREINC1         equ	4068	;# 
   934   000FE5                     POSTDEC1        equ	4069	;# 
   935   000FE6                     POSTINC1        equ	4070	;# 
   936   000FE7                     INDF1           equ	4071	;# 
   937   000FE8                     WREG            equ	4072	;# 
   938   000FE9                     FSR0            equ	4073	;# 
   939   000FE9                     FSR0L           equ	4073	;# 
   940   000FEA                     FSR0H           equ	4074	;# 
   941   000FEB                     PLUSW0          equ	4075	;# 
   942   000FEC                     PREINC0         equ	4076	;# 
   943   000FED                     POSTDEC0        equ	4077	;# 
   944   000FEE                     POSTINC0        equ	4078	;# 
   945   000FEF                     INDF0           equ	4079	;# 
   946   000FF0                     INTCON3         equ	4080	;# 
   947   000FF1                     INTCON2         equ	4081	;# 
   948   000FF2                     INTCON          equ	4082	;# 
   949   000FF3                     PROD            equ	4083	;# 
   950   000FF3                     PRODL           equ	4083	;# 
   951   000FF4                     PRODH           equ	4084	;# 
   952   000FF5                     TABLAT          equ	4085	;# 
   953   000FF6                     TBLPTR          equ	4086	;# 
   954   000FF6                     TBLPTRL         equ	4086	;# 
   955   000FF7                     TBLPTRH         equ	4087	;# 
   956   000FF8                     TBLPTRU         equ	4088	;# 
   957   000FF9                     PCLAT           equ	4089	;# 
   958   000FF9                     PC              equ	4089	;# 
   959   000FF9                     PCL             equ	4089	;# 
   960   000FFA                     PCLATH          equ	4090	;# 
   961   000FFB                     PCLATU          equ	4091	;# 
   962   000FFC                     STKPTR          equ	4092	;# 
   963   000FFD                     TOS             equ	4093	;# 
   964   000FFD                     TOSL            equ	4093	;# 
   965   000FFE                     TOSH            equ	4094	;# 
   966   000FFF                     TOSU            equ	4095	;# 
   967   000D60                     RXF6SIDH        equ	3424	;# 
   968   000D61                     RXF6SIDL        equ	3425	;# 
   969   000D62                     RXF6EIDH        equ	3426	;# 
   970   000D63                     RXF6EIDL        equ	3427	;# 
   971   000D64                     RXF7SIDH        equ	3428	;# 
   972   000D65                     RXF7SIDL        equ	3429	;# 
   973   000D66                     RXF7EIDH        equ	3430	;# 
   974   000D67                     RXF7EIDL        equ	3431	;# 
   975   000D68                     RXF8SIDH        equ	3432	;# 
   976   000D69                     RXF8SIDL        equ	3433	;# 
   977   000D6A                     RXF8EIDH        equ	3434	;# 
   978   000D6B                     RXF8EIDL        equ	3435	;# 
   979   000D70                     RXF9SIDH        equ	3440	;# 
   980   000D71                     RXF9SIDL        equ	3441	;# 
   981   000D72                     RXF9EIDH        equ	3442	;# 
   982   000D73                     RXF9EIDL        equ	3443	;# 
   983   000D74                     RXF10SIDH       equ	3444	;# 
   984   000D75                     RXF10SIDL       equ	3445	;# 
   985   000D76                     RXF10EIDH       equ	3446	;# 
   986   000D77                     RXF10EIDL       equ	3447	;# 
   987   000D78                     RXF11SIDH       equ	3448	;# 
   988   000D79                     RXF11SIDL       equ	3449	;# 
   989   000D7A                     RXF11EIDH       equ	3450	;# 
   990   000D7B                     RXF11EIDL       equ	3451	;# 
   991   000D80                     RXF12SIDH       equ	3456	;# 
   992   000D81                     RXF12SIDL       equ	3457	;# 
   993   000D82                     RXF12EIDH       equ	3458	;# 
   994   000D83                     RXF12EIDL       equ	3459	;# 
   995   000D84                     RXF13SIDH       equ	3460	;# 
   996   000D85                     RXF13SIDL       equ	3461	;# 
   997   000D86                     RXF13EIDH       equ	3462	;# 
   998   000D87                     RXF13EIDL       equ	3463	;# 
   999   000D88                     RXF14SIDH       equ	3464	;# 
  1000   000D89                     RXF14SIDL       equ	3465	;# 
  1001   000D8A                     RXF14EIDH       equ	3466	;# 
  1002   000D8B                     RXF14EIDL       equ	3467	;# 
  1003   000D90                     RXF15SIDH       equ	3472	;# 
  1004   000D91                     RXF15SIDL       equ	3473	;# 
  1005   000D92                     RXF15EIDH       equ	3474	;# 
  1006   000D93                     RXF15EIDL       equ	3475	;# 
  1007   000DD4                     RXFCON0         equ	3540	;# 
  1008   000DD5                     RXFCON1         equ	3541	;# 
  1009   000DD8                     SDFLC           equ	3544	;# 
  1010   000DE0                     RXFBCON0        equ	3552	;# 
  1011   000DE1                     RXFBCON1        equ	3553	;# 
  1012   000DE2                     RXFBCON2        equ	3554	;# 
  1013   000DE3                     RXFBCON3        equ	3555	;# 
  1014   000DE4                     RXFBCON4        equ	3556	;# 
  1015   000DE5                     RXFBCON5        equ	3557	;# 
  1016   000DE6                     RXFBCON6        equ	3558	;# 
  1017   000DE7                     RXFBCON7        equ	3559	;# 
  1018   000DF0                     MSEL0           equ	3568	;# 
  1019   000DF1                     MSEL1           equ	3569	;# 
  1020   000DF2                     MSEL2           equ	3570	;# 
  1021   000DF3                     MSEL3           equ	3571	;# 
  1022   000DF8                     BSEL0           equ	3576	;# 
  1023   000DFA                     BIE0            equ	3578	;# 
  1024   000DFC                     TXBIE           equ	3580	;# 
  1025   000E20                     B0CON           equ	3616	;# 
  1026   000E21                     B0SIDH          equ	3617	;# 
  1027   000E22                     B0SIDL          equ	3618	;# 
  1028   000E23                     B0EIDH          equ	3619	;# 
  1029   000E24                     B0EIDL          equ	3620	;# 
  1030   000E25                     B0DLC           equ	3621	;# 
  1031   000E26                     B0D0            equ	3622	;# 
  1032   000E27                     B0D1            equ	3623	;# 
  1033   000E28                     B0D2            equ	3624	;# 
  1034   000E29                     B0D3            equ	3625	;# 
  1035   000E2A                     B0D4            equ	3626	;# 
  1036   000E2B                     B0D5            equ	3627	;# 
  1037   000E2C                     B0D6            equ	3628	;# 
  1038   000E2D                     B0D7            equ	3629	;# 
  1039   000E2E                     CANSTAT_RO9     equ	3630	;# 
  1040   000E2F                     CANCON_RO9      equ	3631	;# 
  1041   000E30                     B1CON           equ	3632	;# 
  1042   000E31                     B1SIDH          equ	3633	;# 
  1043   000E32                     B1SIDL          equ	3634	;# 
  1044   000E33                     B1EIDH          equ	3635	;# 
  1045   000E34                     B1EIDL          equ	3636	;# 
  1046   000E35                     B1DLC           equ	3637	;# 
  1047   000E36                     B1D0            equ	3638	;# 
  1048   000E37                     B1D1            equ	3639	;# 
  1049   000E38                     B1D2            equ	3640	;# 
  1050   000E39                     B1D3            equ	3641	;# 
  1051   000E3A                     B1D4            equ	3642	;# 
  1052   000E3B                     B1D5            equ	3643	;# 
  1053   000E3C                     B1D6            equ	3644	;# 
  1054   000E3D                     B1D7            equ	3645	;# 
  1055   000E3E                     CANSTAT_RO8     equ	3646	;# 
  1056   000E3F                     CANCON_RO8      equ	3647	;# 
  1057   000E40                     B2CON           equ	3648	;# 
  1058   000E41                     B2SIDH          equ	3649	;# 
  1059   000E42                     B2SIDL          equ	3650	;# 
  1060   000E43                     B2EIDH          equ	3651	;# 
  1061   000E44                     B2EIDL          equ	3652	;# 
  1062   000E45                     B2DLC           equ	3653	;# 
  1063   000E46                     B2D0            equ	3654	;# 
  1064   000E47                     B2D1            equ	3655	;# 
  1065   000E48                     B2D2            equ	3656	;# 
  1066   000E49                     B2D3            equ	3657	;# 
  1067   000E4A                     B2D4            equ	3658	;# 
  1068   000E4B                     B2D5            equ	3659	;# 
  1069   000E4C                     B2D6            equ	3660	;# 
  1070   000E4D                     B2D7            equ	3661	;# 
  1071   000E4E                     CANSTAT_RO7     equ	3662	;# 
  1072   000E4F                     CANCON_RO7      equ	3663	;# 
  1073   000E50                     B3CON           equ	3664	;# 
  1074   000E51                     B3SIDH          equ	3665	;# 
  1075   000E52                     B3SIDL          equ	3666	;# 
  1076   000E53                     B3EIDH          equ	3667	;# 
  1077   000E54                     B3EIDL          equ	3668	;# 
  1078   000E55                     B3DLC           equ	3669	;# 
  1079   000E56                     B3D0            equ	3670	;# 
  1080   000E57                     B3D1            equ	3671	;# 
  1081   000E58                     B3D2            equ	3672	;# 
  1082   000E59                     B3D3            equ	3673	;# 
  1083   000E5A                     B3D4            equ	3674	;# 
  1084   000E5B                     B3D5            equ	3675	;# 
  1085   000E5C                     B3D6            equ	3676	;# 
  1086   000E5D                     B3D7            equ	3677	;# 
  1087   000E5E                     CANSTAT_RO6     equ	3678	;# 
  1088   000E5F                     CANCON_RO6      equ	3679	;# 
  1089   000E60                     B4CON           equ	3680	;# 
  1090   000E61                     B4SIDH          equ	3681	;# 
  1091   000E62                     B4SIDL          equ	3682	;# 
  1092   000E63                     B4EIDH          equ	3683	;# 
  1093   000E64                     B4EIDL          equ	3684	;# 
  1094   000E65                     B4DLC           equ	3685	;# 
  1095   000E66                     B4D0            equ	3686	;# 
  1096   000E67                     B4D1            equ	3687	;# 
  1097   000E68                     B4D2            equ	3688	;# 
  1098   000E69                     B4D3            equ	3689	;# 
  1099   000E6A                     B4D4            equ	3690	;# 
  1100   000E6B                     B4D5            equ	3691	;# 
  1101   000E6C                     B4D6            equ	3692	;# 
  1102   000E6D                     B4D7            equ	3693	;# 
  1103   000E6E                     CANSTAT_RO5     equ	3694	;# 
  1104   000E6F                     CANCON_RO5      equ	3695	;# 
  1105   000E70                     B5CON           equ	3696	;# 
  1106   000E71                     B5SIDH          equ	3697	;# 
  1107   000E72                     B5SIDL          equ	3698	;# 
  1108   000E73                     B5EIDH          equ	3699	;# 
  1109   000E74                     B5EIDL          equ	3700	;# 
  1110   000E75                     B5DLC           equ	3701	;# 
  1111   000E76                     B5D0            equ	3702	;# 
  1112   000E77                     B5D1            equ	3703	;# 
  1113   000E78                     B5D2            equ	3704	;# 
  1114   000E79                     B5D3            equ	3705	;# 
  1115   000E7A                     B5D4            equ	3706	;# 
  1116   000E7B                     B5D5            equ	3707	;# 
  1117   000E7C                     B5D6            equ	3708	;# 
  1118   000E7D                     B5D7            equ	3709	;# 
  1119   000E7E                     CANSTAT_RO4     equ	3710	;# 
  1120   000E7F                     CANCON_RO4      equ	3711	;# 
  1121   000F00                     RXF0SIDH        equ	3840	;# 
  1122   000F01                     RXF0SIDL        equ	3841	;# 
  1123   000F02                     RXF0EIDH        equ	3842	;# 
  1124   000F03                     RXF0EIDL        equ	3843	;# 
  1125   000F04                     RXF1SIDH        equ	3844	;# 
  1126   000F05                     RXF1SIDL        equ	3845	;# 
  1127   000F06                     RXF1EIDH        equ	3846	;# 
  1128   000F07                     RXF1EIDL        equ	3847	;# 
  1129   000F08                     RXF2SIDH        equ	3848	;# 
  1130   000F09                     RXF2SIDL        equ	3849	;# 
  1131   000F0A                     RXF2EIDH        equ	3850	;# 
  1132   000F0B                     RXF2EIDL        equ	3851	;# 
  1133   000F0C                     RXF3SIDH        equ	3852	;# 
  1134   000F0D                     RXF3SIDL        equ	3853	;# 
  1135   000F0E                     RXF3EIDH        equ	3854	;# 
  1136   000F0F                     RXF3EIDL        equ	3855	;# 
  1137   000F10                     RXF4SIDH        equ	3856	;# 
  1138   000F11                     RXF4SIDL        equ	3857	;# 
  1139   000F12                     RXF4EIDH        equ	3858	;# 
  1140   000F13                     RXF4EIDL        equ	3859	;# 
  1141   000F14                     RXF5SIDH        equ	3860	;# 
  1142   000F15                     RXF5SIDL        equ	3861	;# 
  1143   000F16                     RXF5EIDH        equ	3862	;# 
  1144   000F17                     RXF5EIDL        equ	3863	;# 
  1145   000F18                     RXM0SIDH        equ	3864	;# 
  1146   000F19                     RXM0SIDL        equ	3865	;# 
  1147   000F1A                     RXM0EIDH        equ	3866	;# 
  1148   000F1B                     RXM0EIDL        equ	3867	;# 
  1149   000F1C                     RXM1SIDH        equ	3868	;# 
  1150   000F1D                     RXM1SIDL        equ	3869	;# 
  1151   000F1E                     RXM1EIDH        equ	3870	;# 
  1152   000F1F                     RXM1EIDL        equ	3871	;# 
  1153   000F20                     TXB2CON         equ	3872	;# 
  1154   000F21                     TXB2SIDH        equ	3873	;# 
  1155   000F22                     TXB2SIDL        equ	3874	;# 
  1156   000F23                     TXB2EIDH        equ	3875	;# 
  1157   000F24                     TXB2EIDL        equ	3876	;# 
  1158   000F25                     TXB2DLC         equ	3877	;# 
  1159   000F26                     TXB2D0          equ	3878	;# 
  1160   000F27                     TXB2D1          equ	3879	;# 
  1161   000F28                     TXB2D2          equ	3880	;# 
  1162   000F29                     TXB2D3          equ	3881	;# 
  1163   000F2A                     TXB2D4          equ	3882	;# 
  1164   000F2B                     TXB2D5          equ	3883	;# 
  1165   000F2C                     TXB2D6          equ	3884	;# 
  1166   000F2D                     TXB2D7          equ	3885	;# 
  1167   000F2E                     CANSTAT_RO3     equ	3886	;# 
  1168   000F2F                     CANCON_RO3      equ	3887	;# 
  1169   000F30                     TXB1CON         equ	3888	;# 
  1170   000F31                     TXB1SIDH        equ	3889	;# 
  1171   000F32                     TXB1SIDL        equ	3890	;# 
  1172   000F33                     TXB1EIDH        equ	3891	;# 
  1173   000F34                     TXB1EIDL        equ	3892	;# 
  1174   000F35                     TXB1DLC         equ	3893	;# 
  1175   000F36                     TXB1D0          equ	3894	;# 
  1176   000F37                     TXB1D1          equ	3895	;# 
  1177   000F38                     TXB1D2          equ	3896	;# 
  1178   000F39                     TXB1D3          equ	3897	;# 
  1179   000F3A                     TXB1D4          equ	3898	;# 
  1180   000F3B                     TXB1D5          equ	3899	;# 
  1181   000F3C                     TXB1D6          equ	3900	;# 
  1182   000F3D                     TXB1D7          equ	3901	;# 
  1183   000F3E                     CANSTAT_RO2     equ	3902	;# 
  1184   000F3F                     CANCON_RO2      equ	3903	;# 
  1185   000F40                     TXB0CON         equ	3904	;# 
  1186   000F41                     TXB0SIDH        equ	3905	;# 
  1187   000F42                     TXB0SIDL        equ	3906	;# 
  1188   000F43                     TXB0EIDH        equ	3907	;# 
  1189   000F44                     TXB0EIDL        equ	3908	;# 
  1190   000F45                     TXB0DLC         equ	3909	;# 
  1191   000F46                     TXB0D0          equ	3910	;# 
  1192   000F47                     TXB0D1          equ	3911	;# 
  1193   000F48                     TXB0D2          equ	3912	;# 
  1194   000F49                     TXB0D3          equ	3913	;# 
  1195   000F4A                     TXB0D4          equ	3914	;# 
  1196   000F4B                     TXB0D5          equ	3915	;# 
  1197   000F4C                     TXB0D6          equ	3916	;# 
  1198   000F4D                     TXB0D7          equ	3917	;# 
  1199   000F4E                     CANSTAT_RO1     equ	3918	;# 
  1200   000F4F                     CANCON_RO1      equ	3919	;# 
  1201   000F50                     RXB1CON         equ	3920	;# 
  1202   000F51                     RXB1SIDH        equ	3921	;# 
  1203   000F52                     RXB1SIDL        equ	3922	;# 
  1204   000F53                     RXB1EIDH        equ	3923	;# 
  1205   000F54                     RXB1EIDL        equ	3924	;# 
  1206   000F55                     RXB1DLC         equ	3925	;# 
  1207   000F56                     RXB1D0          equ	3926	;# 
  1208   000F57                     RXB1D1          equ	3927	;# 
  1209   000F58                     RXB1D2          equ	3928	;# 
  1210   000F59                     RXB1D3          equ	3929	;# 
  1211   000F5A                     RXB1D4          equ	3930	;# 
  1212   000F5B                     RXB1D5          equ	3931	;# 
  1213   000F5C                     RXB1D6          equ	3932	;# 
  1214   000F5D                     RXB1D7          equ	3933	;# 
  1215   000F5E                     CANSTAT_RO0     equ	3934	;# 
  1216   000F5F                     CANCON_RO0      equ	3935	;# 
  1217   000F60                     RXB0CON         equ	3936	;# 
  1218   000F61                     RXB0SIDH        equ	3937	;# 
  1219   000F62                     RXB0SIDL        equ	3938	;# 
  1220   000F63                     RXB0EIDH        equ	3939	;# 
  1221   000F64                     RXB0EIDL        equ	3940	;# 
  1222   000F65                     RXB0DLC         equ	3941	;# 
  1223   000F66                     RXB0D0          equ	3942	;# 
  1224   000F67                     RXB0D1          equ	3943	;# 
  1225   000F68                     RXB0D2          equ	3944	;# 
  1226   000F69                     RXB0D3          equ	3945	;# 
  1227   000F6A                     RXB0D4          equ	3946	;# 
  1228   000F6B                     RXB0D5          equ	3947	;# 
  1229   000F6C                     RXB0D6          equ	3948	;# 
  1230   000F6D                     RXB0D7          equ	3949	;# 
  1231   000F6E                     CANSTAT         equ	3950	;# 
  1232   000F6F                     CANCON          equ	3951	;# 
  1233   000F70                     BRGCON1         equ	3952	;# 
  1234   000F71                     BRGCON2         equ	3953	;# 
  1235   000F72                     BRGCON3         equ	3954	;# 
  1236   000F73                     CIOCON          equ	3955	;# 
  1237   000F74                     COMSTAT         equ	3956	;# 
  1238   000F75                     RXERRCNT        equ	3957	;# 
  1239   000F76                     TXERRCNT        equ	3958	;# 
  1240   000F77                     ECANCON         equ	3959	;# 
  1241   000F80                     PORTA           equ	3968	;# 
  1242   000F81                     PORTB           equ	3969	;# 
  1243   000F82                     PORTC           equ	3970	;# 
  1244   000F83                     PORTD           equ	3971	;# 
  1245   000F84                     PORTE           equ	3972	;# 
  1246   000F89                     LATA            equ	3977	;# 
  1247   000F8A                     LATB            equ	3978	;# 
  1248   000F8B                     LATC            equ	3979	;# 
  1249   000F8C                     LATD            equ	3980	;# 
  1250   000F8D                     LATE            equ	3981	;# 
  1251   000F92                     TRISA           equ	3986	;# 
  1252   000F92                     DDRA            equ	3986	;# 
  1253   000F93                     TRISB           equ	3987	;# 
  1254   000F93                     DDRB            equ	3987	;# 
  1255   000F94                     TRISC           equ	3988	;# 
  1256   000F94                     DDRC            equ	3988	;# 
  1257   000F95                     TRISD           equ	3989	;# 
  1258   000F95                     DDRD            equ	3989	;# 
  1259   000F96                     TRISE           equ	3990	;# 
  1260   000F96                     DDRE            equ	3990	;# 
  1261   000F9B                     OSCTUNE         equ	3995	;# 
  1262   000F9D                     PIE1            equ	3997	;# 
  1263   000F9E                     PIR1            equ	3998	;# 
  1264   000F9F                     IPR1            equ	3999	;# 
  1265   000FA0                     PIE2            equ	4000	;# 
  1266   000FA1                     PIR2            equ	4001	;# 
  1267   000FA2                     IPR2            equ	4002	;# 
  1268   000FA3                     PIE3            equ	4003	;# 
  1269   000FA4                     PIR3            equ	4004	;# 
  1270   000FA5                     IPR3            equ	4005	;# 
  1271   000FA6                     EECON1          equ	4006	;# 
  1272   000FA7                     EECON2          equ	4007	;# 
  1273   000FA8                     EEDATA          equ	4008	;# 
  1274   000FA9                     EEADR           equ	4009	;# 
  1275   000FAB                     RCSTA           equ	4011	;# 
  1276   000FAB                     RCSTA1          equ	4011	;# 
  1277   000FAC                     TXSTA           equ	4012	;# 
  1278   000FAC                     TXSTA1          equ	4012	;# 
  1279   000FAD                     TXREG           equ	4013	;# 
  1280   000FAD                     TXREG1          equ	4013	;# 
  1281   000FAE                     RCREG           equ	4014	;# 
  1282   000FAE                     RCREG1          equ	4014	;# 
  1283   000FAF                     SPBRG           equ	4015	;# 
  1284   000FAF                     SPBRG1          equ	4015	;# 
  1285   000FB0                     SPBRGH          equ	4016	;# 
  1286   000FB1                     T3CON           equ	4017	;# 
  1287   000FB2                     TMR3            equ	4018	;# 
  1288   000FB2                     TMR3L           equ	4018	;# 
  1289   000FB3                     TMR3H           equ	4019	;# 
  1290   000FB4                     CMCON           equ	4020	;# 
  1291   000FB5                     CVRCON          equ	4021	;# 
  1292   000FB6                     ECCP1AS         equ	4022	;# 
  1293   000FB7                     ECCP1DEL        equ	4023	;# 
  1294   000FB8                     BAUDCON         equ	4024	;# 
  1295   000FB8                     BAUDCTL         equ	4024	;# 
  1296   000FBA                     ECCP1CON        equ	4026	;# 
  1297   000FBB                     ECCPR1          equ	4027	;# 
  1298   000FBB                     ECCPR1L         equ	4027	;# 
  1299   000FBC                     ECCPR1H         equ	4028	;# 
  1300   000FBD                     CCP1CON         equ	4029	;# 
  1301   000FBE                     CCPR1           equ	4030	;# 
  1302   000FBE                     CCPR1L          equ	4030	;# 
  1303   000FBF                     CCPR1H          equ	4031	;# 
  1304   000FC0                     ADCON2          equ	4032	;# 
  1305   000FC1                     ADCON1          equ	4033	;# 
  1306   000FC2                     ADCON0          equ	4034	;# 
  1307   000FC3                     ADRES           equ	4035	;# 
  1308   000FC3                     ADRESL          equ	4035	;# 
  1309   000FC4                     ADRESH          equ	4036	;# 
  1310   000FC5                     SSPCON2         equ	4037	;# 
  1311   000FC6                     SSPCON1         equ	4038	;# 
  1312   000FC7                     SSPSTAT         equ	4039	;# 
  1313   000FC8                     SSPADD          equ	4040	;# 
  1314   000FC9                     SSPBUF          equ	4041	;# 
  1315   000FCA                     T2CON           equ	4042	;# 
  1316   000FCB                     PR2             equ	4043	;# 
  1317   000FCB                     MEMCON          equ	4043	;# 
  1318   000FCC                     TMR2            equ	4044	;# 
  1319   000FCD                     T1CON           equ	4045	;# 
  1320   000FCE                     TMR1            equ	4046	;# 
  1321   000FCE                     TMR1L           equ	4046	;# 
  1322   000FCF                     TMR1H           equ	4047	;# 
  1323   000FD0                     RCON            equ	4048	;# 
  1324   000FD1                     WDTCON          equ	4049	;# 
  1325   000FD2                     HLVDCON         equ	4050	;# 
  1326   000FD2                     LVDCON          equ	4050	;# 
  1327   000FD3                     OSCCON          equ	4051	;# 
  1328   000FD5                     T0CON           equ	4053	;# 
  1329   000FD6                     TMR0            equ	4054	;# 
  1330   000FD6                     TMR0L           equ	4054	;# 
  1331   000FD7                     TMR0H           equ	4055	;# 
  1332   000FD8                     STATUS          equ	4056	;# 
  1333   000FD9                     FSR2            equ	4057	;# 
  1334   000FD9                     FSR2L           equ	4057	;# 
  1335   000FDA                     FSR2H           equ	4058	;# 
  1336   000FDB                     PLUSW2          equ	4059	;# 
  1337   000FDC                     PREINC2         equ	4060	;# 
  1338   000FDD                     POSTDEC2        equ	4061	;# 
  1339   000FDE                     POSTINC2        equ	4062	;# 
  1340   000FDF                     INDF2           equ	4063	;# 
  1341   000FE0                     BSR             equ	4064	;# 
  1342   000FE1                     FSR1            equ	4065	;# 
  1343   000FE1                     FSR1L           equ	4065	;# 
  1344   000FE2                     FSR1H           equ	4066	;# 
  1345   000FE3                     PLUSW1          equ	4067	;# 
  1346   000FE4                     PREINC1         equ	4068	;# 
  1347   000FE5                     POSTDEC1        equ	4069	;# 
  1348   000FE6                     POSTINC1        equ	4070	;# 
  1349   000FE7                     INDF1           equ	4071	;# 
  1350   000FE8                     WREG            equ	4072	;# 
  1351   000FE9                     FSR0            equ	4073	;# 
  1352   000FE9                     FSR0L           equ	4073	;# 
  1353   000FEA                     FSR0H           equ	4074	;# 
  1354   000FEB                     PLUSW0          equ	4075	;# 
  1355   000FEC                     PREINC0         equ	4076	;# 
  1356   000FED                     POSTDEC0        equ	4077	;# 
  1357   000FEE                     POSTINC0        equ	4078	;# 
  1358   000FEF                     INDF0           equ	4079	;# 
  1359   000FF0                     INTCON3         equ	4080	;# 
  1360   000FF1                     INTCON2         equ	4081	;# 
  1361   000FF2                     INTCON          equ	4082	;# 
  1362   000FF3                     PROD            equ	4083	;# 
  1363   000FF3                     PRODL           equ	4083	;# 
  1364   000FF4                     PRODH           equ	4084	;# 
  1365   000FF5                     TABLAT          equ	4085	;# 
  1366   000FF6                     TBLPTR          equ	4086	;# 
  1367   000FF6                     TBLPTRL         equ	4086	;# 
  1368   000FF7                     TBLPTRH         equ	4087	;# 
  1369   000FF8                     TBLPTRU         equ	4088	;# 
  1370   000FF9                     PCLAT           equ	4089	;# 
  1371   000FF9                     PC              equ	4089	;# 
  1372   000FF9                     PCL             equ	4089	;# 
  1373   000FFA                     PCLATH          equ	4090	;# 
  1374   000FFB                     PCLATU          equ	4091	;# 
  1375   000FFC                     STKPTR          equ	4092	;# 
  1376   000FFD                     TOS             equ	4093	;# 
  1377   000FFD                     TOSL            equ	4093	;# 
  1378   000FFE                     TOSH            equ	4094	;# 
  1379   000FFF                     TOSU            equ	4095	;# 
  1380   000D60                     RXF6SIDH        equ	3424	;# 
  1381   000D61                     RXF6SIDL        equ	3425	;# 
  1382   000D62                     RXF6EIDH        equ	3426	;# 
  1383   000D63                     RXF6EIDL        equ	3427	;# 
  1384   000D64                     RXF7SIDH        equ	3428	;# 
  1385   000D65                     RXF7SIDL        equ	3429	;# 
  1386   000D66                     RXF7EIDH        equ	3430	;# 
  1387   000D67                     RXF7EIDL        equ	3431	;# 
  1388   000D68                     RXF8SIDH        equ	3432	;# 
  1389   000D69                     RXF8SIDL        equ	3433	;# 
  1390   000D6A                     RXF8EIDH        equ	3434	;# 
  1391   000D6B                     RXF8EIDL        equ	3435	;# 
  1392   000D70                     RXF9SIDH        equ	3440	;# 
  1393   000D71                     RXF9SIDL        equ	3441	;# 
  1394   000D72                     RXF9EIDH        equ	3442	;# 
  1395   000D73                     RXF9EIDL        equ	3443	;# 
  1396   000D74                     RXF10SIDH       equ	3444	;# 
  1397   000D75                     RXF10SIDL       equ	3445	;# 
  1398   000D76                     RXF10EIDH       equ	3446	;# 
  1399   000D77                     RXF10EIDL       equ	3447	;# 
  1400   000D78                     RXF11SIDH       equ	3448	;# 
  1401   000D79                     RXF11SIDL       equ	3449	;# 
  1402   000D7A                     RXF11EIDH       equ	3450	;# 
  1403   000D7B                     RXF11EIDL       equ	3451	;# 
  1404   000D80                     RXF12SIDH       equ	3456	;# 
  1405   000D81                     RXF12SIDL       equ	3457	;# 
  1406   000D82                     RXF12EIDH       equ	3458	;# 
  1407   000D83                     RXF12EIDL       equ	3459	;# 
  1408   000D84                     RXF13SIDH       equ	3460	;# 
  1409   000D85                     RXF13SIDL       equ	3461	;# 
  1410   000D86                     RXF13EIDH       equ	3462	;# 
  1411   000D87                     RXF13EIDL       equ	3463	;# 
  1412   000D88                     RXF14SIDH       equ	3464	;# 
  1413   000D89                     RXF14SIDL       equ	3465	;# 
  1414   000D8A                     RXF14EIDH       equ	3466	;# 
  1415   000D8B                     RXF14EIDL       equ	3467	;# 
  1416   000D90                     RXF15SIDH       equ	3472	;# 
  1417   000D91                     RXF15SIDL       equ	3473	;# 
  1418   000D92                     RXF15EIDH       equ	3474	;# 
  1419   000D93                     RXF15EIDL       equ	3475	;# 
  1420   000DD4                     RXFCON0         equ	3540	;# 
  1421   000DD5                     RXFCON1         equ	3541	;# 
  1422   000DD8                     SDFLC           equ	3544	;# 
  1423   000DE0                     RXFBCON0        equ	3552	;# 
  1424   000DE1                     RXFBCON1        equ	3553	;# 
  1425   000DE2                     RXFBCON2        equ	3554	;# 
  1426   000DE3                     RXFBCON3        equ	3555	;# 
  1427   000DE4                     RXFBCON4        equ	3556	;# 
  1428   000DE5                     RXFBCON5        equ	3557	;# 
  1429   000DE6                     RXFBCON6        equ	3558	;# 
  1430   000DE7                     RXFBCON7        equ	3559	;# 
  1431   000DF0                     MSEL0           equ	3568	;# 
  1432   000DF1                     MSEL1           equ	3569	;# 
  1433   000DF2                     MSEL2           equ	3570	;# 
  1434   000DF3                     MSEL3           equ	3571	;# 
  1435   000DF8                     BSEL0           equ	3576	;# 
  1436   000DFA                     BIE0            equ	3578	;# 
  1437   000DFC                     TXBIE           equ	3580	;# 
  1438   000E20                     B0CON           equ	3616	;# 
  1439   000E21                     B0SIDH          equ	3617	;# 
  1440   000E22                     B0SIDL          equ	3618	;# 
  1441   000E23                     B0EIDH          equ	3619	;# 
  1442   000E24                     B0EIDL          equ	3620	;# 
  1443   000E25                     B0DLC           equ	3621	;# 
  1444   000E26                     B0D0            equ	3622	;# 
  1445   000E27                     B0D1            equ	3623	;# 
  1446   000E28                     B0D2            equ	3624	;# 
  1447   000E29                     B0D3            equ	3625	;# 
  1448   000E2A                     B0D4            equ	3626	;# 
  1449   000E2B                     B0D5            equ	3627	;# 
  1450   000E2C                     B0D6            equ	3628	;# 
  1451   000E2D                     B0D7            equ	3629	;# 
  1452   000E2E                     CANSTAT_RO9     equ	3630	;# 
  1453   000E2F                     CANCON_RO9      equ	3631	;# 
  1454   000E30                     B1CON           equ	3632	;# 
  1455   000E31                     B1SIDH          equ	3633	;# 
  1456   000E32                     B1SIDL          equ	3634	;# 
  1457   000E33                     B1EIDH          equ	3635	;# 
  1458   000E34                     B1EIDL          equ	3636	;# 
  1459   000E35                     B1DLC           equ	3637	;# 
  1460   000E36                     B1D0            equ	3638	;# 
  1461   000E37                     B1D1            equ	3639	;# 
  1462   000E38                     B1D2            equ	3640	;# 
  1463   000E39                     B1D3            equ	3641	;# 
  1464   000E3A                     B1D4            equ	3642	;# 
  1465   000E3B                     B1D5            equ	3643	;# 
  1466   000E3C                     B1D6            equ	3644	;# 
  1467   000E3D                     B1D7            equ	3645	;# 
  1468   000E3E                     CANSTAT_RO8     equ	3646	;# 
  1469   000E3F                     CANCON_RO8      equ	3647	;# 
  1470   000E40                     B2CON           equ	3648	;# 
  1471   000E41                     B2SIDH          equ	3649	;# 
  1472   000E42                     B2SIDL          equ	3650	;# 
  1473   000E43                     B2EIDH          equ	3651	;# 
  1474   000E44                     B2EIDL          equ	3652	;# 
  1475   000E45                     B2DLC           equ	3653	;# 
  1476   000E46                     B2D0            equ	3654	;# 
  1477   000E47                     B2D1            equ	3655	;# 
  1478   000E48                     B2D2            equ	3656	;# 
  1479   000E49                     B2D3            equ	3657	;# 
  1480   000E4A                     B2D4            equ	3658	;# 
  1481   000E4B                     B2D5            equ	3659	;# 
  1482   000E4C                     B2D6            equ	3660	;# 
  1483   000E4D                     B2D7            equ	3661	;# 
  1484   000E4E                     CANSTAT_RO7     equ	3662	;# 
  1485   000E4F                     CANCON_RO7      equ	3663	;# 
  1486   000E50                     B3CON           equ	3664	;# 
  1487   000E51                     B3SIDH          equ	3665	;# 
  1488   000E52                     B3SIDL          equ	3666	;# 
  1489   000E53                     B3EIDH          equ	3667	;# 
  1490   000E54                     B3EIDL          equ	3668	;# 
  1491   000E55                     B3DLC           equ	3669	;# 
  1492   000E56                     B3D0            equ	3670	;# 
  1493   000E57                     B3D1            equ	3671	;# 
  1494   000E58                     B3D2            equ	3672	;# 
  1495   000E59                     B3D3            equ	3673	;# 
  1496   000E5A                     B3D4            equ	3674	;# 
  1497   000E5B                     B3D5            equ	3675	;# 
  1498   000E5C                     B3D6            equ	3676	;# 
  1499   000E5D                     B3D7            equ	3677	;# 
  1500   000E5E                     CANSTAT_RO6     equ	3678	;# 
  1501   000E5F                     CANCON_RO6      equ	3679	;# 
  1502   000E60                     B4CON           equ	3680	;# 
  1503   000E61                     B4SIDH          equ	3681	;# 
  1504   000E62                     B4SIDL          equ	3682	;# 
  1505   000E63                     B4EIDH          equ	3683	;# 
  1506   000E64                     B4EIDL          equ	3684	;# 
  1507   000E65                     B4DLC           equ	3685	;# 
  1508   000E66                     B4D0            equ	3686	;# 
  1509   000E67                     B4D1            equ	3687	;# 
  1510   000E68                     B4D2            equ	3688	;# 
  1511   000E69                     B4D3            equ	3689	;# 
  1512   000E6A                     B4D4            equ	3690	;# 
  1513   000E6B                     B4D5            equ	3691	;# 
  1514   000E6C                     B4D6            equ	3692	;# 
  1515   000E6D                     B4D7            equ	3693	;# 
  1516   000E6E                     CANSTAT_RO5     equ	3694	;# 
  1517   000E6F                     CANCON_RO5      equ	3695	;# 
  1518   000E70                     B5CON           equ	3696	;# 
  1519   000E71                     B5SIDH          equ	3697	;# 
  1520   000E72                     B5SIDL          equ	3698	;# 
  1521   000E73                     B5EIDH          equ	3699	;# 
  1522   000E74                     B5EIDL          equ	3700	;# 
  1523   000E75                     B5DLC           equ	3701	;# 
  1524   000E76                     B5D0            equ	3702	;# 
  1525   000E77                     B5D1            equ	3703	;# 
  1526   000E78                     B5D2            equ	3704	;# 
  1527   000E79                     B5D3            equ	3705	;# 
  1528   000E7A                     B5D4            equ	3706	;# 
  1529   000E7B                     B5D5            equ	3707	;# 
  1530   000E7C                     B5D6            equ	3708	;# 
  1531   000E7D                     B5D7            equ	3709	;# 
  1532   000E7E                     CANSTAT_RO4     equ	3710	;# 
  1533   000E7F                     CANCON_RO4      equ	3711	;# 
  1534   000F00                     RXF0SIDH        equ	3840	;# 
  1535   000F01                     RXF0SIDL        equ	3841	;# 
  1536   000F02                     RXF0EIDH        equ	3842	;# 
  1537   000F03                     RXF0EIDL        equ	3843	;# 
  1538   000F04                     RXF1SIDH        equ	3844	;# 
  1539   000F05                     RXF1SIDL        equ	3845	;# 
  1540   000F06                     RXF1EIDH        equ	3846	;# 
  1541   000F07                     RXF1EIDL        equ	3847	;# 
  1542   000F08                     RXF2SIDH        equ	3848	;# 
  1543   000F09                     RXF2SIDL        equ	3849	;# 
  1544   000F0A                     RXF2EIDH        equ	3850	;# 
  1545   000F0B                     RXF2EIDL        equ	3851	;# 
  1546   000F0C                     RXF3SIDH        equ	3852	;# 
  1547   000F0D                     RXF3SIDL        equ	3853	;# 
  1548   000F0E                     RXF3EIDH        equ	3854	;# 
  1549   000F0F                     RXF3EIDL        equ	3855	;# 
  1550   000F10                     RXF4SIDH        equ	3856	;# 
  1551   000F11                     RXF4SIDL        equ	3857	;# 
  1552   000F12                     RXF4EIDH        equ	3858	;# 
  1553   000F13                     RXF4EIDL        equ	3859	;# 
  1554   000F14                     RXF5SIDH        equ	3860	;# 
  1555   000F15                     RXF5SIDL        equ	3861	;# 
  1556   000F16                     RXF5EIDH        equ	3862	;# 
  1557   000F17                     RXF5EIDL        equ	3863	;# 
  1558   000F18                     RXM0SIDH        equ	3864	;# 
  1559   000F19                     RXM0SIDL        equ	3865	;# 
  1560   000F1A                     RXM0EIDH        equ	3866	;# 
  1561   000F1B                     RXM0EIDL        equ	3867	;# 
  1562   000F1C                     RXM1SIDH        equ	3868	;# 
  1563   000F1D                     RXM1SIDL        equ	3869	;# 
  1564   000F1E                     RXM1EIDH        equ	3870	;# 
  1565   000F1F                     RXM1EIDL        equ	3871	;# 
  1566   000F20                     TXB2CON         equ	3872	;# 
  1567   000F21                     TXB2SIDH        equ	3873	;# 
  1568   000F22                     TXB2SIDL        equ	3874	;# 
  1569   000F23                     TXB2EIDH        equ	3875	;# 
  1570   000F24                     TXB2EIDL        equ	3876	;# 
  1571   000F25                     TXB2DLC         equ	3877	;# 
  1572   000F26                     TXB2D0          equ	3878	;# 
  1573   000F27                     TXB2D1          equ	3879	;# 
  1574   000F28                     TXB2D2          equ	3880	;# 
  1575   000F29                     TXB2D3          equ	3881	;# 
  1576   000F2A                     TXB2D4          equ	3882	;# 
  1577   000F2B                     TXB2D5          equ	3883	;# 
  1578   000F2C                     TXB2D6          equ	3884	;# 
  1579   000F2D                     TXB2D7          equ	3885	;# 
  1580   000F2E                     CANSTAT_RO3     equ	3886	;# 
  1581   000F2F                     CANCON_RO3      equ	3887	;# 
  1582   000F30                     TXB1CON         equ	3888	;# 
  1583   000F31                     TXB1SIDH        equ	3889	;# 
  1584   000F32                     TXB1SIDL        equ	3890	;# 
  1585   000F33                     TXB1EIDH        equ	3891	;# 
  1586   000F34                     TXB1EIDL        equ	3892	;# 
  1587   000F35                     TXB1DLC         equ	3893	;# 
  1588   000F36                     TXB1D0          equ	3894	;# 
  1589   000F37                     TXB1D1          equ	3895	;# 
  1590   000F38                     TXB1D2          equ	3896	;# 
  1591   000F39                     TXB1D3          equ	3897	;# 
  1592   000F3A                     TXB1D4          equ	3898	;# 
  1593   000F3B                     TXB1D5          equ	3899	;# 
  1594   000F3C                     TXB1D6          equ	3900	;# 
  1595   000F3D                     TXB1D7          equ	3901	;# 
  1596   000F3E                     CANSTAT_RO2     equ	3902	;# 
  1597   000F3F                     CANCON_RO2      equ	3903	;# 
  1598   000F40                     TXB0CON         equ	3904	;# 
  1599   000F41                     TXB0SIDH        equ	3905	;# 
  1600   000F42                     TXB0SIDL        equ	3906	;# 
  1601   000F43                     TXB0EIDH        equ	3907	;# 
  1602   000F44                     TXB0EIDL        equ	3908	;# 
  1603   000F45                     TXB0DLC         equ	3909	;# 
  1604   000F46                     TXB0D0          equ	3910	;# 
  1605   000F47                     TXB0D1          equ	3911	;# 
  1606   000F48                     TXB0D2          equ	3912	;# 
  1607   000F49                     TXB0D3          equ	3913	;# 
  1608   000F4A                     TXB0D4          equ	3914	;# 
  1609   000F4B                     TXB0D5          equ	3915	;# 
  1610   000F4C                     TXB0D6          equ	3916	;# 
  1611   000F4D                     TXB0D7          equ	3917	;# 
  1612   000F4E                     CANSTAT_RO1     equ	3918	;# 
  1613   000F4F                     CANCON_RO1      equ	3919	;# 
  1614   000F50                     RXB1CON         equ	3920	;# 
  1615   000F51                     RXB1SIDH        equ	3921	;# 
  1616   000F52                     RXB1SIDL        equ	3922	;# 
  1617   000F53                     RXB1EIDH        equ	3923	;# 
  1618   000F54                     RXB1EIDL        equ	3924	;# 
  1619   000F55                     RXB1DLC         equ	3925	;# 
  1620   000F56                     RXB1D0          equ	3926	;# 
  1621   000F57                     RXB1D1          equ	3927	;# 
  1622   000F58                     RXB1D2          equ	3928	;# 
  1623   000F59                     RXB1D3          equ	3929	;# 
  1624   000F5A                     RXB1D4          equ	3930	;# 
  1625   000F5B                     RXB1D5          equ	3931	;# 
  1626   000F5C                     RXB1D6          equ	3932	;# 
  1627   000F5D                     RXB1D7          equ	3933	;# 
  1628   000F5E                     CANSTAT_RO0     equ	3934	;# 
  1629   000F5F                     CANCON_RO0      equ	3935	;# 
  1630   000F60                     RXB0CON         equ	3936	;# 
  1631   000F61                     RXB0SIDH        equ	3937	;# 
  1632   000F62                     RXB0SIDL        equ	3938	;# 
  1633   000F63                     RXB0EIDH        equ	3939	;# 
  1634   000F64                     RXB0EIDL        equ	3940	;# 
  1635   000F65                     RXB0DLC         equ	3941	;# 
  1636   000F66                     RXB0D0          equ	3942	;# 
  1637   000F67                     RXB0D1          equ	3943	;# 
  1638   000F68                     RXB0D2          equ	3944	;# 
  1639   000F69                     RXB0D3          equ	3945	;# 
  1640   000F6A                     RXB0D4          equ	3946	;# 
  1641   000F6B                     RXB0D5          equ	3947	;# 
  1642   000F6C                     RXB0D6          equ	3948	;# 
  1643   000F6D                     RXB0D7          equ	3949	;# 
  1644   000F6E                     CANSTAT         equ	3950	;# 
  1645   000F6F                     CANCON          equ	3951	;# 
  1646   000F70                     BRGCON1         equ	3952	;# 
  1647   000F71                     BRGCON2         equ	3953	;# 
  1648   000F72                     BRGCON3         equ	3954	;# 
  1649   000F73                     CIOCON          equ	3955	;# 
  1650   000F74                     COMSTAT         equ	3956	;# 
  1651   000F75                     RXERRCNT        equ	3957	;# 
  1652   000F76                     TXERRCNT        equ	3958	;# 
  1653   000F77                     ECANCON         equ	3959	;# 
  1654   000F80                     PORTA           equ	3968	;# 
  1655   000F81                     PORTB           equ	3969	;# 
  1656   000F82                     PORTC           equ	3970	;# 
  1657   000F83                     PORTD           equ	3971	;# 
  1658   000F84                     PORTE           equ	3972	;# 
  1659   000F89                     LATA            equ	3977	;# 
  1660   000F8A                     LATB            equ	3978	;# 
  1661   000F8B                     LATC            equ	3979	;# 
  1662   000F8C                     LATD            equ	3980	;# 
  1663   000F8D                     LATE            equ	3981	;# 
  1664   000F92                     TRISA           equ	3986	;# 
  1665   000F92                     DDRA            equ	3986	;# 
  1666   000F93                     TRISB           equ	3987	;# 
  1667   000F93                     DDRB            equ	3987	;# 
  1668   000F94                     TRISC           equ	3988	;# 
  1669   000F94                     DDRC            equ	3988	;# 
  1670   000F95                     TRISD           equ	3989	;# 
  1671   000F95                     DDRD            equ	3989	;# 
  1672   000F96                     TRISE           equ	3990	;# 
  1673   000F96                     DDRE            equ	3990	;# 
  1674   000F9B                     OSCTUNE         equ	3995	;# 
  1675   000F9D                     PIE1            equ	3997	;# 
  1676   000F9E                     PIR1            equ	3998	;# 
  1677   000F9F                     IPR1            equ	3999	;# 
  1678   000FA0                     PIE2            equ	4000	;# 
  1679   000FA1                     PIR2            equ	4001	;# 
  1680   000FA2                     IPR2            equ	4002	;# 
  1681   000FA3                     PIE3            equ	4003	;# 
  1682   000FA4                     PIR3            equ	4004	;# 
  1683   000FA5                     IPR3            equ	4005	;# 
  1684   000FA6                     EECON1          equ	4006	;# 
  1685   000FA7                     EECON2          equ	4007	;# 
  1686   000FA8                     EEDATA          equ	4008	;# 
  1687   000FA9                     EEADR           equ	4009	;# 
  1688   000FAB                     RCSTA           equ	4011	;# 
  1689   000FAB                     RCSTA1          equ	4011	;# 
  1690   000FAC                     TXSTA           equ	4012	;# 
  1691   000FAC                     TXSTA1          equ	4012	;# 
  1692   000FAD                     TXREG           equ	4013	;# 
  1693   000FAD                     TXREG1          equ	4013	;# 
  1694   000FAE                     RCREG           equ	4014	;# 
  1695   000FAE                     RCREG1          equ	4014	;# 
  1696   000FAF                     SPBRG           equ	4015	;# 
  1697   000FAF                     SPBRG1          equ	4015	;# 
  1698   000FB0                     SPBRGH          equ	4016	;# 
  1699   000FB1                     T3CON           equ	4017	;# 
  1700   000FB2                     TMR3            equ	4018	;# 
  1701   000FB2                     TMR3L           equ	4018	;# 
  1702   000FB3                     TMR3H           equ	4019	;# 
  1703   000FB4                     CMCON           equ	4020	;# 
  1704   000FB5                     CVRCON          equ	4021	;# 
  1705   000FB6                     ECCP1AS         equ	4022	;# 
  1706   000FB7                     ECCP1DEL        equ	4023	;# 
  1707   000FB8                     BAUDCON         equ	4024	;# 
  1708   000FB8                     BAUDCTL         equ	4024	;# 
  1709   000FBA                     ECCP1CON        equ	4026	;# 
  1710   000FBB                     ECCPR1          equ	4027	;# 
  1711   000FBB                     ECCPR1L         equ	4027	;# 
  1712   000FBC                     ECCPR1H         equ	4028	;# 
  1713   000FBD                     CCP1CON         equ	4029	;# 
  1714   000FBE                     CCPR1           equ	4030	;# 
  1715   000FBE                     CCPR1L          equ	4030	;# 
  1716   000FBF                     CCPR1H          equ	4031	;# 
  1717   000FC0                     ADCON2          equ	4032	;# 
  1718   000FC1                     ADCON1          equ	4033	;# 
  1719   000FC2                     ADCON0          equ	4034	;# 
  1720   000FC3                     ADRES           equ	4035	;# 
  1721   000FC3                     ADRESL          equ	4035	;# 
  1722   000FC4                     ADRESH          equ	4036	;# 
  1723   000FC5                     SSPCON2         equ	4037	;# 
  1724   000FC6                     SSPCON1         equ	4038	;# 
  1725   000FC7                     SSPSTAT         equ	4039	;# 
  1726   000FC8                     SSPADD          equ	4040	;# 
  1727   000FC9                     SSPBUF          equ	4041	;# 
  1728   000FCA                     T2CON           equ	4042	;# 
  1729   000FCB                     PR2             equ	4043	;# 
  1730   000FCB                     MEMCON          equ	4043	;# 
  1731   000FCC                     TMR2            equ	4044	;# 
  1732   000FCD                     T1CON           equ	4045	;# 
  1733   000FCE                     TMR1            equ	4046	;# 
  1734   000FCE                     TMR1L           equ	4046	;# 
  1735   000FCF                     TMR1H           equ	4047	;# 
  1736   000FD0                     RCON            equ	4048	;# 
  1737   000FD1                     WDTCON          equ	4049	;# 
  1738   000FD2                     HLVDCON         equ	4050	;# 
  1739   000FD2                     LVDCON          equ	4050	;# 
  1740   000FD3                     OSCCON          equ	4051	;# 
  1741   000FD5                     T0CON           equ	4053	;# 
  1742   000FD6                     TMR0            equ	4054	;# 
  1743   000FD6                     TMR0L           equ	4054	;# 
  1744   000FD7                     TMR0H           equ	4055	;# 
  1745   000FD8                     STATUS          equ	4056	;# 
  1746   000FD9                     FSR2            equ	4057	;# 
  1747   000FD9                     FSR2L           equ	4057	;# 
  1748   000FDA                     FSR2H           equ	4058	;# 
  1749   000FDB                     PLUSW2          equ	4059	;# 
  1750   000FDC                     PREINC2         equ	4060	;# 
  1751   000FDD                     POSTDEC2        equ	4061	;# 
  1752   000FDE                     POSTINC2        equ	4062	;# 
  1753   000FDF                     INDF2           equ	4063	;# 
  1754   000FE0                     BSR             equ	4064	;# 
  1755   000FE1                     FSR1            equ	4065	;# 
  1756   000FE1                     FSR1L           equ	4065	;# 
  1757   000FE2                     FSR1H           equ	4066	;# 
  1758   000FE3                     PLUSW1          equ	4067	;# 
  1759   000FE4                     PREINC1         equ	4068	;# 
  1760   000FE5                     POSTDEC1        equ	4069	;# 
  1761   000FE6                     POSTINC1        equ	4070	;# 
  1762   000FE7                     INDF1           equ	4071	;# 
  1763   000FE8                     WREG            equ	4072	;# 
  1764   000FE9                     FSR0            equ	4073	;# 
  1765   000FE9                     FSR0L           equ	4073	;# 
  1766   000FEA                     FSR0H           equ	4074	;# 
  1767   000FEB                     PLUSW0          equ	4075	;# 
  1768   000FEC                     PREINC0         equ	4076	;# 
  1769   000FED                     POSTDEC0        equ	4077	;# 
  1770   000FEE                     POSTINC0        equ	4078	;# 
  1771   000FEF                     INDF0           equ	4079	;# 
  1772   000FF0                     INTCON3         equ	4080	;# 
  1773   000FF1                     INTCON2         equ	4081	;# 
  1774   000FF2                     INTCON          equ	4082	;# 
  1775   000FF3                     PROD            equ	4083	;# 
  1776   000FF3                     PRODL           equ	4083	;# 
  1777   000FF4                     PRODH           equ	4084	;# 
  1778   000FF5                     TABLAT          equ	4085	;# 
  1779   000FF6                     TBLPTR          equ	4086	;# 
  1780   000FF6                     TBLPTRL         equ	4086	;# 
  1781   000FF7                     TBLPTRH         equ	4087	;# 
  1782   000FF8                     TBLPTRU         equ	4088	;# 
  1783   000FF9                     PCLAT           equ	4089	;# 
  1784   000FF9                     PC              equ	4089	;# 
  1785   000FF9                     PCL             equ	4089	;# 
  1786   000FFA                     PCLATH          equ	4090	;# 
  1787   000FFB                     PCLATU          equ	4091	;# 
  1788   000FFC                     STKPTR          equ	4092	;# 
  1789   000FFD                     TOS             equ	4093	;# 
  1790   000FFD                     TOSL            equ	4093	;# 
  1791   000FFE                     TOSH            equ	4094	;# 
  1792   000FFF                     TOSU            equ	4095	;# 
  1793   000D60                     RXF6SIDH        equ	3424	;# 
  1794   000D61                     RXF6SIDL        equ	3425	;# 
  1795   000D62                     RXF6EIDH        equ	3426	;# 
  1796   000D63                     RXF6EIDL        equ	3427	;# 
  1797   000D64                     RXF7SIDH        equ	3428	;# 
  1798   000D65                     RXF7SIDL        equ	3429	;# 
  1799   000D66                     RXF7EIDH        equ	3430	;# 
  1800   000D67                     RXF7EIDL        equ	3431	;# 
  1801   000D68                     RXF8SIDH        equ	3432	;# 
  1802   000D69                     RXF8SIDL        equ	3433	;# 
  1803   000D6A                     RXF8EIDH        equ	3434	;# 
  1804   000D6B                     RXF8EIDL        equ	3435	;# 
  1805   000D70                     RXF9SIDH        equ	3440	;# 
  1806   000D71                     RXF9SIDL        equ	3441	;# 
  1807   000D72                     RXF9EIDH        equ	3442	;# 
  1808   000D73                     RXF9EIDL        equ	3443	;# 
  1809   000D74                     RXF10SIDH       equ	3444	;# 
  1810   000D75                     RXF10SIDL       equ	3445	;# 
  1811   000D76                     RXF10EIDH       equ	3446	;# 
  1812   000D77                     RXF10EIDL       equ	3447	;# 
  1813   000D78                     RXF11SIDH       equ	3448	;# 
  1814   000D79                     RXF11SIDL       equ	3449	;# 
  1815   000D7A                     RXF11EIDH       equ	3450	;# 
  1816   000D7B                     RXF11EIDL       equ	3451	;# 
  1817   000D80                     RXF12SIDH       equ	3456	;# 
  1818   000D81                     RXF12SIDL       equ	3457	;# 
  1819   000D82                     RXF12EIDH       equ	3458	;# 
  1820   000D83                     RXF12EIDL       equ	3459	;# 
  1821   000D84                     RXF13SIDH       equ	3460	;# 
  1822   000D85                     RXF13SIDL       equ	3461	;# 
  1823   000D86                     RXF13EIDH       equ	3462	;# 
  1824   000D87                     RXF13EIDL       equ	3463	;# 
  1825   000D88                     RXF14SIDH       equ	3464	;# 
  1826   000D89                     RXF14SIDL       equ	3465	;# 
  1827   000D8A                     RXF14EIDH       equ	3466	;# 
  1828   000D8B                     RXF14EIDL       equ	3467	;# 
  1829   000D90                     RXF15SIDH       equ	3472	;# 
  1830   000D91                     RXF15SIDL       equ	3473	;# 
  1831   000D92                     RXF15EIDH       equ	3474	;# 
  1832   000D93                     RXF15EIDL       equ	3475	;# 
  1833   000DD4                     RXFCON0         equ	3540	;# 
  1834   000DD5                     RXFCON1         equ	3541	;# 
  1835   000DD8                     SDFLC           equ	3544	;# 
  1836   000DE0                     RXFBCON0        equ	3552	;# 
  1837   000DE1                     RXFBCON1        equ	3553	;# 
  1838   000DE2                     RXFBCON2        equ	3554	;# 
  1839   000DE3                     RXFBCON3        equ	3555	;# 
  1840   000DE4                     RXFBCON4        equ	3556	;# 
  1841   000DE5                     RXFBCON5        equ	3557	;# 
  1842   000DE6                     RXFBCON6        equ	3558	;# 
  1843   000DE7                     RXFBCON7        equ	3559	;# 
  1844   000DF0                     MSEL0           equ	3568	;# 
  1845   000DF1                     MSEL1           equ	3569	;# 
  1846   000DF2                     MSEL2           equ	3570	;# 
  1847   000DF3                     MSEL3           equ	3571	;# 
  1848   000DF8                     BSEL0           equ	3576	;# 
  1849   000DFA                     BIE0            equ	3578	;# 
  1850   000DFC                     TXBIE           equ	3580	;# 
  1851   000E20                     B0CON           equ	3616	;# 
  1852   000E21                     B0SIDH          equ	3617	;# 
  1853   000E22                     B0SIDL          equ	3618	;# 
  1854   000E23                     B0EIDH          equ	3619	;# 
  1855   000E24                     B0EIDL          equ	3620	;# 
  1856   000E25                     B0DLC           equ	3621	;# 
  1857   000E26                     B0D0            equ	3622	;# 
  1858   000E27                     B0D1            equ	3623	;# 
  1859   000E28                     B0D2            equ	3624	;# 
  1860   000E29                     B0D3            equ	3625	;# 
  1861   000E2A                     B0D4            equ	3626	;# 
  1862   000E2B                     B0D5            equ	3627	;# 
  1863   000E2C                     B0D6            equ	3628	;# 
  1864   000E2D                     B0D7            equ	3629	;# 
  1865   000E2E                     CANSTAT_RO9     equ	3630	;# 
  1866   000E2F                     CANCON_RO9      equ	3631	;# 
  1867   000E30                     B1CON           equ	3632	;# 
  1868   000E31                     B1SIDH          equ	3633	;# 
  1869   000E32                     B1SIDL          equ	3634	;# 
  1870   000E33                     B1EIDH          equ	3635	;# 
  1871   000E34                     B1EIDL          equ	3636	;# 
  1872   000E35                     B1DLC           equ	3637	;# 
  1873   000E36                     B1D0            equ	3638	;# 
  1874   000E37                     B1D1            equ	3639	;# 
  1875   000E38                     B1D2            equ	3640	;# 
  1876   000E39                     B1D3            equ	3641	;# 
  1877   000E3A                     B1D4            equ	3642	;# 
  1878   000E3B                     B1D5            equ	3643	;# 
  1879   000E3C                     B1D6            equ	3644	;# 
  1880   000E3D                     B1D7            equ	3645	;# 
  1881   000E3E                     CANSTAT_RO8     equ	3646	;# 
  1882   000E3F                     CANCON_RO8      equ	3647	;# 
  1883   000E40                     B2CON           equ	3648	;# 
  1884   000E41                     B2SIDH          equ	3649	;# 
  1885   000E42                     B2SIDL          equ	3650	;# 
  1886   000E43                     B2EIDH          equ	3651	;# 
  1887   000E44                     B2EIDL          equ	3652	;# 
  1888   000E45                     B2DLC           equ	3653	;# 
  1889   000E46                     B2D0            equ	3654	;# 
  1890   000E47                     B2D1            equ	3655	;# 
  1891   000E48                     B2D2            equ	3656	;# 
  1892   000E49                     B2D3            equ	3657	;# 
  1893   000E4A                     B2D4            equ	3658	;# 
  1894   000E4B                     B2D5            equ	3659	;# 
  1895   000E4C                     B2D6            equ	3660	;# 
  1896   000E4D                     B2D7            equ	3661	;# 
  1897   000E4E                     CANSTAT_RO7     equ	3662	;# 
  1898   000E4F                     CANCON_RO7      equ	3663	;# 
  1899   000E50                     B3CON           equ	3664	;# 
  1900   000E51                     B3SIDH          equ	3665	;# 
  1901   000E52                     B3SIDL          equ	3666	;# 
  1902   000E53                     B3EIDH          equ	3667	;# 
  1903   000E54                     B3EIDL          equ	3668	;# 
  1904   000E55                     B3DLC           equ	3669	;# 
  1905   000E56                     B3D0            equ	3670	;# 
  1906   000E57                     B3D1            equ	3671	;# 
  1907   000E58                     B3D2            equ	3672	;# 
  1908   000E59                     B3D3            equ	3673	;# 
  1909   000E5A                     B3D4            equ	3674	;# 
  1910   000E5B                     B3D5            equ	3675	;# 
  1911   000E5C                     B3D6            equ	3676	;# 
  1912   000E5D                     B3D7            equ	3677	;# 
  1913   000E5E                     CANSTAT_RO6     equ	3678	;# 
  1914   000E5F                     CANCON_RO6      equ	3679	;# 
  1915   000E60                     B4CON           equ	3680	;# 
  1916   000E61                     B4SIDH          equ	3681	;# 
  1917   000E62                     B4SIDL          equ	3682	;# 
  1918   000E63                     B4EIDH          equ	3683	;# 
  1919   000E64                     B4EIDL          equ	3684	;# 
  1920   000E65                     B4DLC           equ	3685	;# 
  1921   000E66                     B4D0            equ	3686	;# 
  1922   000E67                     B4D1            equ	3687	;# 
  1923   000E68                     B4D2            equ	3688	;# 
  1924   000E69                     B4D3            equ	3689	;# 
  1925   000E6A                     B4D4            equ	3690	;# 
  1926   000E6B                     B4D5            equ	3691	;# 
  1927   000E6C                     B4D6            equ	3692	;# 
  1928   000E6D                     B4D7            equ	3693	;# 
  1929   000E6E                     CANSTAT_RO5     equ	3694	;# 
  1930   000E6F                     CANCON_RO5      equ	3695	;# 
  1931   000E70                     B5CON           equ	3696	;# 
  1932   000E71                     B5SIDH          equ	3697	;# 
  1933   000E72                     B5SIDL          equ	3698	;# 
  1934   000E73                     B5EIDH          equ	3699	;# 
  1935   000E74                     B5EIDL          equ	3700	;# 
  1936   000E75                     B5DLC           equ	3701	;# 
  1937   000E76                     B5D0            equ	3702	;# 
  1938   000E77                     B5D1            equ	3703	;# 
  1939   000E78                     B5D2            equ	3704	;# 
  1940   000E79                     B5D3            equ	3705	;# 
  1941   000E7A                     B5D4            equ	3706	;# 
  1942   000E7B                     B5D5            equ	3707	;# 
  1943   000E7C                     B5D6            equ	3708	;# 
  1944   000E7D                     B5D7            equ	3709	;# 
  1945   000E7E                     CANSTAT_RO4     equ	3710	;# 
  1946   000E7F                     CANCON_RO4      equ	3711	;# 
  1947   000F00                     RXF0SIDH        equ	3840	;# 
  1948   000F01                     RXF0SIDL        equ	3841	;# 
  1949   000F02                     RXF0EIDH        equ	3842	;# 
  1950   000F03                     RXF0EIDL        equ	3843	;# 
  1951   000F04                     RXF1SIDH        equ	3844	;# 
  1952   000F05                     RXF1SIDL        equ	3845	;# 
  1953   000F06                     RXF1EIDH        equ	3846	;# 
  1954   000F07                     RXF1EIDL        equ	3847	;# 
  1955   000F08                     RXF2SIDH        equ	3848	;# 
  1956   000F09                     RXF2SIDL        equ	3849	;# 
  1957   000F0A                     RXF2EIDH        equ	3850	;# 
  1958   000F0B                     RXF2EIDL        equ	3851	;# 
  1959   000F0C                     RXF3SIDH        equ	3852	;# 
  1960   000F0D                     RXF3SIDL        equ	3853	;# 
  1961   000F0E                     RXF3EIDH        equ	3854	;# 
  1962   000F0F                     RXF3EIDL        equ	3855	;# 
  1963   000F10                     RXF4SIDH        equ	3856	;# 
  1964   000F11                     RXF4SIDL        equ	3857	;# 
  1965   000F12                     RXF4EIDH        equ	3858	;# 
  1966   000F13                     RXF4EIDL        equ	3859	;# 
  1967   000F14                     RXF5SIDH        equ	3860	;# 
  1968   000F15                     RXF5SIDL        equ	3861	;# 
  1969   000F16                     RXF5EIDH        equ	3862	;# 
  1970   000F17                     RXF5EIDL        equ	3863	;# 
  1971   000F18                     RXM0SIDH        equ	3864	;# 
  1972   000F19                     RXM0SIDL        equ	3865	;# 
  1973   000F1A                     RXM0EIDH        equ	3866	;# 
  1974   000F1B                     RXM0EIDL        equ	3867	;# 
  1975   000F1C                     RXM1SIDH        equ	3868	;# 
  1976   000F1D                     RXM1SIDL        equ	3869	;# 
  1977   000F1E                     RXM1EIDH        equ	3870	;# 
  1978   000F1F                     RXM1EIDL        equ	3871	;# 
  1979   000F20                     TXB2CON         equ	3872	;# 
  1980   000F21                     TXB2SIDH        equ	3873	;# 
  1981   000F22                     TXB2SIDL        equ	3874	;# 
  1982   000F23                     TXB2EIDH        equ	3875	;# 
  1983   000F24                     TXB2EIDL        equ	3876	;# 
  1984   000F25                     TXB2DLC         equ	3877	;# 
  1985   000F26                     TXB2D0          equ	3878	;# 
  1986   000F27                     TXB2D1          equ	3879	;# 
  1987   000F28                     TXB2D2          equ	3880	;# 
  1988   000F29                     TXB2D3          equ	3881	;# 
  1989   000F2A                     TXB2D4          equ	3882	;# 
  1990   000F2B                     TXB2D5          equ	3883	;# 
  1991   000F2C                     TXB2D6          equ	3884	;# 
  1992   000F2D                     TXB2D7          equ	3885	;# 
  1993   000F2E                     CANSTAT_RO3     equ	3886	;# 
  1994   000F2F                     CANCON_RO3      equ	3887	;# 
  1995   000F30                     TXB1CON         equ	3888	;# 
  1996   000F31                     TXB1SIDH        equ	3889	;# 
  1997   000F32                     TXB1SIDL        equ	3890	;# 
  1998   000F33                     TXB1EIDH        equ	3891	;# 
  1999   000F34                     TXB1EIDL        equ	3892	;# 
  2000   000F35                     TXB1DLC         equ	3893	;# 
  2001   000F36                     TXB1D0          equ	3894	;# 
  2002   000F37                     TXB1D1          equ	3895	;# 
  2003   000F38                     TXB1D2          equ	3896	;# 
  2004   000F39                     TXB1D3          equ	3897	;# 
  2005   000F3A                     TXB1D4          equ	3898	;# 
  2006   000F3B                     TXB1D5          equ	3899	;# 
  2007   000F3C                     TXB1D6          equ	3900	;# 
  2008   000F3D                     TXB1D7          equ	3901	;# 
  2009   000F3E                     CANSTAT_RO2     equ	3902	;# 
  2010   000F3F                     CANCON_RO2      equ	3903	;# 
  2011   000F40                     TXB0CON         equ	3904	;# 
  2012   000F41                     TXB0SIDH        equ	3905	;# 
  2013   000F42                     TXB0SIDL        equ	3906	;# 
  2014   000F43                     TXB0EIDH        equ	3907	;# 
  2015   000F44                     TXB0EIDL        equ	3908	;# 
  2016   000F45                     TXB0DLC         equ	3909	;# 
  2017   000F46                     TXB0D0          equ	3910	;# 
  2018   000F47                     TXB0D1          equ	3911	;# 
  2019   000F48                     TXB0D2          equ	3912	;# 
  2020   000F49                     TXB0D3          equ	3913	;# 
  2021   000F4A                     TXB0D4          equ	3914	;# 
  2022   000F4B                     TXB0D5          equ	3915	;# 
  2023   000F4C                     TXB0D6          equ	3916	;# 
  2024   000F4D                     TXB0D7          equ	3917	;# 
  2025   000F4E                     CANSTAT_RO1     equ	3918	;# 
  2026   000F4F                     CANCON_RO1      equ	3919	;# 
  2027   000F50                     RXB1CON         equ	3920	;# 
  2028   000F51                     RXB1SIDH        equ	3921	;# 
  2029   000F52                     RXB1SIDL        equ	3922	;# 
  2030   000F53                     RXB1EIDH        equ	3923	;# 
  2031   000F54                     RXB1EIDL        equ	3924	;# 
  2032   000F55                     RXB1DLC         equ	3925	;# 
  2033   000F56                     RXB1D0          equ	3926	;# 
  2034   000F57                     RXB1D1          equ	3927	;# 
  2035   000F58                     RXB1D2          equ	3928	;# 
  2036   000F59                     RXB1D3          equ	3929	;# 
  2037   000F5A                     RXB1D4          equ	3930	;# 
  2038   000F5B                     RXB1D5          equ	3931	;# 
  2039   000F5C                     RXB1D6          equ	3932	;# 
  2040   000F5D                     RXB1D7          equ	3933	;# 
  2041   000F5E                     CANSTAT_RO0     equ	3934	;# 
  2042   000F5F                     CANCON_RO0      equ	3935	;# 
  2043   000F60                     RXB0CON         equ	3936	;# 
  2044   000F61                     RXB0SIDH        equ	3937	;# 
  2045   000F62                     RXB0SIDL        equ	3938	;# 
  2046   000F63                     RXB0EIDH        equ	3939	;# 
  2047   000F64                     RXB0EIDL        equ	3940	;# 
  2048   000F65                     RXB0DLC         equ	3941	;# 
  2049   000F66                     RXB0D0          equ	3942	;# 
  2050   000F67                     RXB0D1          equ	3943	;# 
  2051   000F68                     RXB0D2          equ	3944	;# 
  2052   000F69                     RXB0D3          equ	3945	;# 
  2053   000F6A                     RXB0D4          equ	3946	;# 
  2054   000F6B                     RXB0D5          equ	3947	;# 
  2055   000F6C                     RXB0D6          equ	3948	;# 
  2056   000F6D                     RXB0D7          equ	3949	;# 
  2057   000F6E                     CANSTAT         equ	3950	;# 
  2058   000F6F                     CANCON          equ	3951	;# 
  2059   000F70                     BRGCON1         equ	3952	;# 
  2060   000F71                     BRGCON2         equ	3953	;# 
  2061   000F72                     BRGCON3         equ	3954	;# 
  2062   000F73                     CIOCON          equ	3955	;# 
  2063   000F74                     COMSTAT         equ	3956	;# 
  2064   000F75                     RXERRCNT        equ	3957	;# 
  2065   000F76                     TXERRCNT        equ	3958	;# 
  2066   000F77                     ECANCON         equ	3959	;# 
  2067   000F80                     PORTA           equ	3968	;# 
  2068   000F81                     PORTB           equ	3969	;# 
  2069   000F82                     PORTC           equ	3970	;# 
  2070   000F83                     PORTD           equ	3971	;# 
  2071   000F84                     PORTE           equ	3972	;# 
  2072   000F89                     LATA            equ	3977	;# 
  2073   000F8A                     LATB            equ	3978	;# 
  2074   000F8B                     LATC            equ	3979	;# 
  2075   000F8C                     LATD            equ	3980	;# 
  2076   000F8D                     LATE            equ	3981	;# 
  2077   000F92                     TRISA           equ	3986	;# 
  2078   000F92                     DDRA            equ	3986	;# 
  2079   000F93                     TRISB           equ	3987	;# 
  2080   000F93                     DDRB            equ	3987	;# 
  2081   000F94                     TRISC           equ	3988	;# 
  2082   000F94                     DDRC            equ	3988	;# 
  2083   000F95                     TRISD           equ	3989	;# 
  2084   000F95                     DDRD            equ	3989	;# 
  2085   000F96                     TRISE           equ	3990	;# 
  2086   000F96                     DDRE            equ	3990	;# 
  2087   000F9B                     OSCTUNE         equ	3995	;# 
  2088   000F9D                     PIE1            equ	3997	;# 
  2089   000F9E                     PIR1            equ	3998	;# 
  2090   000F9F                     IPR1            equ	3999	;# 
  2091   000FA0                     PIE2            equ	4000	;# 
  2092   000FA1                     PIR2            equ	4001	;# 
  2093   000FA2                     IPR2            equ	4002	;# 
  2094   000FA3                     PIE3            equ	4003	;# 
  2095   000FA4                     PIR3            equ	4004	;# 
  2096   000FA5                     IPR3            equ	4005	;# 
  2097   000FA6                     EECON1          equ	4006	;# 
  2098   000FA7                     EECON2          equ	4007	;# 
  2099   000FA8                     EEDATA          equ	4008	;# 
  2100   000FA9                     EEADR           equ	4009	;# 
  2101   000FAB                     RCSTA           equ	4011	;# 
  2102   000FAB                     RCSTA1          equ	4011	;# 
  2103   000FAC                     TXSTA           equ	4012	;# 
  2104   000FAC                     TXSTA1          equ	4012	;# 
  2105   000FAD                     TXREG           equ	4013	;# 
  2106   000FAD                     TXREG1          equ	4013	;# 
  2107   000FAE                     RCREG           equ	4014	;# 
  2108   000FAE                     RCREG1          equ	4014	;# 
  2109   000FAF                     SPBRG           equ	4015	;# 
  2110   000FAF                     SPBRG1          equ	4015	;# 
  2111   000FB0                     SPBRGH          equ	4016	;# 
  2112   000FB1                     T3CON           equ	4017	;# 
  2113   000FB2                     TMR3            equ	4018	;# 
  2114   000FB2                     TMR3L           equ	4018	;# 
  2115   000FB3                     TMR3H           equ	4019	;# 
  2116   000FB4                     CMCON           equ	4020	;# 
  2117   000FB5                     CVRCON          equ	4021	;# 
  2118   000FB6                     ECCP1AS         equ	4022	;# 
  2119   000FB7                     ECCP1DEL        equ	4023	;# 
  2120   000FB8                     BAUDCON         equ	4024	;# 
  2121   000FB8                     BAUDCTL         equ	4024	;# 
  2122   000FBA                     ECCP1CON        equ	4026	;# 
  2123   000FBB                     ECCPR1          equ	4027	;# 
  2124   000FBB                     ECCPR1L         equ	4027	;# 
  2125   000FBC                     ECCPR1H         equ	4028	;# 
  2126   000FBD                     CCP1CON         equ	4029	;# 
  2127   000FBE                     CCPR1           equ	4030	;# 
  2128   000FBE                     CCPR1L          equ	4030	;# 
  2129   000FBF                     CCPR1H          equ	4031	;# 
  2130   000FC0                     ADCON2          equ	4032	;# 
  2131   000FC1                     ADCON1          equ	4033	;# 
  2132   000FC2                     ADCON0          equ	4034	;# 
  2133   000FC3                     ADRES           equ	4035	;# 
  2134   000FC3                     ADRESL          equ	4035	;# 
  2135   000FC4                     ADRESH          equ	4036	;# 
  2136   000FC5                     SSPCON2         equ	4037	;# 
  2137   000FC6                     SSPCON1         equ	4038	;# 
  2138   000FC7                     SSPSTAT         equ	4039	;# 
  2139   000FC8                     SSPADD          equ	4040	;# 
  2140   000FC9                     SSPBUF          equ	4041	;# 
  2141   000FCA                     T2CON           equ	4042	;# 
  2142   000FCB                     PR2             equ	4043	;# 
  2143   000FCB                     MEMCON          equ	4043	;# 
  2144   000FCC                     TMR2            equ	4044	;# 
  2145   000FCD                     T1CON           equ	4045	;# 
  2146   000FCE                     TMR1            equ	4046	;# 
  2147   000FCE                     TMR1L           equ	4046	;# 
  2148   000FCF                     TMR1H           equ	4047	;# 
  2149   000FD0                     RCON            equ	4048	;# 
  2150   000FD1                     WDTCON          equ	4049	;# 
  2151   000FD2                     HLVDCON         equ	4050	;# 
  2152   000FD2                     LVDCON          equ	4050	;# 
  2153   000FD3                     OSCCON          equ	4051	;# 
  2154   000FD5                     T0CON           equ	4053	;# 
  2155   000FD6                     TMR0            equ	4054	;# 
  2156   000FD6                     TMR0L           equ	4054	;# 
  2157   000FD7                     TMR0H           equ	4055	;# 
  2158   000FD8                     STATUS          equ	4056	;# 
  2159   000FD9                     FSR2            equ	4057	;# 
  2160   000FD9                     FSR2L           equ	4057	;# 
  2161   000FDA                     FSR2H           equ	4058	;# 
  2162   000FDB                     PLUSW2          equ	4059	;# 
  2163   000FDC                     PREINC2         equ	4060	;# 
  2164   000FDD                     POSTDEC2        equ	4061	;# 
  2165   000FDE                     POSTINC2        equ	4062	;# 
  2166   000FDF                     INDF2           equ	4063	;# 
  2167   000FE0                     BSR             equ	4064	;# 
  2168   000FE1                     FSR1            equ	4065	;# 
  2169   000FE1                     FSR1L           equ	4065	;# 
  2170   000FE2                     FSR1H           equ	4066	;# 
  2171   000FE3                     PLUSW1          equ	4067	;# 
  2172   000FE4                     PREINC1         equ	4068	;# 
  2173   000FE5                     POSTDEC1        equ	4069	;# 
  2174   000FE6                     POSTINC1        equ	4070	;# 
  2175   000FE7                     INDF1           equ	4071	;# 
  2176   000FE8                     WREG            equ	4072	;# 
  2177   000FE9                     FSR0            equ	4073	;# 
  2178   000FE9                     FSR0L           equ	4073	;# 
  2179   000FEA                     FSR0H           equ	4074	;# 
  2180   000FEB                     PLUSW0          equ	4075	;# 
  2181   000FEC                     PREINC0         equ	4076	;# 
  2182   000FED                     POSTDEC0        equ	4077	;# 
  2183   000FEE                     POSTINC0        equ	4078	;# 
  2184   000FEF                     INDF0           equ	4079	;# 
  2185   000FF0                     INTCON3         equ	4080	;# 
  2186   000FF1                     INTCON2         equ	4081	;# 
  2187   000FF2                     INTCON          equ	4082	;# 
  2188   000FF3                     PROD            equ	4083	;# 
  2189   000FF3                     PRODL           equ	4083	;# 
  2190   000FF4                     PRODH           equ	4084	;# 
  2191   000FF5                     TABLAT          equ	4085	;# 
  2192   000FF6                     TBLPTR          equ	4086	;# 
  2193   000FF6                     TBLPTRL         equ	4086	;# 
  2194   000FF7                     TBLPTRH         equ	4087	;# 
  2195   000FF8                     TBLPTRU         equ	4088	;# 
  2196   000FF9                     PCLAT           equ	4089	;# 
  2197   000FF9                     PC              equ	4089	;# 
  2198   000FF9                     PCL             equ	4089	;# 
  2199   000FFA                     PCLATH          equ	4090	;# 
  2200   000FFB                     PCLATU          equ	4091	;# 
  2201   000FFC                     STKPTR          equ	4092	;# 
  2202   000FFD                     TOS             equ	4093	;# 
  2203   000FFD                     TOSL            equ	4093	;# 
  2204   000FFE                     TOSH            equ	4094	;# 
  2205   000FFF                     TOSU            equ	4095	;# 
  2206   000D60                     RXF6SIDH        equ	3424	;# 
  2207   000D61                     RXF6SIDL        equ	3425	;# 
  2208   000D62                     RXF6EIDH        equ	3426	;# 
  2209   000D63                     RXF6EIDL        equ	3427	;# 
  2210   000D64                     RXF7SIDH        equ	3428	;# 
  2211   000D65                     RXF7SIDL        equ	3429	;# 
  2212   000D66                     RXF7EIDH        equ	3430	;# 
  2213   000D67                     RXF7EIDL        equ	3431	;# 
  2214   000D68                     RXF8SIDH        equ	3432	;# 
  2215   000D69                     RXF8SIDL        equ	3433	;# 
  2216   000D6A                     RXF8EIDH        equ	3434	;# 
  2217   000D6B                     RXF8EIDL        equ	3435	;# 
  2218   000D70                     RXF9SIDH        equ	3440	;# 
  2219   000D71                     RXF9SIDL        equ	3441	;# 
  2220   000D72                     RXF9EIDH        equ	3442	;# 
  2221   000D73                     RXF9EIDL        equ	3443	;# 
  2222   000D74                     RXF10SIDH       equ	3444	;# 
  2223   000D75                     RXF10SIDL       equ	3445	;# 
  2224   000D76                     RXF10EIDH       equ	3446	;# 
  2225   000D77                     RXF10EIDL       equ	3447	;# 
  2226   000D78                     RXF11SIDH       equ	3448	;# 
  2227   000D79                     RXF11SIDL       equ	3449	;# 
  2228   000D7A                     RXF11EIDH       equ	3450	;# 
  2229   000D7B                     RXF11EIDL       equ	3451	;# 
  2230   000D80                     RXF12SIDH       equ	3456	;# 
  2231   000D81                     RXF12SIDL       equ	3457	;# 
  2232   000D82                     RXF12EIDH       equ	3458	;# 
  2233   000D83                     RXF12EIDL       equ	3459	;# 
  2234   000D84                     RXF13SIDH       equ	3460	;# 
  2235   000D85                     RXF13SIDL       equ	3461	;# 
  2236   000D86                     RXF13EIDH       equ	3462	;# 
  2237   000D87                     RXF13EIDL       equ	3463	;# 
  2238   000D88                     RXF14SIDH       equ	3464	;# 
  2239   000D89                     RXF14SIDL       equ	3465	;# 
  2240   000D8A                     RXF14EIDH       equ	3466	;# 
  2241   000D8B                     RXF14EIDL       equ	3467	;# 
  2242   000D90                     RXF15SIDH       equ	3472	;# 
  2243   000D91                     RXF15SIDL       equ	3473	;# 
  2244   000D92                     RXF15EIDH       equ	3474	;# 
  2245   000D93                     RXF15EIDL       equ	3475	;# 
  2246   000DD4                     RXFCON0         equ	3540	;# 
  2247   000DD5                     RXFCON1         equ	3541	;# 
  2248   000DD8                     SDFLC           equ	3544	;# 
  2249   000DE0                     RXFBCON0        equ	3552	;# 
  2250   000DE1                     RXFBCON1        equ	3553	;# 
  2251   000DE2                     RXFBCON2        equ	3554	;# 
  2252   000DE3                     RXFBCON3        equ	3555	;# 
  2253   000DE4                     RXFBCON4        equ	3556	;# 
  2254   000DE5                     RXFBCON5        equ	3557	;# 
  2255   000DE6                     RXFBCON6        equ	3558	;# 
  2256   000DE7                     RXFBCON7        equ	3559	;# 
  2257   000DF0                     MSEL0           equ	3568	;# 
  2258   000DF1                     MSEL1           equ	3569	;# 
  2259   000DF2                     MSEL2           equ	3570	;# 
  2260   000DF3                     MSEL3           equ	3571	;# 
  2261   000DF8                     BSEL0           equ	3576	;# 
  2262   000DFA                     BIE0            equ	3578	;# 
  2263   000DFC                     TXBIE           equ	3580	;# 
  2264   000E20                     B0CON           equ	3616	;# 
  2265   000E21                     B0SIDH          equ	3617	;# 
  2266   000E22                     B0SIDL          equ	3618	;# 
  2267   000E23                     B0EIDH          equ	3619	;# 
  2268   000E24                     B0EIDL          equ	3620	;# 
  2269   000E25                     B0DLC           equ	3621	;# 
  2270   000E26                     B0D0            equ	3622	;# 
  2271   000E27                     B0D1            equ	3623	;# 
  2272   000E28                     B0D2            equ	3624	;# 
  2273   000E29                     B0D3            equ	3625	;# 
  2274   000E2A                     B0D4            equ	3626	;# 
  2275   000E2B                     B0D5            equ	3627	;# 
  2276   000E2C                     B0D6            equ	3628	;# 
  2277   000E2D                     B0D7            equ	3629	;# 
  2278   000E2E                     CANSTAT_RO9     equ	3630	;# 
  2279   000E2F                     CANCON_RO9      equ	3631	;# 
  2280   000E30                     B1CON           equ	3632	;# 
  2281   000E31                     B1SIDH          equ	3633	;# 
  2282   000E32                     B1SIDL          equ	3634	;# 
  2283   000E33                     B1EIDH          equ	3635	;# 
  2284   000E34                     B1EIDL          equ	3636	;# 
  2285   000E35                     B1DLC           equ	3637	;# 
  2286   000E36                     B1D0            equ	3638	;# 
  2287   000E37                     B1D1            equ	3639	;# 
  2288   000E38                     B1D2            equ	3640	;# 
  2289   000E39                     B1D3            equ	3641	;# 
  2290   000E3A                     B1D4            equ	3642	;# 
  2291   000E3B                     B1D5            equ	3643	;# 
  2292   000E3C                     B1D6            equ	3644	;# 
  2293   000E3D                     B1D7            equ	3645	;# 
  2294   000E3E                     CANSTAT_RO8     equ	3646	;# 
  2295   000E3F                     CANCON_RO8      equ	3647	;# 
  2296   000E40                     B2CON           equ	3648	;# 
  2297   000E41                     B2SIDH          equ	3649	;# 
  2298   000E42                     B2SIDL          equ	3650	;# 
  2299   000E43                     B2EIDH          equ	3651	;# 
  2300   000E44                     B2EIDL          equ	3652	;# 
  2301   000E45                     B2DLC           equ	3653	;# 
  2302   000E46                     B2D0            equ	3654	;# 
  2303   000E47                     B2D1            equ	3655	;# 
  2304   000E48                     B2D2            equ	3656	;# 
  2305   000E49                     B2D3            equ	3657	;# 
  2306   000E4A                     B2D4            equ	3658	;# 
  2307   000E4B                     B2D5            equ	3659	;# 
  2308   000E4C                     B2D6            equ	3660	;# 
  2309   000E4D                     B2D7            equ	3661	;# 
  2310   000E4E                     CANSTAT_RO7     equ	3662	;# 
  2311   000E4F                     CANCON_RO7      equ	3663	;# 
  2312   000E50                     B3CON           equ	3664	;# 
  2313   000E51                     B3SIDH          equ	3665	;# 
  2314   000E52                     B3SIDL          equ	3666	;# 
  2315   000E53                     B3EIDH          equ	3667	;# 
  2316   000E54                     B3EIDL          equ	3668	;# 
  2317   000E55                     B3DLC           equ	3669	;# 
  2318   000E56                     B3D0            equ	3670	;# 
  2319   000E57                     B3D1            equ	3671	;# 
  2320   000E58                     B3D2            equ	3672	;# 
  2321   000E59                     B3D3            equ	3673	;# 
  2322   000E5A                     B3D4            equ	3674	;# 
  2323   000E5B                     B3D5            equ	3675	;# 
  2324   000E5C                     B3D6            equ	3676	;# 
  2325   000E5D                     B3D7            equ	3677	;# 
  2326   000E5E                     CANSTAT_RO6     equ	3678	;# 
  2327   000E5F                     CANCON_RO6      equ	3679	;# 
  2328   000E60                     B4CON           equ	3680	;# 
  2329   000E61                     B4SIDH          equ	3681	;# 
  2330   000E62                     B4SIDL          equ	3682	;# 
  2331   000E63                     B4EIDH          equ	3683	;# 
  2332   000E64                     B4EIDL          equ	3684	;# 
  2333   000E65                     B4DLC           equ	3685	;# 
  2334   000E66                     B4D0            equ	3686	;# 
  2335   000E67                     B4D1            equ	3687	;# 
  2336   000E68                     B4D2            equ	3688	;# 
  2337   000E69                     B4D3            equ	3689	;# 
  2338   000E6A                     B4D4            equ	3690	;# 
  2339   000E6B                     B4D5            equ	3691	;# 
  2340   000E6C                     B4D6            equ	3692	;# 
  2341   000E6D                     B4D7            equ	3693	;# 
  2342   000E6E                     CANSTAT_RO5     equ	3694	;# 
  2343   000E6F                     CANCON_RO5      equ	3695	;# 
  2344   000E70                     B5CON           equ	3696	;# 
  2345   000E71                     B5SIDH          equ	3697	;# 
  2346   000E72                     B5SIDL          equ	3698	;# 
  2347   000E73                     B5EIDH          equ	3699	;# 
  2348   000E74                     B5EIDL          equ	3700	;# 
  2349   000E75                     B5DLC           equ	3701	;# 
  2350   000E76                     B5D0            equ	3702	;# 
  2351   000E77                     B5D1            equ	3703	;# 
  2352   000E78                     B5D2            equ	3704	;# 
  2353   000E79                     B5D3            equ	3705	;# 
  2354   000E7A                     B5D4            equ	3706	;# 
  2355   000E7B                     B5D5            equ	3707	;# 
  2356   000E7C                     B5D6            equ	3708	;# 
  2357   000E7D                     B5D7            equ	3709	;# 
  2358   000E7E                     CANSTAT_RO4     equ	3710	;# 
  2359   000E7F                     CANCON_RO4      equ	3711	;# 
  2360   000F00                     RXF0SIDH        equ	3840	;# 
  2361   000F01                     RXF0SIDL        equ	3841	;# 
  2362   000F02                     RXF0EIDH        equ	3842	;# 
  2363   000F03                     RXF0EIDL        equ	3843	;# 
  2364   000F04                     RXF1SIDH        equ	3844	;# 
  2365   000F05                     RXF1SIDL        equ	3845	;# 
  2366   000F06                     RXF1EIDH        equ	3846	;# 
  2367   000F07                     RXF1EIDL        equ	3847	;# 
  2368   000F08                     RXF2SIDH        equ	3848	;# 
  2369   000F09                     RXF2SIDL        equ	3849	;# 
  2370   000F0A                     RXF2EIDH        equ	3850	;# 
  2371   000F0B                     RXF2EIDL        equ	3851	;# 
  2372   000F0C                     RXF3SIDH        equ	3852	;# 
  2373   000F0D                     RXF3SIDL        equ	3853	;# 
  2374   000F0E                     RXF3EIDH        equ	3854	;# 
  2375   000F0F                     RXF3EIDL        equ	3855	;# 
  2376   000F10                     RXF4SIDH        equ	3856	;# 
  2377   000F11                     RXF4SIDL        equ	3857	;# 
  2378   000F12                     RXF4EIDH        equ	3858	;# 
  2379   000F13                     RXF4EIDL        equ	3859	;# 
  2380   000F14                     RXF5SIDH        equ	3860	;# 
  2381   000F15                     RXF5SIDL        equ	3861	;# 
  2382   000F16                     RXF5EIDH        equ	3862	;# 
  2383   000F17                     RXF5EIDL        equ	3863	;# 
  2384   000F18                     RXM0SIDH        equ	3864	;# 
  2385   000F19                     RXM0SIDL        equ	3865	;# 
  2386   000F1A                     RXM0EIDH        equ	3866	;# 
  2387   000F1B                     RXM0EIDL        equ	3867	;# 
  2388   000F1C                     RXM1SIDH        equ	3868	;# 
  2389   000F1D                     RXM1SIDL        equ	3869	;# 
  2390   000F1E                     RXM1EIDH        equ	3870	;# 
  2391   000F1F                     RXM1EIDL        equ	3871	;# 
  2392   000F20                     TXB2CON         equ	3872	;# 
  2393   000F21                     TXB2SIDH        equ	3873	;# 
  2394   000F22                     TXB2SIDL        equ	3874	;# 
  2395   000F23                     TXB2EIDH        equ	3875	;# 
  2396   000F24                     TXB2EIDL        equ	3876	;# 
  2397   000F25                     TXB2DLC         equ	3877	;# 
  2398   000F26                     TXB2D0          equ	3878	;# 
  2399   000F27                     TXB2D1          equ	3879	;# 
  2400   000F28                     TXB2D2          equ	3880	;# 
  2401   000F29                     TXB2D3          equ	3881	;# 
  2402   000F2A                     TXB2D4          equ	3882	;# 
  2403   000F2B                     TXB2D5          equ	3883	;# 
  2404   000F2C                     TXB2D6          equ	3884	;# 
  2405   000F2D                     TXB2D7          equ	3885	;# 
  2406   000F2E                     CANSTAT_RO3     equ	3886	;# 
  2407   000F2F                     CANCON_RO3      equ	3887	;# 
  2408   000F30                     TXB1CON         equ	3888	;# 
  2409   000F31                     TXB1SIDH        equ	3889	;# 
  2410   000F32                     TXB1SIDL        equ	3890	;# 
  2411   000F33                     TXB1EIDH        equ	3891	;# 
  2412   000F34                     TXB1EIDL        equ	3892	;# 
  2413   000F35                     TXB1DLC         equ	3893	;# 
  2414   000F36                     TXB1D0          equ	3894	;# 
  2415   000F37                     TXB1D1          equ	3895	;# 
  2416   000F38                     TXB1D2          equ	3896	;# 
  2417   000F39                     TXB1D3          equ	3897	;# 
  2418   000F3A                     TXB1D4          equ	3898	;# 
  2419   000F3B                     TXB1D5          equ	3899	;# 
  2420   000F3C                     TXB1D6          equ	3900	;# 
  2421   000F3D                     TXB1D7          equ	3901	;# 
  2422   000F3E                     CANSTAT_RO2     equ	3902	;# 
  2423   000F3F                     CANCON_RO2      equ	3903	;# 
  2424   000F40                     TXB0CON         equ	3904	;# 
  2425   000F41                     TXB0SIDH        equ	3905	;# 
  2426   000F42                     TXB0SIDL        equ	3906	;# 
  2427   000F43                     TXB0EIDH        equ	3907	;# 
  2428   000F44                     TXB0EIDL        equ	3908	;# 
  2429   000F45                     TXB0DLC         equ	3909	;# 
  2430   000F46                     TXB0D0          equ	3910	;# 
  2431   000F47                     TXB0D1          equ	3911	;# 
  2432   000F48                     TXB0D2          equ	3912	;# 
  2433   000F49                     TXB0D3          equ	3913	;# 
  2434   000F4A                     TXB0D4          equ	3914	;# 
  2435   000F4B                     TXB0D5          equ	3915	;# 
  2436   000F4C                     TXB0D6          equ	3916	;# 
  2437   000F4D                     TXB0D7          equ	3917	;# 
  2438   000F4E                     CANSTAT_RO1     equ	3918	;# 
  2439   000F4F                     CANCON_RO1      equ	3919	;# 
  2440   000F50                     RXB1CON         equ	3920	;# 
  2441   000F51                     RXB1SIDH        equ	3921	;# 
  2442   000F52                     RXB1SIDL        equ	3922	;# 
  2443   000F53                     RXB1EIDH        equ	3923	;# 
  2444   000F54                     RXB1EIDL        equ	3924	;# 
  2445   000F55                     RXB1DLC         equ	3925	;# 
  2446   000F56                     RXB1D0          equ	3926	;# 
  2447   000F57                     RXB1D1          equ	3927	;# 
  2448   000F58                     RXB1D2          equ	3928	;# 
  2449   000F59                     RXB1D3          equ	3929	;# 
  2450   000F5A                     RXB1D4          equ	3930	;# 
  2451   000F5B                     RXB1D5          equ	3931	;# 
  2452   000F5C                     RXB1D6          equ	3932	;# 
  2453   000F5D                     RXB1D7          equ	3933	;# 
  2454   000F5E                     CANSTAT_RO0     equ	3934	;# 
  2455   000F5F                     CANCON_RO0      equ	3935	;# 
  2456   000F60                     RXB0CON         equ	3936	;# 
  2457   000F61                     RXB0SIDH        equ	3937	;# 
  2458   000F62                     RXB0SIDL        equ	3938	;# 
  2459   000F63                     RXB0EIDH        equ	3939	;# 
  2460   000F64                     RXB0EIDL        equ	3940	;# 
  2461   000F65                     RXB0DLC         equ	3941	;# 
  2462   000F66                     RXB0D0          equ	3942	;# 
  2463   000F67                     RXB0D1          equ	3943	;# 
  2464   000F68                     RXB0D2          equ	3944	;# 
  2465   000F69                     RXB0D3          equ	3945	;# 
  2466   000F6A                     RXB0D4          equ	3946	;# 
  2467   000F6B                     RXB0D5          equ	3947	;# 
  2468   000F6C                     RXB0D6          equ	3948	;# 
  2469   000F6D                     RXB0D7          equ	3949	;# 
  2470   000F6E                     CANSTAT         equ	3950	;# 
  2471   000F6F                     CANCON          equ	3951	;# 
  2472   000F70                     BRGCON1         equ	3952	;# 
  2473   000F71                     BRGCON2         equ	3953	;# 
  2474   000F72                     BRGCON3         equ	3954	;# 
  2475   000F73                     CIOCON          equ	3955	;# 
  2476   000F74                     COMSTAT         equ	3956	;# 
  2477   000F75                     RXERRCNT        equ	3957	;# 
  2478   000F76                     TXERRCNT        equ	3958	;# 
  2479   000F77                     ECANCON         equ	3959	;# 
  2480   000F80                     PORTA           equ	3968	;# 
  2481   000F81                     PORTB           equ	3969	;# 
  2482   000F82                     PORTC           equ	3970	;# 
  2483   000F83                     PORTD           equ	3971	;# 
  2484   000F84                     PORTE           equ	3972	;# 
  2485   000F89                     LATA            equ	3977	;# 
  2486   000F8A                     LATB            equ	3978	;# 
  2487   000F8B                     LATC            equ	3979	;# 
  2488   000F8C                     LATD            equ	3980	;# 
  2489   000F8D                     LATE            equ	3981	;# 
  2490   000F92                     TRISA           equ	3986	;# 
  2491   000F92                     DDRA            equ	3986	;# 
  2492   000F93                     TRISB           equ	3987	;# 
  2493   000F93                     DDRB            equ	3987	;# 
  2494   000F94                     TRISC           equ	3988	;# 
  2495   000F94                     DDRC            equ	3988	;# 
  2496   000F95                     TRISD           equ	3989	;# 
  2497   000F95                     DDRD            equ	3989	;# 
  2498   000F96                     TRISE           equ	3990	;# 
  2499   000F96                     DDRE            equ	3990	;# 
  2500   000F9B                     OSCTUNE         equ	3995	;# 
  2501   000F9D                     PIE1            equ	3997	;# 
  2502   000F9E                     PIR1            equ	3998	;# 
  2503   000F9F                     IPR1            equ	3999	;# 
  2504   000FA0                     PIE2            equ	4000	;# 
  2505   000FA1                     PIR2            equ	4001	;# 
  2506   000FA2                     IPR2            equ	4002	;# 
  2507   000FA3                     PIE3            equ	4003	;# 
  2508   000FA4                     PIR3            equ	4004	;# 
  2509   000FA5                     IPR3            equ	4005	;# 
  2510   000FA6                     EECON1          equ	4006	;# 
  2511   000FA7                     EECON2          equ	4007	;# 
  2512   000FA8                     EEDATA          equ	4008	;# 
  2513   000FA9                     EEADR           equ	4009	;# 
  2514   000FAB                     RCSTA           equ	4011	;# 
  2515   000FAB                     RCSTA1          equ	4011	;# 
  2516   000FAC                     TXSTA           equ	4012	;# 
  2517   000FAC                     TXSTA1          equ	4012	;# 
  2518   000FAD                     TXREG           equ	4013	;# 
  2519   000FAD                     TXREG1          equ	4013	;# 
  2520   000FAE                     RCREG           equ	4014	;# 
  2521   000FAE                     RCREG1          equ	4014	;# 
  2522   000FAF                     SPBRG           equ	4015	;# 
  2523   000FAF                     SPBRG1          equ	4015	;# 
  2524   000FB0                     SPBRGH          equ	4016	;# 
  2525   000FB1                     T3CON           equ	4017	;# 
  2526   000FB2                     TMR3            equ	4018	;# 
  2527   000FB2                     TMR3L           equ	4018	;# 
  2528   000FB3                     TMR3H           equ	4019	;# 
  2529   000FB4                     CMCON           equ	4020	;# 
  2530   000FB5                     CVRCON          equ	4021	;# 
  2531   000FB6                     ECCP1AS         equ	4022	;# 
  2532   000FB7                     ECCP1DEL        equ	4023	;# 
  2533   000FB8                     BAUDCON         equ	4024	;# 
  2534   000FB8                     BAUDCTL         equ	4024	;# 
  2535   000FBA                     ECCP1CON        equ	4026	;# 
  2536   000FBB                     ECCPR1          equ	4027	;# 
  2537   000FBB                     ECCPR1L         equ	4027	;# 
  2538   000FBC                     ECCPR1H         equ	4028	;# 
  2539   000FBD                     CCP1CON         equ	4029	;# 
  2540   000FBE                     CCPR1           equ	4030	;# 
  2541   000FBE                     CCPR1L          equ	4030	;# 
  2542   000FBF                     CCPR1H          equ	4031	;# 
  2543   000FC0                     ADCON2          equ	4032	;# 
  2544   000FC1                     ADCON1          equ	4033	;# 
  2545   000FC2                     ADCON0          equ	4034	;# 
  2546   000FC3                     ADRES           equ	4035	;# 
  2547   000FC3                     ADRESL          equ	4035	;# 
  2548   000FC4                     ADRESH          equ	4036	;# 
  2549   000FC5                     SSPCON2         equ	4037	;# 
  2550   000FC6                     SSPCON1         equ	4038	;# 
  2551   000FC7                     SSPSTAT         equ	4039	;# 
  2552   000FC8                     SSPADD          equ	4040	;# 
  2553   000FC9                     SSPBUF          equ	4041	;# 
  2554   000FCA                     T2CON           equ	4042	;# 
  2555   000FCB                     PR2             equ	4043	;# 
  2556   000FCB                     MEMCON          equ	4043	;# 
  2557   000FCC                     TMR2            equ	4044	;# 
  2558   000FCD                     T1CON           equ	4045	;# 
  2559   000FCE                     TMR1            equ	4046	;# 
  2560   000FCE                     TMR1L           equ	4046	;# 
  2561   000FCF                     TMR1H           equ	4047	;# 
  2562   000FD0                     RCON            equ	4048	;# 
  2563   000FD1                     WDTCON          equ	4049	;# 
  2564   000FD2                     HLVDCON         equ	4050	;# 
  2565   000FD2                     LVDCON          equ	4050	;# 
  2566   000FD3                     OSCCON          equ	4051	;# 
  2567   000FD5                     T0CON           equ	4053	;# 
  2568   000FD6                     TMR0            equ	4054	;# 
  2569   000FD6                     TMR0L           equ	4054	;# 
  2570   000FD7                     TMR0H           equ	4055	;# 
  2571   000FD8                     STATUS          equ	4056	;# 
  2572   000FD9                     FSR2            equ	4057	;# 
  2573   000FD9                     FSR2L           equ	4057	;# 
  2574   000FDA                     FSR2H           equ	4058	;# 
  2575   000FDB                     PLUSW2          equ	4059	;# 
  2576   000FDC                     PREINC2         equ	4060	;# 
  2577   000FDD                     POSTDEC2        equ	4061	;# 
  2578   000FDE                     POSTINC2        equ	4062	;# 
  2579   000FDF                     INDF2           equ	4063	;# 
  2580   000FE0                     BSR             equ	4064	;# 
  2581   000FE1                     FSR1            equ	4065	;# 
  2582   000FE1                     FSR1L           equ	4065	;# 
  2583   000FE2                     FSR1H           equ	4066	;# 
  2584   000FE3                     PLUSW1          equ	4067	;# 
  2585   000FE4                     PREINC1         equ	4068	;# 
  2586   000FE5                     POSTDEC1        equ	4069	;# 
  2587   000FE6                     POSTINC1        equ	4070	;# 
  2588   000FE7                     INDF1           equ	4071	;# 
  2589   000FE8                     WREG            equ	4072	;# 
  2590   000FE9                     FSR0            equ	4073	;# 
  2591   000FE9                     FSR0L           equ	4073	;# 
  2592   000FEA                     FSR0H           equ	4074	;# 
  2593   000FEB                     PLUSW0          equ	4075	;# 
  2594   000FEC                     PREINC0         equ	4076	;# 
  2595   000FED                     POSTDEC0        equ	4077	;# 
  2596   000FEE                     POSTINC0        equ	4078	;# 
  2597   000FEF                     INDF0           equ	4079	;# 
  2598   000FF0                     INTCON3         equ	4080	;# 
  2599   000FF1                     INTCON2         equ	4081	;# 
  2600   000FF2                     INTCON          equ	4082	;# 
  2601   000FF3                     PROD            equ	4083	;# 
  2602   000FF3                     PRODL           equ	4083	;# 
  2603   000FF4                     PRODH           equ	4084	;# 
  2604   000FF5                     TABLAT          equ	4085	;# 
  2605   000FF6                     TBLPTR          equ	4086	;# 
  2606   000FF6                     TBLPTRL         equ	4086	;# 
  2607   000FF7                     TBLPTRH         equ	4087	;# 
  2608   000FF8                     TBLPTRU         equ	4088	;# 
  2609   000FF9                     PCLAT           equ	4089	;# 
  2610   000FF9                     PC              equ	4089	;# 
  2611   000FF9                     PCL             equ	4089	;# 
  2612   000FFA                     PCLATH          equ	4090	;# 
  2613   000FFB                     PCLATU          equ	4091	;# 
  2614   000FFC                     STKPTR          equ	4092	;# 
  2615   000FFD                     TOS             equ	4093	;# 
  2616   000FFD                     TOSL            equ	4093	;# 
  2617   000FFE                     TOSH            equ	4094	;# 
  2618   000FFF                     TOSU            equ	4095	;# 
  2619   000D60                     RXF6SIDH        equ	3424	;# 
  2620   000D61                     RXF6SIDL        equ	3425	;# 
  2621   000D62                     RXF6EIDH        equ	3426	;# 
  2622   000D63                     RXF6EIDL        equ	3427	;# 
  2623   000D64                     RXF7SIDH        equ	3428	;# 
  2624   000D65                     RXF7SIDL        equ	3429	;# 
  2625   000D66                     RXF7EIDH        equ	3430	;# 
  2626   000D67                     RXF7EIDL        equ	3431	;# 
  2627   000D68                     RXF8SIDH        equ	3432	;# 
  2628   000D69                     RXF8SIDL        equ	3433	;# 
  2629   000D6A                     RXF8EIDH        equ	3434	;# 
  2630   000D6B                     RXF8EIDL        equ	3435	;# 
  2631   000D70                     RXF9SIDH        equ	3440	;# 
  2632   000D71                     RXF9SIDL        equ	3441	;# 
  2633   000D72                     RXF9EIDH        equ	3442	;# 
  2634   000D73                     RXF9EIDL        equ	3443	;# 
  2635   000D74                     RXF10SIDH       equ	3444	;# 
  2636   000D75                     RXF10SIDL       equ	3445	;# 
  2637   000D76                     RXF10EIDH       equ	3446	;# 
  2638   000D77                     RXF10EIDL       equ	3447	;# 
  2639   000D78                     RXF11SIDH       equ	3448	;# 
  2640   000D79                     RXF11SIDL       equ	3449	;# 
  2641   000D7A                     RXF11EIDH       equ	3450	;# 
  2642   000D7B                     RXF11EIDL       equ	3451	;# 
  2643   000D80                     RXF12SIDH       equ	3456	;# 
  2644   000D81                     RXF12SIDL       equ	3457	;# 
  2645   000D82                     RXF12EIDH       equ	3458	;# 
  2646   000D83                     RXF12EIDL       equ	3459	;# 
  2647   000D84                     RXF13SIDH       equ	3460	;# 
  2648   000D85                     RXF13SIDL       equ	3461	;# 
  2649   000D86                     RXF13EIDH       equ	3462	;# 
  2650   000D87                     RXF13EIDL       equ	3463	;# 
  2651   000D88                     RXF14SIDH       equ	3464	;# 
  2652   000D89                     RXF14SIDL       equ	3465	;# 
  2653   000D8A                     RXF14EIDH       equ	3466	;# 
  2654   000D8B                     RXF14EIDL       equ	3467	;# 
  2655   000D90                     RXF15SIDH       equ	3472	;# 
  2656   000D91                     RXF15SIDL       equ	3473	;# 
  2657   000D92                     RXF15EIDH       equ	3474	;# 
  2658   000D93                     RXF15EIDL       equ	3475	;# 
  2659   000DD4                     RXFCON0         equ	3540	;# 
  2660   000DD5                     RXFCON1         equ	3541	;# 
  2661   000DD8                     SDFLC           equ	3544	;# 
  2662   000DE0                     RXFBCON0        equ	3552	;# 
  2663   000DE1                     RXFBCON1        equ	3553	;# 
  2664   000DE2                     RXFBCON2        equ	3554	;# 
  2665   000DE3                     RXFBCON3        equ	3555	;# 
  2666   000DE4                     RXFBCON4        equ	3556	;# 
  2667   000DE5                     RXFBCON5        equ	3557	;# 
  2668   000DE6                     RXFBCON6        equ	3558	;# 
  2669   000DE7                     RXFBCON7        equ	3559	;# 
  2670   000DF0                     MSEL0           equ	3568	;# 
  2671   000DF1                     MSEL1           equ	3569	;# 
  2672   000DF2                     MSEL2           equ	3570	;# 
  2673   000DF3                     MSEL3           equ	3571	;# 
  2674   000DF8                     BSEL0           equ	3576	;# 
  2675   000DFA                     BIE0            equ	3578	;# 
  2676   000DFC                     TXBIE           equ	3580	;# 
  2677   000E20                     B0CON           equ	3616	;# 
  2678   000E21                     B0SIDH          equ	3617	;# 
  2679   000E22                     B0SIDL          equ	3618	;# 
  2680   000E23                     B0EIDH          equ	3619	;# 
  2681   000E24                     B0EIDL          equ	3620	;# 
  2682   000E25                     B0DLC           equ	3621	;# 
  2683   000E26                     B0D0            equ	3622	;# 
  2684   000E27                     B0D1            equ	3623	;# 
  2685   000E28                     B0D2            equ	3624	;# 
  2686   000E29                     B0D3            equ	3625	;# 
  2687   000E2A                     B0D4            equ	3626	;# 
  2688   000E2B                     B0D5            equ	3627	;# 
  2689   000E2C                     B0D6            equ	3628	;# 
  2690   000E2D                     B0D7            equ	3629	;# 
  2691   000E2E                     CANSTAT_RO9     equ	3630	;# 
  2692   000E2F                     CANCON_RO9      equ	3631	;# 
  2693   000E30                     B1CON           equ	3632	;# 
  2694   000E31                     B1SIDH          equ	3633	;# 
  2695   000E32                     B1SIDL          equ	3634	;# 
  2696   000E33                     B1EIDH          equ	3635	;# 
  2697   000E34                     B1EIDL          equ	3636	;# 
  2698   000E35                     B1DLC           equ	3637	;# 
  2699   000E36                     B1D0            equ	3638	;# 
  2700   000E37                     B1D1            equ	3639	;# 
  2701   000E38                     B1D2            equ	3640	;# 
  2702   000E39                     B1D3            equ	3641	;# 
  2703   000E3A                     B1D4            equ	3642	;# 
  2704   000E3B                     B1D5            equ	3643	;# 
  2705   000E3C                     B1D6            equ	3644	;# 
  2706   000E3D                     B1D7            equ	3645	;# 
  2707   000E3E                     CANSTAT_RO8     equ	3646	;# 
  2708   000E3F                     CANCON_RO8      equ	3647	;# 
  2709   000E40                     B2CON           equ	3648	;# 
  2710   000E41                     B2SIDH          equ	3649	;# 
  2711   000E42                     B2SIDL          equ	3650	;# 
  2712   000E43                     B2EIDH          equ	3651	;# 
  2713   000E44                     B2EIDL          equ	3652	;# 
  2714   000E45                     B2DLC           equ	3653	;# 
  2715   000E46                     B2D0            equ	3654	;# 
  2716   000E47                     B2D1            equ	3655	;# 
  2717   000E48                     B2D2            equ	3656	;# 
  2718   000E49                     B2D3            equ	3657	;# 
  2719   000E4A                     B2D4            equ	3658	;# 
  2720   000E4B                     B2D5            equ	3659	;# 
  2721   000E4C                     B2D6            equ	3660	;# 
  2722   000E4D                     B2D7            equ	3661	;# 
  2723   000E4E                     CANSTAT_RO7     equ	3662	;# 
  2724   000E4F                     CANCON_RO7      equ	3663	;# 
  2725   000E50                     B3CON           equ	3664	;# 
  2726   000E51                     B3SIDH          equ	3665	;# 
  2727   000E52                     B3SIDL          equ	3666	;# 
  2728   000E53                     B3EIDH          equ	3667	;# 
  2729   000E54                     B3EIDL          equ	3668	;# 
  2730   000E55                     B3DLC           equ	3669	;# 
  2731   000E56                     B3D0            equ	3670	;# 
  2732   000E57                     B3D1            equ	3671	;# 
  2733   000E58                     B3D2            equ	3672	;# 
  2734   000E59                     B3D3            equ	3673	;# 
  2735   000E5A                     B3D4            equ	3674	;# 
  2736   000E5B                     B3D5            equ	3675	;# 
  2737   000E5C                     B3D6            equ	3676	;# 
  2738   000E5D                     B3D7            equ	3677	;# 
  2739   000E5E                     CANSTAT_RO6     equ	3678	;# 
  2740   000E5F                     CANCON_RO6      equ	3679	;# 
  2741   000E60                     B4CON           equ	3680	;# 
  2742   000E61                     B4SIDH          equ	3681	;# 
  2743   000E62                     B4SIDL          equ	3682	;# 
  2744   000E63                     B4EIDH          equ	3683	;# 
  2745   000E64                     B4EIDL          equ	3684	;# 
  2746   000E65                     B4DLC           equ	3685	;# 
  2747   000E66                     B4D0            equ	3686	;# 
  2748   000E67                     B4D1            equ	3687	;# 
  2749   000E68                     B4D2            equ	3688	;# 
  2750   000E69                     B4D3            equ	3689	;# 
  2751   000E6A                     B4D4            equ	3690	;# 
  2752   000E6B                     B4D5            equ	3691	;# 
  2753   000E6C                     B4D6            equ	3692	;# 
  2754   000E6D                     B4D7            equ	3693	;# 
  2755   000E6E                     CANSTAT_RO5     equ	3694	;# 
  2756   000E6F                     CANCON_RO5      equ	3695	;# 
  2757   000E70                     B5CON           equ	3696	;# 
  2758   000E71                     B5SIDH          equ	3697	;# 
  2759   000E72                     B5SIDL          equ	3698	;# 
  2760   000E73                     B5EIDH          equ	3699	;# 
  2761   000E74                     B5EIDL          equ	3700	;# 
  2762   000E75                     B5DLC           equ	3701	;# 
  2763   000E76                     B5D0            equ	3702	;# 
  2764   000E77                     B5D1            equ	3703	;# 
  2765   000E78                     B5D2            equ	3704	;# 
  2766   000E79                     B5D3            equ	3705	;# 
  2767   000E7A                     B5D4            equ	3706	;# 
  2768   000E7B                     B5D5            equ	3707	;# 
  2769   000E7C                     B5D6            equ	3708	;# 
  2770   000E7D                     B5D7            equ	3709	;# 
  2771   000E7E                     CANSTAT_RO4     equ	3710	;# 
  2772   000E7F                     CANCON_RO4      equ	3711	;# 
  2773   000F00                     RXF0SIDH        equ	3840	;# 
  2774   000F01                     RXF0SIDL        equ	3841	;# 
  2775   000F02                     RXF0EIDH        equ	3842	;# 
  2776   000F03                     RXF0EIDL        equ	3843	;# 
  2777   000F04                     RXF1SIDH        equ	3844	;# 
  2778   000F05                     RXF1SIDL        equ	3845	;# 
  2779   000F06                     RXF1EIDH        equ	3846	;# 
  2780   000F07                     RXF1EIDL        equ	3847	;# 
  2781   000F08                     RXF2SIDH        equ	3848	;# 
  2782   000F09                     RXF2SIDL        equ	3849	;# 
  2783   000F0A                     RXF2EIDH        equ	3850	;# 
  2784   000F0B                     RXF2EIDL        equ	3851	;# 
  2785   000F0C                     RXF3SIDH        equ	3852	;# 
  2786   000F0D                     RXF3SIDL        equ	3853	;# 
  2787   000F0E                     RXF3EIDH        equ	3854	;# 
  2788   000F0F                     RXF3EIDL        equ	3855	;# 
  2789   000F10                     RXF4SIDH        equ	3856	;# 
  2790   000F11                     RXF4SIDL        equ	3857	;# 
  2791   000F12                     RXF4EIDH        equ	3858	;# 
  2792   000F13                     RXF4EIDL        equ	3859	;# 
  2793   000F14                     RXF5SIDH        equ	3860	;# 
  2794   000F15                     RXF5SIDL        equ	3861	;# 
  2795   000F16                     RXF5EIDH        equ	3862	;# 
  2796   000F17                     RXF5EIDL        equ	3863	;# 
  2797   000F18                     RXM0SIDH        equ	3864	;# 
  2798   000F19                     RXM0SIDL        equ	3865	;# 
  2799   000F1A                     RXM0EIDH        equ	3866	;# 
  2800   000F1B                     RXM0EIDL        equ	3867	;# 
  2801   000F1C                     RXM1SIDH        equ	3868	;# 
  2802   000F1D                     RXM1SIDL        equ	3869	;# 
  2803   000F1E                     RXM1EIDH        equ	3870	;# 
  2804   000F1F                     RXM1EIDL        equ	3871	;# 
  2805   000F20                     TXB2CON         equ	3872	;# 
  2806   000F21                     TXB2SIDH        equ	3873	;# 
  2807   000F22                     TXB2SIDL        equ	3874	;# 
  2808   000F23                     TXB2EIDH        equ	3875	;# 
  2809   000F24                     TXB2EIDL        equ	3876	;# 
  2810   000F25                     TXB2DLC         equ	3877	;# 
  2811   000F26                     TXB2D0          equ	3878	;# 
  2812   000F27                     TXB2D1          equ	3879	;# 
  2813   000F28                     TXB2D2          equ	3880	;# 
  2814   000F29                     TXB2D3          equ	3881	;# 
  2815   000F2A                     TXB2D4          equ	3882	;# 
  2816   000F2B                     TXB2D5          equ	3883	;# 
  2817   000F2C                     TXB2D6          equ	3884	;# 
  2818   000F2D                     TXB2D7          equ	3885	;# 
  2819   000F2E                     CANSTAT_RO3     equ	3886	;# 
  2820   000F2F                     CANCON_RO3      equ	3887	;# 
  2821   000F30                     TXB1CON         equ	3888	;# 
  2822   000F31                     TXB1SIDH        equ	3889	;# 
  2823   000F32                     TXB1SIDL        equ	3890	;# 
  2824   000F33                     TXB1EIDH        equ	3891	;# 
  2825   000F34                     TXB1EIDL        equ	3892	;# 
  2826   000F35                     TXB1DLC         equ	3893	;# 
  2827   000F36                     TXB1D0          equ	3894	;# 
  2828   000F37                     TXB1D1          equ	3895	;# 
  2829   000F38                     TXB1D2          equ	3896	;# 
  2830   000F39                     TXB1D3          equ	3897	;# 
  2831   000F3A                     TXB1D4          equ	3898	;# 
  2832   000F3B                     TXB1D5          equ	3899	;# 
  2833   000F3C                     TXB1D6          equ	3900	;# 
  2834   000F3D                     TXB1D7          equ	3901	;# 
  2835   000F3E                     CANSTAT_RO2     equ	3902	;# 
  2836   000F3F                     CANCON_RO2      equ	3903	;# 
  2837   000F40                     TXB0CON         equ	3904	;# 
  2838   000F41                     TXB0SIDH        equ	3905	;# 
  2839   000F42                     TXB0SIDL        equ	3906	;# 
  2840   000F43                     TXB0EIDH        equ	3907	;# 
  2841   000F44                     TXB0EIDL        equ	3908	;# 
  2842   000F45                     TXB0DLC         equ	3909	;# 
  2843   000F46                     TXB0D0          equ	3910	;# 
  2844   000F47                     TXB0D1          equ	3911	;# 
  2845   000F48                     TXB0D2          equ	3912	;# 
  2846   000F49                     TXB0D3          equ	3913	;# 
  2847   000F4A                     TXB0D4          equ	3914	;# 
  2848   000F4B                     TXB0D5          equ	3915	;# 
  2849   000F4C                     TXB0D6          equ	3916	;# 
  2850   000F4D                     TXB0D7          equ	3917	;# 
  2851   000F4E                     CANSTAT_RO1     equ	3918	;# 
  2852   000F4F                     CANCON_RO1      equ	3919	;# 
  2853   000F50                     RXB1CON         equ	3920	;# 
  2854   000F51                     RXB1SIDH        equ	3921	;# 
  2855   000F52                     RXB1SIDL        equ	3922	;# 
  2856   000F53                     RXB1EIDH        equ	3923	;# 
  2857   000F54                     RXB1EIDL        equ	3924	;# 
  2858   000F55                     RXB1DLC         equ	3925	;# 
  2859   000F56                     RXB1D0          equ	3926	;# 
  2860   000F57                     RXB1D1          equ	3927	;# 
  2861   000F58                     RXB1D2          equ	3928	;# 
  2862   000F59                     RXB1D3          equ	3929	;# 
  2863   000F5A                     RXB1D4          equ	3930	;# 
  2864   000F5B                     RXB1D5          equ	3931	;# 
  2865   000F5C                     RXB1D6          equ	3932	;# 
  2866   000F5D                     RXB1D7          equ	3933	;# 
  2867   000F5E                     CANSTAT_RO0     equ	3934	;# 
  2868   000F5F                     CANCON_RO0      equ	3935	;# 
  2869   000F60                     RXB0CON         equ	3936	;# 
  2870   000F61                     RXB0SIDH        equ	3937	;# 
  2871   000F62                     RXB0SIDL        equ	3938	;# 
  2872   000F63                     RXB0EIDH        equ	3939	;# 
  2873   000F64                     RXB0EIDL        equ	3940	;# 
  2874   000F65                     RXB0DLC         equ	3941	;# 
  2875   000F66                     RXB0D0          equ	3942	;# 
  2876   000F67                     RXB0D1          equ	3943	;# 
  2877   000F68                     RXB0D2          equ	3944	;# 
  2878   000F69                     RXB0D3          equ	3945	;# 
  2879   000F6A                     RXB0D4          equ	3946	;# 
  2880   000F6B                     RXB0D5          equ	3947	;# 
  2881   000F6C                     RXB0D6          equ	3948	;# 
  2882   000F6D                     RXB0D7          equ	3949	;# 
  2883   000F6E                     CANSTAT         equ	3950	;# 
  2884   000F6F                     CANCON          equ	3951	;# 
  2885   000F70                     BRGCON1         equ	3952	;# 
  2886   000F71                     BRGCON2         equ	3953	;# 
  2887   000F72                     BRGCON3         equ	3954	;# 
  2888   000F73                     CIOCON          equ	3955	;# 
  2889   000F74                     COMSTAT         equ	3956	;# 
  2890   000F75                     RXERRCNT        equ	3957	;# 
  2891   000F76                     TXERRCNT        equ	3958	;# 
  2892   000F77                     ECANCON         equ	3959	;# 
  2893   000F80                     PORTA           equ	3968	;# 
  2894   000F81                     PORTB           equ	3969	;# 
  2895   000F82                     PORTC           equ	3970	;# 
  2896   000F83                     PORTD           equ	3971	;# 
  2897   000F84                     PORTE           equ	3972	;# 
  2898   000F89                     LATA            equ	3977	;# 
  2899   000F8A                     LATB            equ	3978	;# 
  2900   000F8B                     LATC            equ	3979	;# 
  2901   000F8C                     LATD            equ	3980	;# 
  2902   000F8D                     LATE            equ	3981	;# 
  2903   000F92                     TRISA           equ	3986	;# 
  2904   000F92                     DDRA            equ	3986	;# 
  2905   000F93                     TRISB           equ	3987	;# 
  2906   000F93                     DDRB            equ	3987	;# 
  2907   000F94                     TRISC           equ	3988	;# 
  2908   000F94                     DDRC            equ	3988	;# 
  2909   000F95                     TRISD           equ	3989	;# 
  2910   000F95                     DDRD            equ	3989	;# 
  2911   000F96                     TRISE           equ	3990	;# 
  2912   000F96                     DDRE            equ	3990	;# 
  2913   000F9B                     OSCTUNE         equ	3995	;# 
  2914   000F9D                     PIE1            equ	3997	;# 
  2915   000F9E                     PIR1            equ	3998	;# 
  2916   000F9F                     IPR1            equ	3999	;# 
  2917   000FA0                     PIE2            equ	4000	;# 
  2918   000FA1                     PIR2            equ	4001	;# 
  2919   000FA2                     IPR2            equ	4002	;# 
  2920   000FA3                     PIE3            equ	4003	;# 
  2921   000FA4                     PIR3            equ	4004	;# 
  2922   000FA5                     IPR3            equ	4005	;# 
  2923   000FA6                     EECON1          equ	4006	;# 
  2924   000FA7                     EECON2          equ	4007	;# 
  2925   000FA8                     EEDATA          equ	4008	;# 
  2926   000FA9                     EEADR           equ	4009	;# 
  2927   000FAB                     RCSTA           equ	4011	;# 
  2928   000FAB                     RCSTA1          equ	4011	;# 
  2929   000FAC                     TXSTA           equ	4012	;# 
  2930   000FAC                     TXSTA1          equ	4012	;# 
  2931   000FAD                     TXREG           equ	4013	;# 
  2932   000FAD                     TXREG1          equ	4013	;# 
  2933   000FAE                     RCREG           equ	4014	;# 
  2934   000FAE                     RCREG1          equ	4014	;# 
  2935   000FAF                     SPBRG           equ	4015	;# 
  2936   000FAF                     SPBRG1          equ	4015	;# 
  2937   000FB0                     SPBRGH          equ	4016	;# 
  2938   000FB1                     T3CON           equ	4017	;# 
  2939   000FB2                     TMR3            equ	4018	;# 
  2940   000FB2                     TMR3L           equ	4018	;# 
  2941   000FB3                     TMR3H           equ	4019	;# 
  2942   000FB4                     CMCON           equ	4020	;# 
  2943   000FB5                     CVRCON          equ	4021	;# 
  2944   000FB6                     ECCP1AS         equ	4022	;# 
  2945   000FB7                     ECCP1DEL        equ	4023	;# 
  2946   000FB8                     BAUDCON         equ	4024	;# 
  2947   000FB8                     BAUDCTL         equ	4024	;# 
  2948   000FBA                     ECCP1CON        equ	4026	;# 
  2949   000FBB                     ECCPR1          equ	4027	;# 
  2950   000FBB                     ECCPR1L         equ	4027	;# 
  2951   000FBC                     ECCPR1H         equ	4028	;# 
  2952   000FBD                     CCP1CON         equ	4029	;# 
  2953   000FBE                     CCPR1           equ	4030	;# 
  2954   000FBE                     CCPR1L          equ	4030	;# 
  2955   000FBF                     CCPR1H          equ	4031	;# 
  2956   000FC0                     ADCON2          equ	4032	;# 
  2957   000FC1                     ADCON1          equ	4033	;# 
  2958   000FC2                     ADCON0          equ	4034	;# 
  2959   000FC3                     ADRES           equ	4035	;# 
  2960   000FC3                     ADRESL          equ	4035	;# 
  2961   000FC4                     ADRESH          equ	4036	;# 
  2962   000FC5                     SSPCON2         equ	4037	;# 
  2963   000FC6                     SSPCON1         equ	4038	;# 
  2964   000FC7                     SSPSTAT         equ	4039	;# 
  2965   000FC8                     SSPADD          equ	4040	;# 
  2966   000FC9                     SSPBUF          equ	4041	;# 
  2967   000FCA                     T2CON           equ	4042	;# 
  2968   000FCB                     PR2             equ	4043	;# 
  2969   000FCB                     MEMCON          equ	4043	;# 
  2970   000FCC                     TMR2            equ	4044	;# 
  2971   000FCD                     T1CON           equ	4045	;# 
  2972   000FCE                     TMR1            equ	4046	;# 
  2973   000FCE                     TMR1L           equ	4046	;# 
  2974   000FCF                     TMR1H           equ	4047	;# 
  2975   000FD0                     RCON            equ	4048	;# 
  2976   000FD1                     WDTCON          equ	4049	;# 
  2977   000FD2                     HLVDCON         equ	4050	;# 
  2978   000FD2                     LVDCON          equ	4050	;# 
  2979   000FD3                     OSCCON          equ	4051	;# 
  2980   000FD5                     T0CON           equ	4053	;# 
  2981   000FD6                     TMR0            equ	4054	;# 
  2982   000FD6                     TMR0L           equ	4054	;# 
  2983   000FD7                     TMR0H           equ	4055	;# 
  2984   000FD8                     STATUS          equ	4056	;# 
  2985   000FD9                     FSR2            equ	4057	;# 
  2986   000FD9                     FSR2L           equ	4057	;# 
  2987   000FDA                     FSR2H           equ	4058	;# 
  2988   000FDB                     PLUSW2          equ	4059	;# 
  2989   000FDC                     PREINC2         equ	4060	;# 
  2990   000FDD                     POSTDEC2        equ	4061	;# 
  2991   000FDE                     POSTINC2        equ	4062	;# 
  2992   000FDF                     INDF2           equ	4063	;# 
  2993   000FE0                     BSR             equ	4064	;# 
  2994   000FE1                     FSR1            equ	4065	;# 
  2995   000FE1                     FSR1L           equ	4065	;# 
  2996   000FE2                     FSR1H           equ	4066	;# 
  2997   000FE3                     PLUSW1          equ	4067	;# 
  2998   000FE4                     PREINC1         equ	4068	;# 
  2999   000FE5                     POSTDEC1        equ	4069	;# 
  3000   000FE6                     POSTINC1        equ	4070	;# 
  3001   000FE7                     INDF1           equ	4071	;# 
  3002   000FE8                     WREG            equ	4072	;# 
  3003   000FE9                     FSR0            equ	4073	;# 
  3004   000FE9                     FSR0L           equ	4073	;# 
  3005   000FEA                     FSR0H           equ	4074	;# 
  3006   000FEB                     PLUSW0          equ	4075	;# 
  3007   000FEC                     PREINC0         equ	4076	;# 
  3008   000FED                     POSTDEC0        equ	4077	;# 
  3009   000FEE                     POSTINC0        equ	4078	;# 
  3010   000FEF                     INDF0           equ	4079	;# 
  3011   000FF0                     INTCON3         equ	4080	;# 
  3012   000FF1                     INTCON2         equ	4081	;# 
  3013   000FF2                     INTCON          equ	4082	;# 
  3014   000FF3                     PROD            equ	4083	;# 
  3015   000FF3                     PRODL           equ	4083	;# 
  3016   000FF4                     PRODH           equ	4084	;# 
  3017   000FF5                     TABLAT          equ	4085	;# 
  3018   000FF6                     TBLPTR          equ	4086	;# 
  3019   000FF6                     TBLPTRL         equ	4086	;# 
  3020   000FF7                     TBLPTRH         equ	4087	;# 
  3021   000FF8                     TBLPTRU         equ	4088	;# 
  3022   000FF9                     PCLAT           equ	4089	;# 
  3023   000FF9                     PC              equ	4089	;# 
  3024   000FF9                     PCL             equ	4089	;# 
  3025   000FFA                     PCLATH          equ	4090	;# 
  3026   000FFB                     PCLATU          equ	4091	;# 
  3027   000FFC                     STKPTR          equ	4092	;# 
  3028   000FFD                     TOS             equ	4093	;# 
  3029   000FFD                     TOSL            equ	4093	;# 
  3030   000FFE                     TOSH            equ	4094	;# 
  3031   000FFF                     TOSU            equ	4095	;# 
  3032   000D60                     RXF6SIDH        equ	3424	;# 
  3033   000D61                     RXF6SIDL        equ	3425	;# 
  3034   000D62                     RXF6EIDH        equ	3426	;# 
  3035   000D63                     RXF6EIDL        equ	3427	;# 
  3036   000D64                     RXF7SIDH        equ	3428	;# 
  3037   000D65                     RXF7SIDL        equ	3429	;# 
  3038   000D66                     RXF7EIDH        equ	3430	;# 
  3039   000D67                     RXF7EIDL        equ	3431	;# 
  3040   000D68                     RXF8SIDH        equ	3432	;# 
  3041   000D69                     RXF8SIDL        equ	3433	;# 
  3042   000D6A                     RXF8EIDH        equ	3434	;# 
  3043   000D6B                     RXF8EIDL        equ	3435	;# 
  3044   000D70                     RXF9SIDH        equ	3440	;# 
  3045   000D71                     RXF9SIDL        equ	3441	;# 
  3046   000D72                     RXF9EIDH        equ	3442	;# 
  3047   000D73                     RXF9EIDL        equ	3443	;# 
  3048   000D74                     RXF10SIDH       equ	3444	;# 
  3049   000D75                     RXF10SIDL       equ	3445	;# 
  3050   000D76                     RXF10EIDH       equ	3446	;# 
  3051   000D77                     RXF10EIDL       equ	3447	;# 
  3052   000D78                     RXF11SIDH       equ	3448	;# 
  3053   000D79                     RXF11SIDL       equ	3449	;# 
  3054   000D7A                     RXF11EIDH       equ	3450	;# 
  3055   000D7B                     RXF11EIDL       equ	3451	;# 
  3056   000D80                     RXF12SIDH       equ	3456	;# 
  3057   000D81                     RXF12SIDL       equ	3457	;# 
  3058   000D82                     RXF12EIDH       equ	3458	;# 
  3059   000D83                     RXF12EIDL       equ	3459	;# 
  3060   000D84                     RXF13SIDH       equ	3460	;# 
  3061   000D85                     RXF13SIDL       equ	3461	;# 
  3062   000D86                     RXF13EIDH       equ	3462	;# 
  3063   000D87                     RXF13EIDL       equ	3463	;# 
  3064   000D88                     RXF14SIDH       equ	3464	;# 
  3065   000D89                     RXF14SIDL       equ	3465	;# 
  3066   000D8A                     RXF14EIDH       equ	3466	;# 
  3067   000D8B                     RXF14EIDL       equ	3467	;# 
  3068   000D90                     RXF15SIDH       equ	3472	;# 
  3069   000D91                     RXF15SIDL       equ	3473	;# 
  3070   000D92                     RXF15EIDH       equ	3474	;# 
  3071   000D93                     RXF15EIDL       equ	3475	;# 
  3072   000DD4                     RXFCON0         equ	3540	;# 
  3073   000DD5                     RXFCON1         equ	3541	;# 
  3074   000DD8                     SDFLC           equ	3544	;# 
  3075   000DE0                     RXFBCON0        equ	3552	;# 
  3076   000DE1                     RXFBCON1        equ	3553	;# 
  3077   000DE2                     RXFBCON2        equ	3554	;# 
  3078   000DE3                     RXFBCON3        equ	3555	;# 
  3079   000DE4                     RXFBCON4        equ	3556	;# 
  3080   000DE5                     RXFBCON5        equ	3557	;# 
  3081   000DE6                     RXFBCON6        equ	3558	;# 
  3082   000DE7                     RXFBCON7        equ	3559	;# 
  3083   000DF0                     MSEL0           equ	3568	;# 
  3084   000DF1                     MSEL1           equ	3569	;# 
  3085   000DF2                     MSEL2           equ	3570	;# 
  3086   000DF3                     MSEL3           equ	3571	;# 
  3087   000DF8                     BSEL0           equ	3576	;# 
  3088   000DFA                     BIE0            equ	3578	;# 
  3089   000DFC                     TXBIE           equ	3580	;# 
  3090   000E20                     B0CON           equ	3616	;# 
  3091   000E21                     B0SIDH          equ	3617	;# 
  3092   000E22                     B0SIDL          equ	3618	;# 
  3093   000E23                     B0EIDH          equ	3619	;# 
  3094   000E24                     B0EIDL          equ	3620	;# 
  3095   000E25                     B0DLC           equ	3621	;# 
  3096   000E26                     B0D0            equ	3622	;# 
  3097   000E27                     B0D1            equ	3623	;# 
  3098   000E28                     B0D2            equ	3624	;# 
  3099   000E29                     B0D3            equ	3625	;# 
  3100   000E2A                     B0D4            equ	3626	;# 
  3101   000E2B                     B0D5            equ	3627	;# 
  3102   000E2C                     B0D6            equ	3628	;# 
  3103   000E2D                     B0D7            equ	3629	;# 
  3104   000E2E                     CANSTAT_RO9     equ	3630	;# 
  3105   000E2F                     CANCON_RO9      equ	3631	;# 
  3106   000E30                     B1CON           equ	3632	;# 
  3107   000E31                     B1SIDH          equ	3633	;# 
  3108   000E32                     B1SIDL          equ	3634	;# 
  3109   000E33                     B1EIDH          equ	3635	;# 
  3110   000E34                     B1EIDL          equ	3636	;# 
  3111   000E35                     B1DLC           equ	3637	;# 
  3112   000E36                     B1D0            equ	3638	;# 
  3113   000E37                     B1D1            equ	3639	;# 
  3114   000E38                     B1D2            equ	3640	;# 
  3115   000E39                     B1D3            equ	3641	;# 
  3116   000E3A                     B1D4            equ	3642	;# 
  3117   000E3B                     B1D5            equ	3643	;# 
  3118   000E3C                     B1D6            equ	3644	;# 
  3119   000E3D                     B1D7            equ	3645	;# 
  3120   000E3E                     CANSTAT_RO8     equ	3646	;# 
  3121   000E3F                     CANCON_RO8      equ	3647	;# 
  3122   000E40                     B2CON           equ	3648	;# 
  3123   000E41                     B2SIDH          equ	3649	;# 
  3124   000E42                     B2SIDL          equ	3650	;# 
  3125   000E43                     B2EIDH          equ	3651	;# 
  3126   000E44                     B2EIDL          equ	3652	;# 
  3127   000E45                     B2DLC           equ	3653	;# 
  3128   000E46                     B2D0            equ	3654	;# 
  3129   000E47                     B2D1            equ	3655	;# 
  3130   000E48                     B2D2            equ	3656	;# 
  3131   000E49                     B2D3            equ	3657	;# 
  3132   000E4A                     B2D4            equ	3658	;# 
  3133   000E4B                     B2D5            equ	3659	;# 
  3134   000E4C                     B2D6            equ	3660	;# 
  3135   000E4D                     B2D7            equ	3661	;# 
  3136   000E4E                     CANSTAT_RO7     equ	3662	;# 
  3137   000E4F                     CANCON_RO7      equ	3663	;# 
  3138   000E50                     B3CON           equ	3664	;# 
  3139   000E51                     B3SIDH          equ	3665	;# 
  3140   000E52                     B3SIDL          equ	3666	;# 
  3141   000E53                     B3EIDH          equ	3667	;# 
  3142   000E54                     B3EIDL          equ	3668	;# 
  3143   000E55                     B3DLC           equ	3669	;# 
  3144   000E56                     B3D0            equ	3670	;# 
  3145   000E57                     B3D1            equ	3671	;# 
  3146   000E58                     B3D2            equ	3672	;# 
  3147   000E59                     B3D3            equ	3673	;# 
  3148   000E5A                     B3D4            equ	3674	;# 
  3149   000E5B                     B3D5            equ	3675	;# 
  3150   000E5C                     B3D6            equ	3676	;# 
  3151   000E5D                     B3D7            equ	3677	;# 
  3152   000E5E                     CANSTAT_RO6     equ	3678	;# 
  3153   000E5F                     CANCON_RO6      equ	3679	;# 
  3154   000E60                     B4CON           equ	3680	;# 
  3155   000E61                     B4SIDH          equ	3681	;# 
  3156   000E62                     B4SIDL          equ	3682	;# 
  3157   000E63                     B4EIDH          equ	3683	;# 
  3158   000E64                     B4EIDL          equ	3684	;# 
  3159   000E65                     B4DLC           equ	3685	;# 
  3160   000E66                     B4D0            equ	3686	;# 
  3161   000E67                     B4D1            equ	3687	;# 
  3162   000E68                     B4D2            equ	3688	;# 
  3163   000E69                     B4D3            equ	3689	;# 
  3164   000E6A                     B4D4            equ	3690	;# 
  3165   000E6B                     B4D5            equ	3691	;# 
  3166   000E6C                     B4D6            equ	3692	;# 
  3167   000E6D                     B4D7            equ	3693	;# 
  3168   000E6E                     CANSTAT_RO5     equ	3694	;# 
  3169   000E6F                     CANCON_RO5      equ	3695	;# 
  3170   000E70                     B5CON           equ	3696	;# 
  3171   000E71                     B5SIDH          equ	3697	;# 
  3172   000E72                     B5SIDL          equ	3698	;# 
  3173   000E73                     B5EIDH          equ	3699	;# 
  3174   000E74                     B5EIDL          equ	3700	;# 
  3175   000E75                     B5DLC           equ	3701	;# 
  3176   000E76                     B5D0            equ	3702	;# 
  3177   000E77                     B5D1            equ	3703	;# 
  3178   000E78                     B5D2            equ	3704	;# 
  3179   000E79                     B5D3            equ	3705	;# 
  3180   000E7A                     B5D4            equ	3706	;# 
  3181   000E7B                     B5D5            equ	3707	;# 
  3182   000E7C                     B5D6            equ	3708	;# 
  3183   000E7D                     B5D7            equ	3709	;# 
  3184   000E7E                     CANSTAT_RO4     equ	3710	;# 
  3185   000E7F                     CANCON_RO4      equ	3711	;# 
  3186   000F00                     RXF0SIDH        equ	3840	;# 
  3187   000F01                     RXF0SIDL        equ	3841	;# 
  3188   000F02                     RXF0EIDH        equ	3842	;# 
  3189   000F03                     RXF0EIDL        equ	3843	;# 
  3190   000F04                     RXF1SIDH        equ	3844	;# 
  3191   000F05                     RXF1SIDL        equ	3845	;# 
  3192   000F06                     RXF1EIDH        equ	3846	;# 
  3193   000F07                     RXF1EIDL        equ	3847	;# 
  3194   000F08                     RXF2SIDH        equ	3848	;# 
  3195   000F09                     RXF2SIDL        equ	3849	;# 
  3196   000F0A                     RXF2EIDH        equ	3850	;# 
  3197   000F0B                     RXF2EIDL        equ	3851	;# 
  3198   000F0C                     RXF3SIDH        equ	3852	;# 
  3199   000F0D                     RXF3SIDL        equ	3853	;# 
  3200   000F0E                     RXF3EIDH        equ	3854	;# 
  3201   000F0F                     RXF3EIDL        equ	3855	;# 
  3202   000F10                     RXF4SIDH        equ	3856	;# 
  3203   000F11                     RXF4SIDL        equ	3857	;# 
  3204   000F12                     RXF4EIDH        equ	3858	;# 
  3205   000F13                     RXF4EIDL        equ	3859	;# 
  3206   000F14                     RXF5SIDH        equ	3860	;# 
  3207   000F15                     RXF5SIDL        equ	3861	;# 
  3208   000F16                     RXF5EIDH        equ	3862	;# 
  3209   000F17                     RXF5EIDL        equ	3863	;# 
  3210   000F18                     RXM0SIDH        equ	3864	;# 
  3211   000F19                     RXM0SIDL        equ	3865	;# 
  3212   000F1A                     RXM0EIDH        equ	3866	;# 
  3213   000F1B                     RXM0EIDL        equ	3867	;# 
  3214   000F1C                     RXM1SIDH        equ	3868	;# 
  3215   000F1D                     RXM1SIDL        equ	3869	;# 
  3216   000F1E                     RXM1EIDH        equ	3870	;# 
  3217   000F1F                     RXM1EIDL        equ	3871	;# 
  3218   000F20                     TXB2CON         equ	3872	;# 
  3219   000F21                     TXB2SIDH        equ	3873	;# 
  3220   000F22                     TXB2SIDL        equ	3874	;# 
  3221   000F23                     TXB2EIDH        equ	3875	;# 
  3222   000F24                     TXB2EIDL        equ	3876	;# 
  3223   000F25                     TXB2DLC         equ	3877	;# 
  3224   000F26                     TXB2D0          equ	3878	;# 
  3225   000F27                     TXB2D1          equ	3879	;# 
  3226   000F28                     TXB2D2          equ	3880	;# 
  3227   000F29                     TXB2D3          equ	3881	;# 
  3228   000F2A                     TXB2D4          equ	3882	;# 
  3229   000F2B                     TXB2D5          equ	3883	;# 
  3230   000F2C                     TXB2D6          equ	3884	;# 
  3231   000F2D                     TXB2D7          equ	3885	;# 
  3232   000F2E                     CANSTAT_RO3     equ	3886	;# 
  3233   000F2F                     CANCON_RO3      equ	3887	;# 
  3234   000F30                     TXB1CON         equ	3888	;# 
  3235   000F31                     TXB1SIDH        equ	3889	;# 
  3236   000F32                     TXB1SIDL        equ	3890	;# 
  3237   000F33                     TXB1EIDH        equ	3891	;# 
  3238   000F34                     TXB1EIDL        equ	3892	;# 
  3239   000F35                     TXB1DLC         equ	3893	;# 
  3240   000F36                     TXB1D0          equ	3894	;# 
  3241   000F37                     TXB1D1          equ	3895	;# 
  3242   000F38                     TXB1D2          equ	3896	;# 
  3243   000F39                     TXB1D3          equ	3897	;# 
  3244   000F3A                     TXB1D4          equ	3898	;# 
  3245   000F3B                     TXB1D5          equ	3899	;# 
  3246   000F3C                     TXB1D6          equ	3900	;# 
  3247   000F3D                     TXB1D7          equ	3901	;# 
  3248   000F3E                     CANSTAT_RO2     equ	3902	;# 
  3249   000F3F                     CANCON_RO2      equ	3903	;# 
  3250   000F40                     TXB0CON         equ	3904	;# 
  3251   000F41                     TXB0SIDH        equ	3905	;# 
  3252   000F42                     TXB0SIDL        equ	3906	;# 
  3253   000F43                     TXB0EIDH        equ	3907	;# 
  3254   000F44                     TXB0EIDL        equ	3908	;# 
  3255   000F45                     TXB0DLC         equ	3909	;# 
  3256   000F46                     TXB0D0          equ	3910	;# 
  3257   000F47                     TXB0D1          equ	3911	;# 
  3258   000F48                     TXB0D2          equ	3912	;# 
  3259   000F49                     TXB0D3          equ	3913	;# 
  3260   000F4A                     TXB0D4          equ	3914	;# 
  3261   000F4B                     TXB0D5          equ	3915	;# 
  3262   000F4C                     TXB0D6          equ	3916	;# 
  3263   000F4D                     TXB0D7          equ	3917	;# 
  3264   000F4E                     CANSTAT_RO1     equ	3918	;# 
  3265   000F4F                     CANCON_RO1      equ	3919	;# 
  3266   000F50                     RXB1CON         equ	3920	;# 
  3267   000F51                     RXB1SIDH        equ	3921	;# 
  3268   000F52                     RXB1SIDL        equ	3922	;# 
  3269   000F53                     RXB1EIDH        equ	3923	;# 
  3270   000F54                     RXB1EIDL        equ	3924	;# 
  3271   000F55                     RXB1DLC         equ	3925	;# 
  3272   000F56                     RXB1D0          equ	3926	;# 
  3273   000F57                     RXB1D1          equ	3927	;# 
  3274   000F58                     RXB1D2          equ	3928	;# 
  3275   000F59                     RXB1D3          equ	3929	;# 
  3276   000F5A                     RXB1D4          equ	3930	;# 
  3277   000F5B                     RXB1D5          equ	3931	;# 
  3278   000F5C                     RXB1D6          equ	3932	;# 
  3279   000F5D                     RXB1D7          equ	3933	;# 
  3280   000F5E                     CANSTAT_RO0     equ	3934	;# 
  3281   000F5F                     CANCON_RO0      equ	3935	;# 
  3282   000F60                     RXB0CON         equ	3936	;# 
  3283   000F61                     RXB0SIDH        equ	3937	;# 
  3284   000F62                     RXB0SIDL        equ	3938	;# 
  3285   000F63                     RXB0EIDH        equ	3939	;# 
  3286   000F64                     RXB0EIDL        equ	3940	;# 
  3287   000F65                     RXB0DLC         equ	3941	;# 
  3288   000F66                     RXB0D0          equ	3942	;# 
  3289   000F67                     RXB0D1          equ	3943	;# 
  3290   000F68                     RXB0D2          equ	3944	;# 
  3291   000F69                     RXB0D3          equ	3945	;# 
  3292   000F6A                     RXB0D4          equ	3946	;# 
  3293   000F6B                     RXB0D5          equ	3947	;# 
  3294   000F6C                     RXB0D6          equ	3948	;# 
  3295   000F6D                     RXB0D7          equ	3949	;# 
  3296   000F6E                     CANSTAT         equ	3950	;# 
  3297   000F6F                     CANCON          equ	3951	;# 
  3298   000F70                     BRGCON1         equ	3952	;# 
  3299   000F71                     BRGCON2         equ	3953	;# 
  3300   000F72                     BRGCON3         equ	3954	;# 
  3301   000F73                     CIOCON          equ	3955	;# 
  3302   000F74                     COMSTAT         equ	3956	;# 
  3303   000F75                     RXERRCNT        equ	3957	;# 
  3304   000F76                     TXERRCNT        equ	3958	;# 
  3305   000F77                     ECANCON         equ	3959	;# 
  3306   000F80                     PORTA           equ	3968	;# 
  3307   000F81                     PORTB           equ	3969	;# 
  3308   000F82                     PORTC           equ	3970	;# 
  3309   000F83                     PORTD           equ	3971	;# 
  3310   000F84                     PORTE           equ	3972	;# 
  3311   000F89                     LATA            equ	3977	;# 
  3312   000F8A                     LATB            equ	3978	;# 
  3313   000F8B                     LATC            equ	3979	;# 
  3314   000F8C                     LATD            equ	3980	;# 
  3315   000F8D                     LATE            equ	3981	;# 
  3316   000F92                     TRISA           equ	3986	;# 
  3317   000F92                     DDRA            equ	3986	;# 
  3318   000F93                     TRISB           equ	3987	;# 
  3319   000F93                     DDRB            equ	3987	;# 
  3320   000F94                     TRISC           equ	3988	;# 
  3321   000F94                     DDRC            equ	3988	;# 
  3322   000F95                     TRISD           equ	3989	;# 
  3323   000F95                     DDRD            equ	3989	;# 
  3324   000F96                     TRISE           equ	3990	;# 
  3325   000F96                     DDRE            equ	3990	;# 
  3326   000F9B                     OSCTUNE         equ	3995	;# 
  3327   000F9D                     PIE1            equ	3997	;# 
  3328   000F9E                     PIR1            equ	3998	;# 
  3329   000F9F                     IPR1            equ	3999	;# 
  3330   000FA0                     PIE2            equ	4000	;# 
  3331   000FA1                     PIR2            equ	4001	;# 
  3332   000FA2                     IPR2            equ	4002	;# 
  3333   000FA3                     PIE3            equ	4003	;# 
  3334   000FA4                     PIR3            equ	4004	;# 
  3335   000FA5                     IPR3            equ	4005	;# 
  3336   000FA6                     EECON1          equ	4006	;# 
  3337   000FA7                     EECON2          equ	4007	;# 
  3338   000FA8                     EEDATA          equ	4008	;# 
  3339   000FA9                     EEADR           equ	4009	;# 
  3340   000FAB                     RCSTA           equ	4011	;# 
  3341   000FAB                     RCSTA1          equ	4011	;# 
  3342   000FAC                     TXSTA           equ	4012	;# 
  3343   000FAC                     TXSTA1          equ	4012	;# 
  3344   000FAD                     TXREG           equ	4013	;# 
  3345   000FAD                     TXREG1          equ	4013	;# 
  3346   000FAE                     RCREG           equ	4014	;# 
  3347   000FAE                     RCREG1          equ	4014	;# 
  3348   000FAF                     SPBRG           equ	4015	;# 
  3349   000FAF                     SPBRG1          equ	4015	;# 
  3350   000FB0                     SPBRGH          equ	4016	;# 
  3351   000FB1                     T3CON           equ	4017	;# 
  3352   000FB2                     TMR3            equ	4018	;# 
  3353   000FB2                     TMR3L           equ	4018	;# 
  3354   000FB3                     TMR3H           equ	4019	;# 
  3355   000FB4                     CMCON           equ	4020	;# 
  3356   000FB5                     CVRCON          equ	4021	;# 
  3357   000FB6                     ECCP1AS         equ	4022	;# 
  3358   000FB7                     ECCP1DEL        equ	4023	;# 
  3359   000FB8                     BAUDCON         equ	4024	;# 
  3360   000FB8                     BAUDCTL         equ	4024	;# 
  3361   000FBA                     ECCP1CON        equ	4026	;# 
  3362   000FBB                     ECCPR1          equ	4027	;# 
  3363   000FBB                     ECCPR1L         equ	4027	;# 
  3364   000FBC                     ECCPR1H         equ	4028	;# 
  3365   000FBD                     CCP1CON         equ	4029	;# 
  3366   000FBE                     CCPR1           equ	4030	;# 
  3367   000FBE                     CCPR1L          equ	4030	;# 
  3368   000FBF                     CCPR1H          equ	4031	;# 
  3369   000FC0                     ADCON2          equ	4032	;# 
  3370   000FC1                     ADCON1          equ	4033	;# 
  3371   000FC2                     ADCON0          equ	4034	;# 
  3372   000FC3                     ADRES           equ	4035	;# 
  3373   000FC3                     ADRESL          equ	4035	;# 
  3374   000FC4                     ADRESH          equ	4036	;# 
  3375   000FC5                     SSPCON2         equ	4037	;# 
  3376   000FC6                     SSPCON1         equ	4038	;# 
  3377   000FC7                     SSPSTAT         equ	4039	;# 
  3378   000FC8                     SSPADD          equ	4040	;# 
  3379   000FC9                     SSPBUF          equ	4041	;# 
  3380   000FCA                     T2CON           equ	4042	;# 
  3381   000FCB                     PR2             equ	4043	;# 
  3382   000FCB                     MEMCON          equ	4043	;# 
  3383   000FCC                     TMR2            equ	4044	;# 
  3384   000FCD                     T1CON           equ	4045	;# 
  3385   000FCE                     TMR1            equ	4046	;# 
  3386   000FCE                     TMR1L           equ	4046	;# 
  3387   000FCF                     TMR1H           equ	4047	;# 
  3388   000FD0                     RCON            equ	4048	;# 
  3389   000FD1                     WDTCON          equ	4049	;# 
  3390   000FD2                     HLVDCON         equ	4050	;# 
  3391   000FD2                     LVDCON          equ	4050	;# 
  3392   000FD3                     OSCCON          equ	4051	;# 
  3393   000FD5                     T0CON           equ	4053	;# 
  3394   000FD6                     TMR0            equ	4054	;# 
  3395   000FD6                     TMR0L           equ	4054	;# 
  3396   000FD7                     TMR0H           equ	4055	;# 
  3397   000FD8                     STATUS          equ	4056	;# 
  3398   000FD9                     FSR2            equ	4057	;# 
  3399   000FD9                     FSR2L           equ	4057	;# 
  3400   000FDA                     FSR2H           equ	4058	;# 
  3401   000FDB                     PLUSW2          equ	4059	;# 
  3402   000FDC                     PREINC2         equ	4060	;# 
  3403   000FDD                     POSTDEC2        equ	4061	;# 
  3404   000FDE                     POSTINC2        equ	4062	;# 
  3405   000FDF                     INDF2           equ	4063	;# 
  3406   000FE0                     BSR             equ	4064	;# 
  3407   000FE1                     FSR1            equ	4065	;# 
  3408   000FE1                     FSR1L           equ	4065	;# 
  3409   000FE2                     FSR1H           equ	4066	;# 
  3410   000FE3                     PLUSW1          equ	4067	;# 
  3411   000FE4                     PREINC1         equ	4068	;# 
  3412   000FE5                     POSTDEC1        equ	4069	;# 
  3413   000FE6                     POSTINC1        equ	4070	;# 
  3414   000FE7                     INDF1           equ	4071	;# 
  3415   000FE8                     WREG            equ	4072	;# 
  3416   000FE9                     FSR0            equ	4073	;# 
  3417   000FE9                     FSR0L           equ	4073	;# 
  3418   000FEA                     FSR0H           equ	4074	;# 
  3419   000FEB                     PLUSW0          equ	4075	;# 
  3420   000FEC                     PREINC0         equ	4076	;# 
  3421   000FED                     POSTDEC0        equ	4077	;# 
  3422   000FEE                     POSTINC0        equ	4078	;# 
  3423   000FEF                     INDF0           equ	4079	;# 
  3424   000FF0                     INTCON3         equ	4080	;# 
  3425   000FF1                     INTCON2         equ	4081	;# 
  3426   000FF2                     INTCON          equ	4082	;# 
  3427   000FF3                     PROD            equ	4083	;# 
  3428   000FF3                     PRODL           equ	4083	;# 
  3429   000FF4                     PRODH           equ	4084	;# 
  3430   000FF5                     TABLAT          equ	4085	;# 
  3431   000FF6                     TBLPTR          equ	4086	;# 
  3432   000FF6                     TBLPTRL         equ	4086	;# 
  3433   000FF7                     TBLPTRH         equ	4087	;# 
  3434   000FF8                     TBLPTRU         equ	4088	;# 
  3435   000FF9                     PCLAT           equ	4089	;# 
  3436   000FF9                     PC              equ	4089	;# 
  3437   000FF9                     PCL             equ	4089	;# 
  3438   000FFA                     PCLATH          equ	4090	;# 
  3439   000FFB                     PCLATU          equ	4091	;# 
  3440   000FFC                     STKPTR          equ	4092	;# 
  3441   000FFD                     TOS             equ	4093	;# 
  3442   000FFD                     TOSL            equ	4093	;# 
  3443   000FFE                     TOSH            equ	4094	;# 
  3444   000FFF                     TOSU            equ	4095	;# 
  3445   000D60                     RXF6SIDH        equ	3424	;# 
  3446   000D61                     RXF6SIDL        equ	3425	;# 
  3447   000D62                     RXF6EIDH        equ	3426	;# 
  3448   000D63                     RXF6EIDL        equ	3427	;# 
  3449   000D64                     RXF7SIDH        equ	3428	;# 
  3450   000D65                     RXF7SIDL        equ	3429	;# 
  3451   000D66                     RXF7EIDH        equ	3430	;# 
  3452   000D67                     RXF7EIDL        equ	3431	;# 
  3453   000D68                     RXF8SIDH        equ	3432	;# 
  3454   000D69                     RXF8SIDL        equ	3433	;# 
  3455   000D6A                     RXF8EIDH        equ	3434	;# 
  3456   000D6B                     RXF8EIDL        equ	3435	;# 
  3457   000D70                     RXF9SIDH        equ	3440	;# 
  3458   000D71                     RXF9SIDL        equ	3441	;# 
  3459   000D72                     RXF9EIDH        equ	3442	;# 
  3460   000D73                     RXF9EIDL        equ	3443	;# 
  3461   000D74                     RXF10SIDH       equ	3444	;# 
  3462   000D75                     RXF10SIDL       equ	3445	;# 
  3463   000D76                     RXF10EIDH       equ	3446	;# 
  3464   000D77                     RXF10EIDL       equ	3447	;# 
  3465   000D78                     RXF11SIDH       equ	3448	;# 
  3466   000D79                     RXF11SIDL       equ	3449	;# 
  3467   000D7A                     RXF11EIDH       equ	3450	;# 
  3468   000D7B                     RXF11EIDL       equ	3451	;# 
  3469   000D80                     RXF12SIDH       equ	3456	;# 
  3470   000D81                     RXF12SIDL       equ	3457	;# 
  3471   000D82                     RXF12EIDH       equ	3458	;# 
  3472   000D83                     RXF12EIDL       equ	3459	;# 
  3473   000D84                     RXF13SIDH       equ	3460	;# 
  3474   000D85                     RXF13SIDL       equ	3461	;# 
  3475   000D86                     RXF13EIDH       equ	3462	;# 
  3476   000D87                     RXF13EIDL       equ	3463	;# 
  3477   000D88                     RXF14SIDH       equ	3464	;# 
  3478   000D89                     RXF14SIDL       equ	3465	;# 
  3479   000D8A                     RXF14EIDH       equ	3466	;# 
  3480   000D8B                     RXF14EIDL       equ	3467	;# 
  3481   000D90                     RXF15SIDH       equ	3472	;# 
  3482   000D91                     RXF15SIDL       equ	3473	;# 
  3483   000D92                     RXF15EIDH       equ	3474	;# 
  3484   000D93                     RXF15EIDL       equ	3475	;# 
  3485   000DD4                     RXFCON0         equ	3540	;# 
  3486   000DD5                     RXFCON1         equ	3541	;# 
  3487   000DD8                     SDFLC           equ	3544	;# 
  3488   000DE0                     RXFBCON0        equ	3552	;# 
  3489   000DE1                     RXFBCON1        equ	3553	;# 
  3490   000DE2                     RXFBCON2        equ	3554	;# 
  3491   000DE3                     RXFBCON3        equ	3555	;# 
  3492   000DE4                     RXFBCON4        equ	3556	;# 
  3493   000DE5                     RXFBCON5        equ	3557	;# 
  3494   000DE6                     RXFBCON6        equ	3558	;# 
  3495   000DE7                     RXFBCON7        equ	3559	;# 
  3496   000DF0                     MSEL0           equ	3568	;# 
  3497   000DF1                     MSEL1           equ	3569	;# 
  3498   000DF2                     MSEL2           equ	3570	;# 
  3499   000DF3                     MSEL3           equ	3571	;# 
  3500   000DF8                     BSEL0           equ	3576	;# 
  3501   000DFA                     BIE0            equ	3578	;# 
  3502   000DFC                     TXBIE           equ	3580	;# 
  3503   000E20                     B0CON           equ	3616	;# 
  3504   000E21                     B0SIDH          equ	3617	;# 
  3505   000E22                     B0SIDL          equ	3618	;# 
  3506   000E23                     B0EIDH          equ	3619	;# 
  3507   000E24                     B0EIDL          equ	3620	;# 
  3508   000E25                     B0DLC           equ	3621	;# 
  3509   000E26                     B0D0            equ	3622	;# 
  3510   000E27                     B0D1            equ	3623	;# 
  3511   000E28                     B0D2            equ	3624	;# 
  3512   000E29                     B0D3            equ	3625	;# 
  3513   000E2A                     B0D4            equ	3626	;# 
  3514   000E2B                     B0D5            equ	3627	;# 
  3515   000E2C                     B0D6            equ	3628	;# 
  3516   000E2D                     B0D7            equ	3629	;# 
  3517   000E2E                     CANSTAT_RO9     equ	3630	;# 
  3518   000E2F                     CANCON_RO9      equ	3631	;# 
  3519   000E30                     B1CON           equ	3632	;# 
  3520   000E31                     B1SIDH          equ	3633	;# 
  3521   000E32                     B1SIDL          equ	3634	;# 
  3522   000E33                     B1EIDH          equ	3635	;# 
  3523   000E34                     B1EIDL          equ	3636	;# 
  3524   000E35                     B1DLC           equ	3637	;# 
  3525   000E36                     B1D0            equ	3638	;# 
  3526   000E37                     B1D1            equ	3639	;# 
  3527   000E38                     B1D2            equ	3640	;# 
  3528   000E39                     B1D3            equ	3641	;# 
  3529   000E3A                     B1D4            equ	3642	;# 
  3530   000E3B                     B1D5            equ	3643	;# 
  3531   000E3C                     B1D6            equ	3644	;# 
  3532   000E3D                     B1D7            equ	3645	;# 
  3533   000E3E                     CANSTAT_RO8     equ	3646	;# 
  3534   000E3F                     CANCON_RO8      equ	3647	;# 
  3535   000E40                     B2CON           equ	3648	;# 
  3536   000E41                     B2SIDH          equ	3649	;# 
  3537   000E42                     B2SIDL          equ	3650	;# 
  3538   000E43                     B2EIDH          equ	3651	;# 
  3539   000E44                     B2EIDL          equ	3652	;# 
  3540   000E45                     B2DLC           equ	3653	;# 
  3541   000E46                     B2D0            equ	3654	;# 
  3542   000E47                     B2D1            equ	3655	;# 
  3543   000E48                     B2D2            equ	3656	;# 
  3544   000E49                     B2D3            equ	3657	;# 
  3545   000E4A                     B2D4            equ	3658	;# 
  3546   000E4B                     B2D5            equ	3659	;# 
  3547   000E4C                     B2D6            equ	3660	;# 
  3548   000E4D                     B2D7            equ	3661	;# 
  3549   000E4E                     CANSTAT_RO7     equ	3662	;# 
  3550   000E4F                     CANCON_RO7      equ	3663	;# 
  3551   000E50                     B3CON           equ	3664	;# 
  3552   000E51                     B3SIDH          equ	3665	;# 
  3553   000E52                     B3SIDL          equ	3666	;# 
  3554   000E53                     B3EIDH          equ	3667	;# 
  3555   000E54                     B3EIDL          equ	3668	;# 
  3556   000E55                     B3DLC           equ	3669	;# 
  3557   000E56                     B3D0            equ	3670	;# 
  3558   000E57                     B3D1            equ	3671	;# 
  3559   000E58                     B3D2            equ	3672	;# 
  3560   000E59                     B3D3            equ	3673	;# 
  3561   000E5A                     B3D4            equ	3674	;# 
  3562   000E5B                     B3D5            equ	3675	;# 
  3563   000E5C                     B3D6            equ	3676	;# 
  3564   000E5D                     B3D7            equ	3677	;# 
  3565   000E5E                     CANSTAT_RO6     equ	3678	;# 
  3566   000E5F                     CANCON_RO6      equ	3679	;# 
  3567   000E60                     B4CON           equ	3680	;# 
  3568   000E61                     B4SIDH          equ	3681	;# 
  3569   000E62                     B4SIDL          equ	3682	;# 
  3570   000E63                     B4EIDH          equ	3683	;# 
  3571   000E64                     B4EIDL          equ	3684	;# 
  3572   000E65                     B4DLC           equ	3685	;# 
  3573   000E66                     B4D0            equ	3686	;# 
  3574   000E67                     B4D1            equ	3687	;# 
  3575   000E68                     B4D2            equ	3688	;# 
  3576   000E69                     B4D3            equ	3689	;# 
  3577   000E6A                     B4D4            equ	3690	;# 
  3578   000E6B                     B4D5            equ	3691	;# 
  3579   000E6C                     B4D6            equ	3692	;# 
  3580   000E6D                     B4D7            equ	3693	;# 
  3581   000E6E                     CANSTAT_RO5     equ	3694	;# 
  3582   000E6F                     CANCON_RO5      equ	3695	;# 
  3583   000E70                     B5CON           equ	3696	;# 
  3584   000E71                     B5SIDH          equ	3697	;# 
  3585   000E72                     B5SIDL          equ	3698	;# 
  3586   000E73                     B5EIDH          equ	3699	;# 
  3587   000E74                     B5EIDL          equ	3700	;# 
  3588   000E75                     B5DLC           equ	3701	;# 
  3589   000E76                     B5D0            equ	3702	;# 
  3590   000E77                     B5D1            equ	3703	;# 
  3591   000E78                     B5D2            equ	3704	;# 
  3592   000E79                     B5D3            equ	3705	;# 
  3593   000E7A                     B5D4            equ	3706	;# 
  3594   000E7B                     B5D5            equ	3707	;# 
  3595   000E7C                     B5D6            equ	3708	;# 
  3596   000E7D                     B5D7            equ	3709	;# 
  3597   000E7E                     CANSTAT_RO4     equ	3710	;# 
  3598   000E7F                     CANCON_RO4      equ	3711	;# 
  3599   000F00                     RXF0SIDH        equ	3840	;# 
  3600   000F01                     RXF0SIDL        equ	3841	;# 
  3601   000F02                     RXF0EIDH        equ	3842	;# 
  3602   000F03                     RXF0EIDL        equ	3843	;# 
  3603   000F04                     RXF1SIDH        equ	3844	;# 
  3604   000F05                     RXF1SIDL        equ	3845	;# 
  3605   000F06                     RXF1EIDH        equ	3846	;# 
  3606   000F07                     RXF1EIDL        equ	3847	;# 
  3607   000F08                     RXF2SIDH        equ	3848	;# 
  3608   000F09                     RXF2SIDL        equ	3849	;# 
  3609   000F0A                     RXF2EIDH        equ	3850	;# 
  3610   000F0B                     RXF2EIDL        equ	3851	;# 
  3611   000F0C                     RXF3SIDH        equ	3852	;# 
  3612   000F0D                     RXF3SIDL        equ	3853	;# 
  3613   000F0E                     RXF3EIDH        equ	3854	;# 
  3614   000F0F                     RXF3EIDL        equ	3855	;# 
  3615   000F10                     RXF4SIDH        equ	3856	;# 
  3616   000F11                     RXF4SIDL        equ	3857	;# 
  3617   000F12                     RXF4EIDH        equ	3858	;# 
  3618   000F13                     RXF4EIDL        equ	3859	;# 
  3619   000F14                     RXF5SIDH        equ	3860	;# 
  3620   000F15                     RXF5SIDL        equ	3861	;# 
  3621   000F16                     RXF5EIDH        equ	3862	;# 
  3622   000F17                     RXF5EIDL        equ	3863	;# 
  3623   000F18                     RXM0SIDH        equ	3864	;# 
  3624   000F19                     RXM0SIDL        equ	3865	;# 
  3625   000F1A                     RXM0EIDH        equ	3866	;# 
  3626   000F1B                     RXM0EIDL        equ	3867	;# 
  3627   000F1C                     RXM1SIDH        equ	3868	;# 
  3628   000F1D                     RXM1SIDL        equ	3869	;# 
  3629   000F1E                     RXM1EIDH        equ	3870	;# 
  3630   000F1F                     RXM1EIDL        equ	3871	;# 
  3631   000F20                     TXB2CON         equ	3872	;# 
  3632   000F21                     TXB2SIDH        equ	3873	;# 
  3633   000F22                     TXB2SIDL        equ	3874	;# 
  3634   000F23                     TXB2EIDH        equ	3875	;# 
  3635   000F24                     TXB2EIDL        equ	3876	;# 
  3636   000F25                     TXB2DLC         equ	3877	;# 
  3637   000F26                     TXB2D0          equ	3878	;# 
  3638   000F27                     TXB2D1          equ	3879	;# 
  3639   000F28                     TXB2D2          equ	3880	;# 
  3640   000F29                     TXB2D3          equ	3881	;# 
  3641   000F2A                     TXB2D4          equ	3882	;# 
  3642   000F2B                     TXB2D5          equ	3883	;# 
  3643   000F2C                     TXB2D6          equ	3884	;# 
  3644   000F2D                     TXB2D7          equ	3885	;# 
  3645   000F2E                     CANSTAT_RO3     equ	3886	;# 
  3646   000F2F                     CANCON_RO3      equ	3887	;# 
  3647   000F30                     TXB1CON         equ	3888	;# 
  3648   000F31                     TXB1SIDH        equ	3889	;# 
  3649   000F32                     TXB1SIDL        equ	3890	;# 
  3650   000F33                     TXB1EIDH        equ	3891	;# 
  3651   000F34                     TXB1EIDL        equ	3892	;# 
  3652   000F35                     TXB1DLC         equ	3893	;# 
  3653   000F36                     TXB1D0          equ	3894	;# 
  3654   000F37                     TXB1D1          equ	3895	;# 
  3655   000F38                     TXB1D2          equ	3896	;# 
  3656   000F39                     TXB1D3          equ	3897	;# 
  3657   000F3A                     TXB1D4          equ	3898	;# 
  3658   000F3B                     TXB1D5          equ	3899	;# 
  3659   000F3C                     TXB1D6          equ	3900	;# 
  3660   000F3D                     TXB1D7          equ	3901	;# 
  3661   000F3E                     CANSTAT_RO2     equ	3902	;# 
  3662   000F3F                     CANCON_RO2      equ	3903	;# 
  3663   000F40                     TXB0CON         equ	3904	;# 
  3664   000F41                     TXB0SIDH        equ	3905	;# 
  3665   000F42                     TXB0SIDL        equ	3906	;# 
  3666   000F43                     TXB0EIDH        equ	3907	;# 
  3667   000F44                     TXB0EIDL        equ	3908	;# 
  3668   000F45                     TXB0DLC         equ	3909	;# 
  3669   000F46                     TXB0D0          equ	3910	;# 
  3670   000F47                     TXB0D1          equ	3911	;# 
  3671   000F48                     TXB0D2          equ	3912	;# 
  3672   000F49                     TXB0D3          equ	3913	;# 
  3673   000F4A                     TXB0D4          equ	3914	;# 
  3674   000F4B                     TXB0D5          equ	3915	;# 
  3675   000F4C                     TXB0D6          equ	3916	;# 
  3676   000F4D                     TXB0D7          equ	3917	;# 
  3677   000F4E                     CANSTAT_RO1     equ	3918	;# 
  3678   000F4F                     CANCON_RO1      equ	3919	;# 
  3679   000F50                     RXB1CON         equ	3920	;# 
  3680   000F51                     RXB1SIDH        equ	3921	;# 
  3681   000F52                     RXB1SIDL        equ	3922	;# 
  3682   000F53                     RXB1EIDH        equ	3923	;# 
  3683   000F54                     RXB1EIDL        equ	3924	;# 
  3684   000F55                     RXB1DLC         equ	3925	;# 
  3685   000F56                     RXB1D0          equ	3926	;# 
  3686   000F57                     RXB1D1          equ	3927	;# 
  3687   000F58                     RXB1D2          equ	3928	;# 
  3688   000F59                     RXB1D3          equ	3929	;# 
  3689   000F5A                     RXB1D4          equ	3930	;# 
  3690   000F5B                     RXB1D5          equ	3931	;# 
  3691   000F5C                     RXB1D6          equ	3932	;# 
  3692   000F5D                     RXB1D7          equ	3933	;# 
  3693   000F5E                     CANSTAT_RO0     equ	3934	;# 
  3694   000F5F                     CANCON_RO0      equ	3935	;# 
  3695   000F60                     RXB0CON         equ	3936	;# 
  3696   000F61                     RXB0SIDH        equ	3937	;# 
  3697   000F62                     RXB0SIDL        equ	3938	;# 
  3698   000F63                     RXB0EIDH        equ	3939	;# 
  3699   000F64                     RXB0EIDL        equ	3940	;# 
  3700   000F65                     RXB0DLC         equ	3941	;# 
  3701   000F66                     RXB0D0          equ	3942	;# 
  3702   000F67                     RXB0D1          equ	3943	;# 
  3703   000F68                     RXB0D2          equ	3944	;# 
  3704   000F69                     RXB0D3          equ	3945	;# 
  3705   000F6A                     RXB0D4          equ	3946	;# 
  3706   000F6B                     RXB0D5          equ	3947	;# 
  3707   000F6C                     RXB0D6          equ	3948	;# 
  3708   000F6D                     RXB0D7          equ	3949	;# 
  3709   000F6E                     CANSTAT         equ	3950	;# 
  3710   000F6F                     CANCON          equ	3951	;# 
  3711   000F70                     BRGCON1         equ	3952	;# 
  3712   000F71                     BRGCON2         equ	3953	;# 
  3713   000F72                     BRGCON3         equ	3954	;# 
  3714   000F73                     CIOCON          equ	3955	;# 
  3715   000F74                     COMSTAT         equ	3956	;# 
  3716   000F75                     RXERRCNT        equ	3957	;# 
  3717   000F76                     TXERRCNT        equ	3958	;# 
  3718   000F77                     ECANCON         equ	3959	;# 
  3719   000F80                     PORTA           equ	3968	;# 
  3720   000F81                     PORTB           equ	3969	;# 
  3721   000F82                     PORTC           equ	3970	;# 
  3722   000F83                     PORTD           equ	3971	;# 
  3723   000F84                     PORTE           equ	3972	;# 
  3724   000F89                     LATA            equ	3977	;# 
  3725   000F8A                     LATB            equ	3978	;# 
  3726   000F8B                     LATC            equ	3979	;# 
  3727   000F8C                     LATD            equ	3980	;# 
  3728   000F8D                     LATE            equ	3981	;# 
  3729   000F92                     TRISA           equ	3986	;# 
  3730   000F92                     DDRA            equ	3986	;# 
  3731   000F93                     TRISB           equ	3987	;# 
  3732   000F93                     DDRB            equ	3987	;# 
  3733   000F94                     TRISC           equ	3988	;# 
  3734   000F94                     DDRC            equ	3988	;# 
  3735   000F95                     TRISD           equ	3989	;# 
  3736   000F95                     DDRD            equ	3989	;# 
  3737   000F96                     TRISE           equ	3990	;# 
  3738   000F96                     DDRE            equ	3990	;# 
  3739   000F9B                     OSCTUNE         equ	3995	;# 
  3740   000F9D                     PIE1            equ	3997	;# 
  3741   000F9E                     PIR1            equ	3998	;# 
  3742   000F9F                     IPR1            equ	3999	;# 
  3743   000FA0                     PIE2            equ	4000	;# 
  3744   000FA1                     PIR2            equ	4001	;# 
  3745   000FA2                     IPR2            equ	4002	;# 
  3746   000FA3                     PIE3            equ	4003	;# 
  3747   000FA4                     PIR3            equ	4004	;# 
  3748   000FA5                     IPR3            equ	4005	;# 
  3749   000FA6                     EECON1          equ	4006	;# 
  3750   000FA7                     EECON2          equ	4007	;# 
  3751   000FA8                     EEDATA          equ	4008	;# 
  3752   000FA9                     EEADR           equ	4009	;# 
  3753   000FAB                     RCSTA           equ	4011	;# 
  3754   000FAB                     RCSTA1          equ	4011	;# 
  3755   000FAC                     TXSTA           equ	4012	;# 
  3756   000FAC                     TXSTA1          equ	4012	;# 
  3757   000FAD                     TXREG           equ	4013	;# 
  3758   000FAD                     TXREG1          equ	4013	;# 
  3759   000FAE                     RCREG           equ	4014	;# 
  3760   000FAE                     RCREG1          equ	4014	;# 
  3761   000FAF                     SPBRG           equ	4015	;# 
  3762   000FAF                     SPBRG1          equ	4015	;# 
  3763   000FB0                     SPBRGH          equ	4016	;# 
  3764   000FB1                     T3CON           equ	4017	;# 
  3765   000FB2                     TMR3            equ	4018	;# 
  3766   000FB2                     TMR3L           equ	4018	;# 
  3767   000FB3                     TMR3H           equ	4019	;# 
  3768   000FB4                     CMCON           equ	4020	;# 
  3769   000FB5                     CVRCON          equ	4021	;# 
  3770   000FB6                     ECCP1AS         equ	4022	;# 
  3771   000FB7                     ECCP1DEL        equ	4023	;# 
  3772   000FB8                     BAUDCON         equ	4024	;# 
  3773   000FB8                     BAUDCTL         equ	4024	;# 
  3774   000FBA                     ECCP1CON        equ	4026	;# 
  3775   000FBB                     ECCPR1          equ	4027	;# 
  3776   000FBB                     ECCPR1L         equ	4027	;# 
  3777   000FBC                     ECCPR1H         equ	4028	;# 
  3778   000FBD                     CCP1CON         equ	4029	;# 
  3779   000FBE                     CCPR1           equ	4030	;# 
  3780   000FBE                     CCPR1L          equ	4030	;# 
  3781   000FBF                     CCPR1H          equ	4031	;# 
  3782   000FC0                     ADCON2          equ	4032	;# 
  3783   000FC1                     ADCON1          equ	4033	;# 
  3784   000FC2                     ADCON0          equ	4034	;# 
  3785   000FC3                     ADRES           equ	4035	;# 
  3786   000FC3                     ADRESL          equ	4035	;# 
  3787   000FC4                     ADRESH          equ	4036	;# 
  3788   000FC5                     SSPCON2         equ	4037	;# 
  3789   000FC6                     SSPCON1         equ	4038	;# 
  3790   000FC7                     SSPSTAT         equ	4039	;# 
  3791   000FC8                     SSPADD          equ	4040	;# 
  3792   000FC9                     SSPBUF          equ	4041	;# 
  3793   000FCA                     T2CON           equ	4042	;# 
  3794   000FCB                     PR2             equ	4043	;# 
  3795   000FCB                     MEMCON          equ	4043	;# 
  3796   000FCC                     TMR2            equ	4044	;# 
  3797   000FCD                     T1CON           equ	4045	;# 
  3798   000FCE                     TMR1            equ	4046	;# 
  3799   000FCE                     TMR1L           equ	4046	;# 
  3800   000FCF                     TMR1H           equ	4047	;# 
  3801   000FD0                     RCON            equ	4048	;# 
  3802   000FD1                     WDTCON          equ	4049	;# 
  3803   000FD2                     HLVDCON         equ	4050	;# 
  3804   000FD2                     LVDCON          equ	4050	;# 
  3805   000FD3                     OSCCON          equ	4051	;# 
  3806   000FD5                     T0CON           equ	4053	;# 
  3807   000FD6                     TMR0            equ	4054	;# 
  3808   000FD6                     TMR0L           equ	4054	;# 
  3809   000FD7                     TMR0H           equ	4055	;# 
  3810   000FD8                     STATUS          equ	4056	;# 
  3811   000FD9                     FSR2            equ	4057	;# 
  3812   000FD9                     FSR2L           equ	4057	;# 
  3813   000FDA                     FSR2H           equ	4058	;# 
  3814   000FDB                     PLUSW2          equ	4059	;# 
  3815   000FDC                     PREINC2         equ	4060	;# 
  3816   000FDD                     POSTDEC2        equ	4061	;# 
  3817   000FDE                     POSTINC2        equ	4062	;# 
  3818   000FDF                     INDF2           equ	4063	;# 
  3819   000FE0                     BSR             equ	4064	;# 
  3820   000FE1                     FSR1            equ	4065	;# 
  3821   000FE1                     FSR1L           equ	4065	;# 
  3822   000FE2                     FSR1H           equ	4066	;# 
  3823   000FE3                     PLUSW1          equ	4067	;# 
  3824   000FE4                     PREINC1         equ	4068	;# 
  3825   000FE5                     POSTDEC1        equ	4069	;# 
  3826   000FE6                     POSTINC1        equ	4070	;# 
  3827   000FE7                     INDF1           equ	4071	;# 
  3828   000FE8                     WREG            equ	4072	;# 
  3829   000FE9                     FSR0            equ	4073	;# 
  3830   000FE9                     FSR0L           equ	4073	;# 
  3831   000FEA                     FSR0H           equ	4074	;# 
  3832   000FEB                     PLUSW0          equ	4075	;# 
  3833   000FEC                     PREINC0         equ	4076	;# 
  3834   000FED                     POSTDEC0        equ	4077	;# 
  3835   000FEE                     POSTINC0        equ	4078	;# 
  3836   000FEF                     INDF0           equ	4079	;# 
  3837   000FF0                     INTCON3         equ	4080	;# 
  3838   000FF1                     INTCON2         equ	4081	;# 
  3839   000FF2                     INTCON          equ	4082	;# 
  3840   000FF3                     PROD            equ	4083	;# 
  3841   000FF3                     PRODL           equ	4083	;# 
  3842   000FF4                     PRODH           equ	4084	;# 
  3843   000FF5                     TABLAT          equ	4085	;# 
  3844   000FF6                     TBLPTR          equ	4086	;# 
  3845   000FF6                     TBLPTRL         equ	4086	;# 
  3846   000FF7                     TBLPTRH         equ	4087	;# 
  3847   000FF8                     TBLPTRU         equ	4088	;# 
  3848   000FF9                     PCLAT           equ	4089	;# 
  3849   000FF9                     PC              equ	4089	;# 
  3850   000FF9                     PCL             equ	4089	;# 
  3851   000FFA                     PCLATH          equ	4090	;# 
  3852   000FFB                     PCLATU          equ	4091	;# 
  3853   000FFC                     STKPTR          equ	4092	;# 
  3854   000FFD                     TOS             equ	4093	;# 
  3855   000FFD                     TOSL            equ	4093	;# 
  3856   000FFE                     TOSH            equ	4094	;# 
  3857   000FFF                     TOSU            equ	4095	;# 
  3858   000D60                     RXF6SIDH        equ	3424	;# 
  3859   000D61                     RXF6SIDL        equ	3425	;# 
  3860   000D62                     RXF6EIDH        equ	3426	;# 
  3861   000D63                     RXF6EIDL        equ	3427	;# 
  3862   000D64                     RXF7SIDH        equ	3428	;# 
  3863   000D65                     RXF7SIDL        equ	3429	;# 
  3864   000D66                     RXF7EIDH        equ	3430	;# 
  3865   000D67                     RXF7EIDL        equ	3431	;# 
  3866   000D68                     RXF8SIDH        equ	3432	;# 
  3867   000D69                     RXF8SIDL        equ	3433	;# 
  3868   000D6A                     RXF8EIDH        equ	3434	;# 
  3869   000D6B                     RXF8EIDL        equ	3435	;# 
  3870   000D70                     RXF9SIDH        equ	3440	;# 
  3871   000D71                     RXF9SIDL        equ	3441	;# 
  3872   000D72                     RXF9EIDH        equ	3442	;# 
  3873   000D73                     RXF9EIDL        equ	3443	;# 
  3874   000D74                     RXF10SIDH       equ	3444	;# 
  3875   000D75                     RXF10SIDL       equ	3445	;# 
  3876   000D76                     RXF10EIDH       equ	3446	;# 
  3877   000D77                     RXF10EIDL       equ	3447	;# 
  3878   000D78                     RXF11SIDH       equ	3448	;# 
  3879   000D79                     RXF11SIDL       equ	3449	;# 
  3880   000D7A                     RXF11EIDH       equ	3450	;# 
  3881   000D7B                     RXF11EIDL       equ	3451	;# 
  3882   000D80                     RXF12SIDH       equ	3456	;# 
  3883   000D81                     RXF12SIDL       equ	3457	;# 
  3884   000D82                     RXF12EIDH       equ	3458	;# 
  3885   000D83                     RXF12EIDL       equ	3459	;# 
  3886   000D84                     RXF13SIDH       equ	3460	;# 
  3887   000D85                     RXF13SIDL       equ	3461	;# 
  3888   000D86                     RXF13EIDH       equ	3462	;# 
  3889   000D87                     RXF13EIDL       equ	3463	;# 
  3890   000D88                     RXF14SIDH       equ	3464	;# 
  3891   000D89                     RXF14SIDL       equ	3465	;# 
  3892   000D8A                     RXF14EIDH       equ	3466	;# 
  3893   000D8B                     RXF14EIDL       equ	3467	;# 
  3894   000D90                     RXF15SIDH       equ	3472	;# 
  3895   000D91                     RXF15SIDL       equ	3473	;# 
  3896   000D92                     RXF15EIDH       equ	3474	;# 
  3897   000D93                     RXF15EIDL       equ	3475	;# 
  3898   000DD4                     RXFCON0         equ	3540	;# 
  3899   000DD5                     RXFCON1         equ	3541	;# 
  3900   000DD8                     SDFLC           equ	3544	;# 
  3901   000DE0                     RXFBCON0        equ	3552	;# 
  3902   000DE1                     RXFBCON1        equ	3553	;# 
  3903   000DE2                     RXFBCON2        equ	3554	;# 
  3904   000DE3                     RXFBCON3        equ	3555	;# 
  3905   000DE4                     RXFBCON4        equ	3556	;# 
  3906   000DE5                     RXFBCON5        equ	3557	;# 
  3907   000DE6                     RXFBCON6        equ	3558	;# 
  3908   000DE7                     RXFBCON7        equ	3559	;# 
  3909   000DF0                     MSEL0           equ	3568	;# 
  3910   000DF1                     MSEL1           equ	3569	;# 
  3911   000DF2                     MSEL2           equ	3570	;# 
  3912   000DF3                     MSEL3           equ	3571	;# 
  3913   000DF8                     BSEL0           equ	3576	;# 
  3914   000DFA                     BIE0            equ	3578	;# 
  3915   000DFC                     TXBIE           equ	3580	;# 
  3916   000E20                     B0CON           equ	3616	;# 
  3917   000E21                     B0SIDH          equ	3617	;# 
  3918   000E22                     B0SIDL          equ	3618	;# 
  3919   000E23                     B0EIDH          equ	3619	;# 
  3920   000E24                     B0EIDL          equ	3620	;# 
  3921   000E25                     B0DLC           equ	3621	;# 
  3922   000E26                     B0D0            equ	3622	;# 
  3923   000E27                     B0D1            equ	3623	;# 
  3924   000E28                     B0D2            equ	3624	;# 
  3925   000E29                     B0D3            equ	3625	;# 
  3926   000E2A                     B0D4            equ	3626	;# 
  3927   000E2B                     B0D5            equ	3627	;# 
  3928   000E2C                     B0D6            equ	3628	;# 
  3929   000E2D                     B0D7            equ	3629	;# 
  3930   000E2E                     CANSTAT_RO9     equ	3630	;# 
  3931   000E2F                     CANCON_RO9      equ	3631	;# 
  3932   000E30                     B1CON           equ	3632	;# 
  3933   000E31                     B1SIDH          equ	3633	;# 
  3934   000E32                     B1SIDL          equ	3634	;# 
  3935   000E33                     B1EIDH          equ	3635	;# 
  3936   000E34                     B1EIDL          equ	3636	;# 
  3937   000E35                     B1DLC           equ	3637	;# 
  3938   000E36                     B1D0            equ	3638	;# 
  3939   000E37                     B1D1            equ	3639	;# 
  3940   000E38                     B1D2            equ	3640	;# 
  3941   000E39                     B1D3            equ	3641	;# 
  3942   000E3A                     B1D4            equ	3642	;# 
  3943   000E3B                     B1D5            equ	3643	;# 
  3944   000E3C                     B1D6            equ	3644	;# 
  3945   000E3D                     B1D7            equ	3645	;# 
  3946   000E3E                     CANSTAT_RO8     equ	3646	;# 
  3947   000E3F                     CANCON_RO8      equ	3647	;# 
  3948   000E40                     B2CON           equ	3648	;# 
  3949   000E41                     B2SIDH          equ	3649	;# 
  3950   000E42                     B2SIDL          equ	3650	;# 
  3951   000E43                     B2EIDH          equ	3651	;# 
  3952   000E44                     B2EIDL          equ	3652	;# 
  3953   000E45                     B2DLC           equ	3653	;# 
  3954   000E46                     B2D0            equ	3654	;# 
  3955   000E47                     B2D1            equ	3655	;# 
  3956   000E48                     B2D2            equ	3656	;# 
  3957   000E49                     B2D3            equ	3657	;# 
  3958   000E4A                     B2D4            equ	3658	;# 
  3959   000E4B                     B2D5            equ	3659	;# 
  3960   000E4C                     B2D6            equ	3660	;# 
  3961   000E4D                     B2D7            equ	3661	;# 
  3962   000E4E                     CANSTAT_RO7     equ	3662	;# 
  3963   000E4F                     CANCON_RO7      equ	3663	;# 
  3964   000E50                     B3CON           equ	3664	;# 
  3965   000E51                     B3SIDH          equ	3665	;# 
  3966   000E52                     B3SIDL          equ	3666	;# 
  3967   000E53                     B3EIDH          equ	3667	;# 
  3968   000E54                     B3EIDL          equ	3668	;# 
  3969   000E55                     B3DLC           equ	3669	;# 
  3970   000E56                     B3D0            equ	3670	;# 
  3971   000E57                     B3D1            equ	3671	;# 
  3972   000E58                     B3D2            equ	3672	;# 
  3973   000E59                     B3D3            equ	3673	;# 
  3974   000E5A                     B3D4            equ	3674	;# 
  3975   000E5B                     B3D5            equ	3675	;# 
  3976   000E5C                     B3D6            equ	3676	;# 
  3977   000E5D                     B3D7            equ	3677	;# 
  3978   000E5E                     CANSTAT_RO6     equ	3678	;# 
  3979   000E5F                     CANCON_RO6      equ	3679	;# 
  3980   000E60                     B4CON           equ	3680	;# 
  3981   000E61                     B4SIDH          equ	3681	;# 
  3982   000E62                     B4SIDL          equ	3682	;# 
  3983   000E63                     B4EIDH          equ	3683	;# 
  3984   000E64                     B4EIDL          equ	3684	;# 
  3985   000E65                     B4DLC           equ	3685	;# 
  3986   000E66                     B4D0            equ	3686	;# 
  3987   000E67                     B4D1            equ	3687	;# 
  3988   000E68                     B4D2            equ	3688	;# 
  3989   000E69                     B4D3            equ	3689	;# 
  3990   000E6A                     B4D4            equ	3690	;# 
  3991   000E6B                     B4D5            equ	3691	;# 
  3992   000E6C                     B4D6            equ	3692	;# 
  3993   000E6D                     B4D7            equ	3693	;# 
  3994   000E6E                     CANSTAT_RO5     equ	3694	;# 
  3995   000E6F                     CANCON_RO5      equ	3695	;# 
  3996   000E70                     B5CON           equ	3696	;# 
  3997   000E71                     B5SIDH          equ	3697	;# 
  3998   000E72                     B5SIDL          equ	3698	;# 
  3999   000E73                     B5EIDH          equ	3699	;# 
  4000   000E74                     B5EIDL          equ	3700	;# 
  4001   000E75                     B5DLC           equ	3701	;# 
  4002   000E76                     B5D0            equ	3702	;# 
  4003   000E77                     B5D1            equ	3703	;# 
  4004   000E78                     B5D2            equ	3704	;# 
  4005   000E79                     B5D3            equ	3705	;# 
  4006   000E7A                     B5D4            equ	3706	;# 
  4007   000E7B                     B5D5            equ	3707	;# 
  4008   000E7C                     B5D6            equ	3708	;# 
  4009   000E7D                     B5D7            equ	3709	;# 
  4010   000E7E                     CANSTAT_RO4     equ	3710	;# 
  4011   000E7F                     CANCON_RO4      equ	3711	;# 
  4012   000F00                     RXF0SIDH        equ	3840	;# 
  4013   000F01                     RXF0SIDL        equ	3841	;# 
  4014   000F02                     RXF0EIDH        equ	3842	;# 
  4015   000F03                     RXF0EIDL        equ	3843	;# 
  4016   000F04                     RXF1SIDH        equ	3844	;# 
  4017   000F05                     RXF1SIDL        equ	3845	;# 
  4018   000F06                     RXF1EIDH        equ	3846	;# 
  4019   000F07                     RXF1EIDL        equ	3847	;# 
  4020   000F08                     RXF2SIDH        equ	3848	;# 
  4021   000F09                     RXF2SIDL        equ	3849	;# 
  4022   000F0A                     RXF2EIDH        equ	3850	;# 
  4023   000F0B                     RXF2EIDL        equ	3851	;# 
  4024   000F0C                     RXF3SIDH        equ	3852	;# 
  4025   000F0D                     RXF3SIDL        equ	3853	;# 
  4026   000F0E                     RXF3EIDH        equ	3854	;# 
  4027   000F0F                     RXF3EIDL        equ	3855	;# 
  4028   000F10                     RXF4SIDH        equ	3856	;# 
  4029   000F11                     RXF4SIDL        equ	3857	;# 
  4030   000F12                     RXF4EIDH        equ	3858	;# 
  4031   000F13                     RXF4EIDL        equ	3859	;# 
  4032   000F14                     RXF5SIDH        equ	3860	;# 
  4033   000F15                     RXF5SIDL        equ	3861	;# 
  4034   000F16                     RXF5EIDH        equ	3862	;# 
  4035   000F17                     RXF5EIDL        equ	3863	;# 
  4036   000F18                     RXM0SIDH        equ	3864	;# 
  4037   000F19                     RXM0SIDL        equ	3865	;# 
  4038   000F1A                     RXM0EIDH        equ	3866	;# 
  4039   000F1B                     RXM0EIDL        equ	3867	;# 
  4040   000F1C                     RXM1SIDH        equ	3868	;# 
  4041   000F1D                     RXM1SIDL        equ	3869	;# 
  4042   000F1E                     RXM1EIDH        equ	3870	;# 
  4043   000F1F                     RXM1EIDL        equ	3871	;# 
  4044   000F20                     TXB2CON         equ	3872	;# 
  4045   000F21                     TXB2SIDH        equ	3873	;# 
  4046   000F22                     TXB2SIDL        equ	3874	;# 
  4047   000F23                     TXB2EIDH        equ	3875	;# 
  4048   000F24                     TXB2EIDL        equ	3876	;# 
  4049   000F25                     TXB2DLC         equ	3877	;# 
  4050   000F26                     TXB2D0          equ	3878	;# 
  4051   000F27                     TXB2D1          equ	3879	;# 
  4052   000F28                     TXB2D2          equ	3880	;# 
  4053   000F29                     TXB2D3          equ	3881	;# 
  4054   000F2A                     TXB2D4          equ	3882	;# 
  4055   000F2B                     TXB2D5          equ	3883	;# 
  4056   000F2C                     TXB2D6          equ	3884	;# 
  4057   000F2D                     TXB2D7          equ	3885	;# 
  4058   000F2E                     CANSTAT_RO3     equ	3886	;# 
  4059   000F2F                     CANCON_RO3      equ	3887	;# 
  4060   000F30                     TXB1CON         equ	3888	;# 
  4061   000F31                     TXB1SIDH        equ	3889	;# 
  4062   000F32                     TXB1SIDL        equ	3890	;# 
  4063   000F33                     TXB1EIDH        equ	3891	;# 
  4064   000F34                     TXB1EIDL        equ	3892	;# 
  4065   000F35                     TXB1DLC         equ	3893	;# 
  4066   000F36                     TXB1D0          equ	3894	;# 
  4067   000F37                     TXB1D1          equ	3895	;# 
  4068   000F38                     TXB1D2          equ	3896	;# 
  4069   000F39                     TXB1D3          equ	3897	;# 
  4070   000F3A                     TXB1D4          equ	3898	;# 
  4071   000F3B                     TXB1D5          equ	3899	;# 
  4072   000F3C                     TXB1D6          equ	3900	;# 
  4073   000F3D                     TXB1D7          equ	3901	;# 
  4074   000F3E                     CANSTAT_RO2     equ	3902	;# 
  4075   000F3F                     CANCON_RO2      equ	3903	;# 
  4076   000F40                     TXB0CON         equ	3904	;# 
  4077   000F41                     TXB0SIDH        equ	3905	;# 
  4078   000F42                     TXB0SIDL        equ	3906	;# 
  4079   000F43                     TXB0EIDH        equ	3907	;# 
  4080   000F44                     TXB0EIDL        equ	3908	;# 
  4081   000F45                     TXB0DLC         equ	3909	;# 
  4082   000F46                     TXB0D0          equ	3910	;# 
  4083   000F47                     TXB0D1          equ	3911	;# 
  4084   000F48                     TXB0D2          equ	3912	;# 
  4085   000F49                     TXB0D3          equ	3913	;# 
  4086   000F4A                     TXB0D4          equ	3914	;# 
  4087   000F4B                     TXB0D5          equ	3915	;# 
  4088   000F4C                     TXB0D6          equ	3916	;# 
  4089   000F4D                     TXB0D7          equ	3917	;# 
  4090   000F4E                     CANSTAT_RO1     equ	3918	;# 
  4091   000F4F                     CANCON_RO1      equ	3919	;# 
  4092   000F50                     RXB1CON         equ	3920	;# 
  4093   000F51                     RXB1SIDH        equ	3921	;# 
  4094   000F52                     RXB1SIDL        equ	3922	;# 
  4095   000F53                     RXB1EIDH        equ	3923	;# 
  4096   000F54                     RXB1EIDL        equ	3924	;# 
  4097   000F55                     RXB1DLC         equ	3925	;# 
  4098   000F56                     RXB1D0          equ	3926	;# 
  4099   000F57                     RXB1D1          equ	3927	;# 
  4100   000F58                     RXB1D2          equ	3928	;# 
  4101   000F59                     RXB1D3          equ	3929	;# 
  4102   000F5A                     RXB1D4          equ	3930	;# 
  4103   000F5B                     RXB1D5          equ	3931	;# 
  4104   000F5C                     RXB1D6          equ	3932	;# 
  4105   000F5D                     RXB1D7          equ	3933	;# 
  4106   000F5E                     CANSTAT_RO0     equ	3934	;# 
  4107   000F5F                     CANCON_RO0      equ	3935	;# 
  4108   000F60                     RXB0CON         equ	3936	;# 
  4109   000F61                     RXB0SIDH        equ	3937	;# 
  4110   000F62                     RXB0SIDL        equ	3938	;# 
  4111   000F63                     RXB0EIDH        equ	3939	;# 
  4112   000F64                     RXB0EIDL        equ	3940	;# 
  4113   000F65                     RXB0DLC         equ	3941	;# 
  4114   000F66                     RXB0D0          equ	3942	;# 
  4115   000F67                     RXB0D1          equ	3943	;# 
  4116   000F68                     RXB0D2          equ	3944	;# 
  4117   000F69                     RXB0D3          equ	3945	;# 
  4118   000F6A                     RXB0D4          equ	3946	;# 
  4119   000F6B                     RXB0D5          equ	3947	;# 
  4120   000F6C                     RXB0D6          equ	3948	;# 
  4121   000F6D                     RXB0D7          equ	3949	;# 
  4122   000F6E                     CANSTAT         equ	3950	;# 
  4123   000F6F                     CANCON          equ	3951	;# 
  4124   000F70                     BRGCON1         equ	3952	;# 
  4125   000F71                     BRGCON2         equ	3953	;# 
  4126   000F72                     BRGCON3         equ	3954	;# 
  4127   000F73                     CIOCON          equ	3955	;# 
  4128   000F74                     COMSTAT         equ	3956	;# 
  4129   000F75                     RXERRCNT        equ	3957	;# 
  4130   000F76                     TXERRCNT        equ	3958	;# 
  4131   000F77                     ECANCON         equ	3959	;# 
  4132   000F80                     PORTA           equ	3968	;# 
  4133   000F81                     PORTB           equ	3969	;# 
  4134   000F82                     PORTC           equ	3970	;# 
  4135   000F83                     PORTD           equ	3971	;# 
  4136   000F84                     PORTE           equ	3972	;# 
  4137   000F89                     LATA            equ	3977	;# 
  4138   000F8A                     LATB            equ	3978	;# 
  4139   000F8B                     LATC            equ	3979	;# 
  4140   000F8C                     LATD            equ	3980	;# 
  4141   000F8D                     LATE            equ	3981	;# 
  4142   000F92                     TRISA           equ	3986	;# 
  4143   000F92                     DDRA            equ	3986	;# 
  4144   000F93                     TRISB           equ	3987	;# 
  4145   000F93                     DDRB            equ	3987	;# 
  4146   000F94                     TRISC           equ	3988	;# 
  4147   000F94                     DDRC            equ	3988	;# 
  4148   000F95                     TRISD           equ	3989	;# 
  4149   000F95                     DDRD            equ	3989	;# 
  4150   000F96                     TRISE           equ	3990	;# 
  4151   000F96                     DDRE            equ	3990	;# 
  4152   000F9B                     OSCTUNE         equ	3995	;# 
  4153   000F9D                     PIE1            equ	3997	;# 
  4154   000F9E                     PIR1            equ	3998	;# 
  4155   000F9F                     IPR1            equ	3999	;# 
  4156   000FA0                     PIE2            equ	4000	;# 
  4157   000FA1                     PIR2            equ	4001	;# 
  4158   000FA2                     IPR2            equ	4002	;# 
  4159   000FA3                     PIE3            equ	4003	;# 
  4160   000FA4                     PIR3            equ	4004	;# 
  4161   000FA5                     IPR3            equ	4005	;# 
  4162   000FA6                     EECON1          equ	4006	;# 
  4163   000FA7                     EECON2          equ	4007	;# 
  4164   000FA8                     EEDATA          equ	4008	;# 
  4165   000FA9                     EEADR           equ	4009	;# 
  4166   000FAB                     RCSTA           equ	4011	;# 
  4167   000FAB                     RCSTA1          equ	4011	;# 
  4168   000FAC                     TXSTA           equ	4012	;# 
  4169   000FAC                     TXSTA1          equ	4012	;# 
  4170   000FAD                     TXREG           equ	4013	;# 
  4171   000FAD                     TXREG1          equ	4013	;# 
  4172   000FAE                     RCREG           equ	4014	;# 
  4173   000FAE                     RCREG1          equ	4014	;# 
  4174   000FAF                     SPBRG           equ	4015	;# 
  4175   000FAF                     SPBRG1          equ	4015	;# 
  4176   000FB0                     SPBRGH          equ	4016	;# 
  4177   000FB1                     T3CON           equ	4017	;# 
  4178   000FB2                     TMR3            equ	4018	;# 
  4179   000FB2                     TMR3L           equ	4018	;# 
  4180   000FB3                     TMR3H           equ	4019	;# 
  4181   000FB4                     CMCON           equ	4020	;# 
  4182   000FB5                     CVRCON          equ	4021	;# 
  4183   000FB6                     ECCP1AS         equ	4022	;# 
  4184   000FB7                     ECCP1DEL        equ	4023	;# 
  4185   000FB8                     BAUDCON         equ	4024	;# 
  4186   000FB8                     BAUDCTL         equ	4024	;# 
  4187   000FBA                     ECCP1CON        equ	4026	;# 
  4188   000FBB                     ECCPR1          equ	4027	;# 
  4189   000FBB                     ECCPR1L         equ	4027	;# 
  4190   000FBC                     ECCPR1H         equ	4028	;# 
  4191   000FBD                     CCP1CON         equ	4029	;# 
  4192   000FBE                     CCPR1           equ	4030	;# 
  4193   000FBE                     CCPR1L          equ	4030	;# 
  4194   000FBF                     CCPR1H          equ	4031	;# 
  4195   000FC0                     ADCON2          equ	4032	;# 
  4196   000FC1                     ADCON1          equ	4033	;# 
  4197   000FC2                     ADCON0          equ	4034	;# 
  4198   000FC3                     ADRES           equ	4035	;# 
  4199   000FC3                     ADRESL          equ	4035	;# 
  4200   000FC4                     ADRESH          equ	4036	;# 
  4201   000FC5                     SSPCON2         equ	4037	;# 
  4202   000FC6                     SSPCON1         equ	4038	;# 
  4203   000FC7                     SSPSTAT         equ	4039	;# 
  4204   000FC8                     SSPADD          equ	4040	;# 
  4205   000FC9                     SSPBUF          equ	4041	;# 
  4206   000FCA                     T2CON           equ	4042	;# 
  4207   000FCB                     PR2             equ	4043	;# 
  4208   000FCB                     MEMCON          equ	4043	;# 
  4209   000FCC                     TMR2            equ	4044	;# 
  4210   000FCD                     T1CON           equ	4045	;# 
  4211   000FCE                     TMR1            equ	4046	;# 
  4212   000FCE                     TMR1L           equ	4046	;# 
  4213   000FCF                     TMR1H           equ	4047	;# 
  4214   000FD0                     RCON            equ	4048	;# 
  4215   000FD1                     WDTCON          equ	4049	;# 
  4216   000FD2                     HLVDCON         equ	4050	;# 
  4217   000FD2                     LVDCON          equ	4050	;# 
  4218   000FD3                     OSCCON          equ	4051	;# 
  4219   000FD5                     T0CON           equ	4053	;# 
  4220   000FD6                     TMR0            equ	4054	;# 
  4221   000FD6                     TMR0L           equ	4054	;# 
  4222   000FD7                     TMR0H           equ	4055	;# 
  4223   000FD8                     STATUS          equ	4056	;# 
  4224   000FD9                     FSR2            equ	4057	;# 
  4225   000FD9                     FSR2L           equ	4057	;# 
  4226   000FDA                     FSR2H           equ	4058	;# 
  4227   000FDB                     PLUSW2          equ	4059	;# 
  4228   000FDC                     PREINC2         equ	4060	;# 
  4229   000FDD                     POSTDEC2        equ	4061	;# 
  4230   000FDE                     POSTINC2        equ	4062	;# 
  4231   000FDF                     INDF2           equ	4063	;# 
  4232   000FE0                     BSR             equ	4064	;# 
  4233   000FE1                     FSR1            equ	4065	;# 
  4234   000FE1                     FSR1L           equ	4065	;# 
  4235   000FE2                     FSR1H           equ	4066	;# 
  4236   000FE3                     PLUSW1          equ	4067	;# 
  4237   000FE4                     PREINC1         equ	4068	;# 
  4238   000FE5                     POSTDEC1        equ	4069	;# 
  4239   000FE6                     POSTINC1        equ	4070	;# 
  4240   000FE7                     INDF1           equ	4071	;# 
  4241   000FE8                     WREG            equ	4072	;# 
  4242   000FE9                     FSR0            equ	4073	;# 
  4243   000FE9                     FSR0L           equ	4073	;# 
  4244   000FEA                     FSR0H           equ	4074	;# 
  4245   000FEB                     PLUSW0          equ	4075	;# 
  4246   000FEC                     PREINC0         equ	4076	;# 
  4247   000FED                     POSTDEC0        equ	4077	;# 
  4248   000FEE                     POSTINC0        equ	4078	;# 
  4249   000FEF                     INDF0           equ	4079	;# 
  4250   000FF0                     INTCON3         equ	4080	;# 
  4251   000FF1                     INTCON2         equ	4081	;# 
  4252   000FF2                     INTCON          equ	4082	;# 
  4253   000FF3                     PROD            equ	4083	;# 
  4254   000FF3                     PRODL           equ	4083	;# 
  4255   000FF4                     PRODH           equ	4084	;# 
  4256   000FF5                     TABLAT          equ	4085	;# 
  4257   000FF6                     TBLPTR          equ	4086	;# 
  4258   000FF6                     TBLPTRL         equ	4086	;# 
  4259   000FF7                     TBLPTRH         equ	4087	;# 
  4260   000FF8                     TBLPTRU         equ	4088	;# 
  4261   000FF9                     PCLAT           equ	4089	;# 
  4262   000FF9                     PC              equ	4089	;# 
  4263   000FF9                     PCL             equ	4089	;# 
  4264   000FFA                     PCLATH          equ	4090	;# 
  4265   000FFB                     PCLATU          equ	4091	;# 
  4266   000FFC                     STKPTR          equ	4092	;# 
  4267   000FFD                     TOS             equ	4093	;# 
  4268   000FFD                     TOSL            equ	4093	;# 
  4269   000FFE                     TOSH            equ	4094	;# 
  4270   000FFF                     TOSU            equ	4095	;# 
  4271   000D60                     RXF6SIDH        equ	3424	;# 
  4272   000D61                     RXF6SIDL        equ	3425	;# 
  4273   000D62                     RXF6EIDH        equ	3426	;# 
  4274   000D63                     RXF6EIDL        equ	3427	;# 
  4275   000D64                     RXF7SIDH        equ	3428	;# 
  4276   000D65                     RXF7SIDL        equ	3429	;# 
  4277   000D66                     RXF7EIDH        equ	3430	;# 
  4278   000D67                     RXF7EIDL        equ	3431	;# 
  4279   000D68                     RXF8SIDH        equ	3432	;# 
  4280   000D69                     RXF8SIDL        equ	3433	;# 
  4281   000D6A                     RXF8EIDH        equ	3434	;# 
  4282   000D6B                     RXF8EIDL        equ	3435	;# 
  4283   000D70                     RXF9SIDH        equ	3440	;# 
  4284   000D71                     RXF9SIDL        equ	3441	;# 
  4285   000D72                     RXF9EIDH        equ	3442	;# 
  4286   000D73                     RXF9EIDL        equ	3443	;# 
  4287   000D74                     RXF10SIDH       equ	3444	;# 
  4288   000D75                     RXF10SIDL       equ	3445	;# 
  4289   000D76                     RXF10EIDH       equ	3446	;# 
  4290   000D77                     RXF10EIDL       equ	3447	;# 
  4291   000D78                     RXF11SIDH       equ	3448	;# 
  4292   000D79                     RXF11SIDL       equ	3449	;# 
  4293   000D7A                     RXF11EIDH       equ	3450	;# 
  4294   000D7B                     RXF11EIDL       equ	3451	;# 
  4295   000D80                     RXF12SIDH       equ	3456	;# 
  4296   000D81                     RXF12SIDL       equ	3457	;# 
  4297   000D82                     RXF12EIDH       equ	3458	;# 
  4298   000D83                     RXF12EIDL       equ	3459	;# 
  4299   000D84                     RXF13SIDH       equ	3460	;# 
  4300   000D85                     RXF13SIDL       equ	3461	;# 
  4301   000D86                     RXF13EIDH       equ	3462	;# 
  4302   000D87                     RXF13EIDL       equ	3463	;# 
  4303   000D88                     RXF14SIDH       equ	3464	;# 
  4304   000D89                     RXF14SIDL       equ	3465	;# 
  4305   000D8A                     RXF14EIDH       equ	3466	;# 
  4306   000D8B                     RXF14EIDL       equ	3467	;# 
  4307   000D90                     RXF15SIDH       equ	3472	;# 
  4308   000D91                     RXF15SIDL       equ	3473	;# 
  4309   000D92                     RXF15EIDH       equ	3474	;# 
  4310   000D93                     RXF15EIDL       equ	3475	;# 
  4311   000DD4                     RXFCON0         equ	3540	;# 
  4312   000DD5                     RXFCON1         equ	3541	;# 
  4313   000DD8                     SDFLC           equ	3544	;# 
  4314   000DE0                     RXFBCON0        equ	3552	;# 
  4315   000DE1                     RXFBCON1        equ	3553	;# 
  4316   000DE2                     RXFBCON2        equ	3554	;# 
  4317   000DE3                     RXFBCON3        equ	3555	;# 
  4318   000DE4                     RXFBCON4        equ	3556	;# 
  4319   000DE5                     RXFBCON5        equ	3557	;# 
  4320   000DE6                     RXFBCON6        equ	3558	;# 
  4321   000DE7                     RXFBCON7        equ	3559	;# 
  4322   000DF0                     MSEL0           equ	3568	;# 
  4323   000DF1                     MSEL1           equ	3569	;# 
  4324   000DF2                     MSEL2           equ	3570	;# 
  4325   000DF3                     MSEL3           equ	3571	;# 
  4326   000DF8                     BSEL0           equ	3576	;# 
  4327   000DFA                     BIE0            equ	3578	;# 
  4328   000DFC                     TXBIE           equ	3580	;# 
  4329   000E20                     B0CON           equ	3616	;# 
  4330   000E21                     B0SIDH          equ	3617	;# 
  4331   000E22                     B0SIDL          equ	3618	;# 
  4332   000E23                     B0EIDH          equ	3619	;# 
  4333   000E24                     B0EIDL          equ	3620	;# 
  4334   000E25                     B0DLC           equ	3621	;# 
  4335   000E26                     B0D0            equ	3622	;# 
  4336   000E27                     B0D1            equ	3623	;# 
  4337   000E28                     B0D2            equ	3624	;# 
  4338   000E29                     B0D3            equ	3625	;# 
  4339   000E2A                     B0D4            equ	3626	;# 
  4340   000E2B                     B0D5            equ	3627	;# 
  4341   000E2C                     B0D6            equ	3628	;# 
  4342   000E2D                     B0D7            equ	3629	;# 
  4343   000E2E                     CANSTAT_RO9     equ	3630	;# 
  4344   000E2F                     CANCON_RO9      equ	3631	;# 
  4345   000E30                     B1CON           equ	3632	;# 
  4346   000E31                     B1SIDH          equ	3633	;# 
  4347   000E32                     B1SIDL          equ	3634	;# 
  4348   000E33                     B1EIDH          equ	3635	;# 
  4349   000E34                     B1EIDL          equ	3636	;# 
  4350   000E35                     B1DLC           equ	3637	;# 
  4351   000E36                     B1D0            equ	3638	;# 
  4352   000E37                     B1D1            equ	3639	;# 
  4353   000E38                     B1D2            equ	3640	;# 
  4354   000E39                     B1D3            equ	3641	;# 
  4355   000E3A                     B1D4            equ	3642	;# 
  4356   000E3B                     B1D5            equ	3643	;# 
  4357   000E3C                     B1D6            equ	3644	;# 
  4358   000E3D                     B1D7            equ	3645	;# 
  4359   000E3E                     CANSTAT_RO8     equ	3646	;# 
  4360   000E3F                     CANCON_RO8      equ	3647	;# 
  4361   000E40                     B2CON           equ	3648	;# 
  4362   000E41                     B2SIDH          equ	3649	;# 
  4363   000E42                     B2SIDL          equ	3650	;# 
  4364   000E43                     B2EIDH          equ	3651	;# 
  4365   000E44                     B2EIDL          equ	3652	;# 
  4366   000E45                     B2DLC           equ	3653	;# 
  4367   000E46                     B2D0            equ	3654	;# 
  4368   000E47                     B2D1            equ	3655	;# 
  4369   000E48                     B2D2            equ	3656	;# 
  4370   000E49                     B2D3            equ	3657	;# 
  4371   000E4A                     B2D4            equ	3658	;# 
  4372   000E4B                     B2D5            equ	3659	;# 
  4373   000E4C                     B2D6            equ	3660	;# 
  4374   000E4D                     B2D7            equ	3661	;# 
  4375   000E4E                     CANSTAT_RO7     equ	3662	;# 
  4376   000E4F                     CANCON_RO7      equ	3663	;# 
  4377   000E50                     B3CON           equ	3664	;# 
  4378   000E51                     B3SIDH          equ	3665	;# 
  4379   000E52                     B3SIDL          equ	3666	;# 
  4380   000E53                     B3EIDH          equ	3667	;# 
  4381   000E54                     B3EIDL          equ	3668	;# 
  4382   000E55                     B3DLC           equ	3669	;# 
  4383   000E56                     B3D0            equ	3670	;# 
  4384   000E57                     B3D1            equ	3671	;# 
  4385   000E58                     B3D2            equ	3672	;# 
  4386   000E59                     B3D3            equ	3673	;# 
  4387   000E5A                     B3D4            equ	3674	;# 
  4388   000E5B                     B3D5            equ	3675	;# 
  4389   000E5C                     B3D6            equ	3676	;# 
  4390   000E5D                     B3D7            equ	3677	;# 
  4391   000E5E                     CANSTAT_RO6     equ	3678	;# 
  4392   000E5F                     CANCON_RO6      equ	3679	;# 
  4393   000E60                     B4CON           equ	3680	;# 
  4394   000E61                     B4SIDH          equ	3681	;# 
  4395   000E62                     B4SIDL          equ	3682	;# 
  4396   000E63                     B4EIDH          equ	3683	;# 
  4397   000E64                     B4EIDL          equ	3684	;# 
  4398   000E65                     B4DLC           equ	3685	;# 
  4399   000E66                     B4D0            equ	3686	;# 
  4400   000E67                     B4D1            equ	3687	;# 
  4401   000E68                     B4D2            equ	3688	;# 
  4402   000E69                     B4D3            equ	3689	;# 
  4403   000E6A                     B4D4            equ	3690	;# 
  4404   000E6B                     B4D5            equ	3691	;# 
  4405   000E6C                     B4D6            equ	3692	;# 
  4406   000E6D                     B4D7            equ	3693	;# 
  4407   000E6E                     CANSTAT_RO5     equ	3694	;# 
  4408   000E6F                     CANCON_RO5      equ	3695	;# 
  4409   000E70                     B5CON           equ	3696	;# 
  4410   000E71                     B5SIDH          equ	3697	;# 
  4411   000E72                     B5SIDL          equ	3698	;# 
  4412   000E73                     B5EIDH          equ	3699	;# 
  4413   000E74                     B5EIDL          equ	3700	;# 
  4414   000E75                     B5DLC           equ	3701	;# 
  4415   000E76                     B5D0            equ	3702	;# 
  4416   000E77                     B5D1            equ	3703	;# 
  4417   000E78                     B5D2            equ	3704	;# 
  4418   000E79                     B5D3            equ	3705	;# 
  4419   000E7A                     B5D4            equ	3706	;# 
  4420   000E7B                     B5D5            equ	3707	;# 
  4421   000E7C                     B5D6            equ	3708	;# 
  4422   000E7D                     B5D7            equ	3709	;# 
  4423   000E7E                     CANSTAT_RO4     equ	3710	;# 
  4424   000E7F                     CANCON_RO4      equ	3711	;# 
  4425   000F00                     RXF0SIDH        equ	3840	;# 
  4426   000F01                     RXF0SIDL        equ	3841	;# 
  4427   000F02                     RXF0EIDH        equ	3842	;# 
  4428   000F03                     RXF0EIDL        equ	3843	;# 
  4429   000F04                     RXF1SIDH        equ	3844	;# 
  4430   000F05                     RXF1SIDL        equ	3845	;# 
  4431   000F06                     RXF1EIDH        equ	3846	;# 
  4432   000F07                     RXF1EIDL        equ	3847	;# 
  4433   000F08                     RXF2SIDH        equ	3848	;# 
  4434   000F09                     RXF2SIDL        equ	3849	;# 
  4435   000F0A                     RXF2EIDH        equ	3850	;# 
  4436   000F0B                     RXF2EIDL        equ	3851	;# 
  4437   000F0C                     RXF3SIDH        equ	3852	;# 
  4438   000F0D                     RXF3SIDL        equ	3853	;# 
  4439   000F0E                     RXF3EIDH        equ	3854	;# 
  4440   000F0F                     RXF3EIDL        equ	3855	;# 
  4441   000F10                     RXF4SIDH        equ	3856	;# 
  4442   000F11                     RXF4SIDL        equ	3857	;# 
  4443   000F12                     RXF4EIDH        equ	3858	;# 
  4444   000F13                     RXF4EIDL        equ	3859	;# 
  4445   000F14                     RXF5SIDH        equ	3860	;# 
  4446   000F15                     RXF5SIDL        equ	3861	;# 
  4447   000F16                     RXF5EIDH        equ	3862	;# 
  4448   000F17                     RXF5EIDL        equ	3863	;# 
  4449   000F18                     RXM0SIDH        equ	3864	;# 
  4450   000F19                     RXM0SIDL        equ	3865	;# 
  4451   000F1A                     RXM0EIDH        equ	3866	;# 
  4452   000F1B                     RXM0EIDL        equ	3867	;# 
  4453   000F1C                     RXM1SIDH        equ	3868	;# 
  4454   000F1D                     RXM1SIDL        equ	3869	;# 
  4455   000F1E                     RXM1EIDH        equ	3870	;# 
  4456   000F1F                     RXM1EIDL        equ	3871	;# 
  4457   000F20                     TXB2CON         equ	3872	;# 
  4458   000F21                     TXB2SIDH        equ	3873	;# 
  4459   000F22                     TXB2SIDL        equ	3874	;# 
  4460   000F23                     TXB2EIDH        equ	3875	;# 
  4461   000F24                     TXB2EIDL        equ	3876	;# 
  4462   000F25                     TXB2DLC         equ	3877	;# 
  4463   000F26                     TXB2D0          equ	3878	;# 
  4464   000F27                     TXB2D1          equ	3879	;# 
  4465   000F28                     TXB2D2          equ	3880	;# 
  4466   000F29                     TXB2D3          equ	3881	;# 
  4467   000F2A                     TXB2D4          equ	3882	;# 
  4468   000F2B                     TXB2D5          equ	3883	;# 
  4469   000F2C                     TXB2D6          equ	3884	;# 
  4470   000F2D                     TXB2D7          equ	3885	;# 
  4471   000F2E                     CANSTAT_RO3     equ	3886	;# 
  4472   000F2F                     CANCON_RO3      equ	3887	;# 
  4473   000F30                     TXB1CON         equ	3888	;# 
  4474   000F31                     TXB1SIDH        equ	3889	;# 
  4475   000F32                     TXB1SIDL        equ	3890	;# 
  4476   000F33                     TXB1EIDH        equ	3891	;# 
  4477   000F34                     TXB1EIDL        equ	3892	;# 
  4478   000F35                     TXB1DLC         equ	3893	;# 
  4479   000F36                     TXB1D0          equ	3894	;# 
  4480   000F37                     TXB1D1          equ	3895	;# 
  4481   000F38                     TXB1D2          equ	3896	;# 
  4482   000F39                     TXB1D3          equ	3897	;# 
  4483   000F3A                     TXB1D4          equ	3898	;# 
  4484   000F3B                     TXB1D5          equ	3899	;# 
  4485   000F3C                     TXB1D6          equ	3900	;# 
  4486   000F3D                     TXB1D7          equ	3901	;# 
  4487   000F3E                     CANSTAT_RO2     equ	3902	;# 
  4488   000F3F                     CANCON_RO2      equ	3903	;# 
  4489   000F40                     TXB0CON         equ	3904	;# 
  4490   000F41                     TXB0SIDH        equ	3905	;# 
  4491   000F42                     TXB0SIDL        equ	3906	;# 
  4492   000F43                     TXB0EIDH        equ	3907	;# 
  4493   000F44                     TXB0EIDL        equ	3908	;# 
  4494   000F45                     TXB0DLC         equ	3909	;# 
  4495   000F46                     TXB0D0          equ	3910	;# 
  4496   000F47                     TXB0D1          equ	3911	;# 
  4497   000F48                     TXB0D2          equ	3912	;# 
  4498   000F49                     TXB0D3          equ	3913	;# 
  4499   000F4A                     TXB0D4          equ	3914	;# 
  4500   000F4B                     TXB0D5          equ	3915	;# 
  4501   000F4C                     TXB0D6          equ	3916	;# 
  4502   000F4D                     TXB0D7          equ	3917	;# 
  4503   000F4E                     CANSTAT_RO1     equ	3918	;# 
  4504   000F4F                     CANCON_RO1      equ	3919	;# 
  4505   000F50                     RXB1CON         equ	3920	;# 
  4506   000F51                     RXB1SIDH        equ	3921	;# 
  4507   000F52                     RXB1SIDL        equ	3922	;# 
  4508   000F53                     RXB1EIDH        equ	3923	;# 
  4509   000F54                     RXB1EIDL        equ	3924	;# 
  4510   000F55                     RXB1DLC         equ	3925	;# 
  4511   000F56                     RXB1D0          equ	3926	;# 
  4512   000F57                     RXB1D1          equ	3927	;# 
  4513   000F58                     RXB1D2          equ	3928	;# 
  4514   000F59                     RXB1D3          equ	3929	;# 
  4515   000F5A                     RXB1D4          equ	3930	;# 
  4516   000F5B                     RXB1D5          equ	3931	;# 
  4517   000F5C                     RXB1D6          equ	3932	;# 
  4518   000F5D                     RXB1D7          equ	3933	;# 
  4519   000F5E                     CANSTAT_RO0     equ	3934	;# 
  4520   000F5F                     CANCON_RO0      equ	3935	;# 
  4521   000F60                     RXB0CON         equ	3936	;# 
  4522   000F61                     RXB0SIDH        equ	3937	;# 
  4523   000F62                     RXB0SIDL        equ	3938	;# 
  4524   000F63                     RXB0EIDH        equ	3939	;# 
  4525   000F64                     RXB0EIDL        equ	3940	;# 
  4526   000F65                     RXB0DLC         equ	3941	;# 
  4527   000F66                     RXB0D0          equ	3942	;# 
  4528   000F67                     RXB0D1          equ	3943	;# 
  4529   000F68                     RXB0D2          equ	3944	;# 
  4530   000F69                     RXB0D3          equ	3945	;# 
  4531   000F6A                     RXB0D4          equ	3946	;# 
  4532   000F6B                     RXB0D5          equ	3947	;# 
  4533   000F6C                     RXB0D6          equ	3948	;# 
  4534   000F6D                     RXB0D7          equ	3949	;# 
  4535   000F6E                     CANSTAT         equ	3950	;# 
  4536   000F6F                     CANCON          equ	3951	;# 
  4537   000F70                     BRGCON1         equ	3952	;# 
  4538   000F71                     BRGCON2         equ	3953	;# 
  4539   000F72                     BRGCON3         equ	3954	;# 
  4540   000F73                     CIOCON          equ	3955	;# 
  4541   000F74                     COMSTAT         equ	3956	;# 
  4542   000F75                     RXERRCNT        equ	3957	;# 
  4543   000F76                     TXERRCNT        equ	3958	;# 
  4544   000F77                     ECANCON         equ	3959	;# 
  4545   000F80                     PORTA           equ	3968	;# 
  4546   000F81                     PORTB           equ	3969	;# 
  4547   000F82                     PORTC           equ	3970	;# 
  4548   000F83                     PORTD           equ	3971	;# 
  4549   000F84                     PORTE           equ	3972	;# 
  4550   000F89                     LATA            equ	3977	;# 
  4551   000F8A                     LATB            equ	3978	;# 
  4552   000F8B                     LATC            equ	3979	;# 
  4553   000F8C                     LATD            equ	3980	;# 
  4554   000F8D                     LATE            equ	3981	;# 
  4555   000F92                     TRISA           equ	3986	;# 
  4556   000F92                     DDRA            equ	3986	;# 
  4557   000F93                     TRISB           equ	3987	;# 
  4558   000F93                     DDRB            equ	3987	;# 
  4559   000F94                     TRISC           equ	3988	;# 
  4560   000F94                     DDRC            equ	3988	;# 
  4561   000F95                     TRISD           equ	3989	;# 
  4562   000F95                     DDRD            equ	3989	;# 
  4563   000F96                     TRISE           equ	3990	;# 
  4564   000F96                     DDRE            equ	3990	;# 
  4565   000F9B                     OSCTUNE         equ	3995	;# 
  4566   000F9D                     PIE1            equ	3997	;# 
  4567   000F9E                     PIR1            equ	3998	;# 
  4568   000F9F                     IPR1            equ	3999	;# 
  4569   000FA0                     PIE2            equ	4000	;# 
  4570   000FA1                     PIR2            equ	4001	;# 
  4571   000FA2                     IPR2            equ	4002	;# 
  4572   000FA3                     PIE3            equ	4003	;# 
  4573   000FA4                     PIR3            equ	4004	;# 
  4574   000FA5                     IPR3            equ	4005	;# 
  4575   000FA6                     EECON1          equ	4006	;# 
  4576   000FA7                     EECON2          equ	4007	;# 
  4577   000FA8                     EEDATA          equ	4008	;# 
  4578   000FA9                     EEADR           equ	4009	;# 
  4579   000FAB                     RCSTA           equ	4011	;# 
  4580   000FAB                     RCSTA1          equ	4011	;# 
  4581   000FAC                     TXSTA           equ	4012	;# 
  4582   000FAC                     TXSTA1          equ	4012	;# 
  4583   000FAD                     TXREG           equ	4013	;# 
  4584   000FAD                     TXREG1          equ	4013	;# 
  4585   000FAE                     RCREG           equ	4014	;# 
  4586   000FAE                     RCREG1          equ	4014	;# 
  4587   000FAF                     SPBRG           equ	4015	;# 
  4588   000FAF                     SPBRG1          equ	4015	;# 
  4589   000FB0                     SPBRGH          equ	4016	;# 
  4590   000FB1                     T3CON           equ	4017	;# 
  4591   000FB2                     TMR3            equ	4018	;# 
  4592   000FB2                     TMR3L           equ	4018	;# 
  4593   000FB3                     TMR3H           equ	4019	;# 
  4594   000FB4                     CMCON           equ	4020	;# 
  4595   000FB5                     CVRCON          equ	4021	;# 
  4596   000FB6                     ECCP1AS         equ	4022	;# 
  4597   000FB7                     ECCP1DEL        equ	4023	;# 
  4598   000FB8                     BAUDCON         equ	4024	;# 
  4599   000FB8                     BAUDCTL         equ	4024	;# 
  4600   000FBA                     ECCP1CON        equ	4026	;# 
  4601   000FBB                     ECCPR1          equ	4027	;# 
  4602   000FBB                     ECCPR1L         equ	4027	;# 
  4603   000FBC                     ECCPR1H         equ	4028	;# 
  4604   000FBD                     CCP1CON         equ	4029	;# 
  4605   000FBE                     CCPR1           equ	4030	;# 
  4606   000FBE                     CCPR1L          equ	4030	;# 
  4607   000FBF                     CCPR1H          equ	4031	;# 
  4608   000FC0                     ADCON2          equ	4032	;# 
  4609   000FC1                     ADCON1          equ	4033	;# 
  4610   000FC2                     ADCON0          equ	4034	;# 
  4611   000FC3                     ADRES           equ	4035	;# 
  4612   000FC3                     ADRESL          equ	4035	;# 
  4613   000FC4                     ADRESH          equ	4036	;# 
  4614   000FC5                     SSPCON2         equ	4037	;# 
  4615   000FC6                     SSPCON1         equ	4038	;# 
  4616   000FC7                     SSPSTAT         equ	4039	;# 
  4617   000FC8                     SSPADD          equ	4040	;# 
  4618   000FC9                     SSPBUF          equ	4041	;# 
  4619   000FCA                     T2CON           equ	4042	;# 
  4620   000FCB                     PR2             equ	4043	;# 
  4621   000FCB                     MEMCON          equ	4043	;# 
  4622   000FCC                     TMR2            equ	4044	;# 
  4623   000FCD                     T1CON           equ	4045	;# 
  4624   000FCE                     TMR1            equ	4046	;# 
  4625   000FCE                     TMR1L           equ	4046	;# 
  4626   000FCF                     TMR1H           equ	4047	;# 
  4627   000FD0                     RCON            equ	4048	;# 
  4628   000FD1                     WDTCON          equ	4049	;# 
  4629   000FD2                     HLVDCON         equ	4050	;# 
  4630   000FD2                     LVDCON          equ	4050	;# 
  4631   000FD3                     OSCCON          equ	4051	;# 
  4632   000FD5                     T0CON           equ	4053	;# 
  4633   000FD6                     TMR0            equ	4054	;# 
  4634   000FD6                     TMR0L           equ	4054	;# 
  4635   000FD7                     TMR0H           equ	4055	;# 
  4636   000FD8                     STATUS          equ	4056	;# 
  4637   000FD9                     FSR2            equ	4057	;# 
  4638   000FD9                     FSR2L           equ	4057	;# 
  4639   000FDA                     FSR2H           equ	4058	;# 
  4640   000FDB                     PLUSW2          equ	4059	;# 
  4641   000FDC                     PREINC2         equ	4060	;# 
  4642   000FDD                     POSTDEC2        equ	4061	;# 
  4643   000FDE                     POSTINC2        equ	4062	;# 
  4644   000FDF                     INDF2           equ	4063	;# 
  4645   000FE0                     BSR             equ	4064	;# 
  4646   000FE1                     FSR1            equ	4065	;# 
  4647   000FE1                     FSR1L           equ	4065	;# 
  4648   000FE2                     FSR1H           equ	4066	;# 
  4649   000FE3                     PLUSW1          equ	4067	;# 
  4650   000FE4                     PREINC1         equ	4068	;# 
  4651   000FE5                     POSTDEC1        equ	4069	;# 
  4652   000FE6                     POSTINC1        equ	4070	;# 
  4653   000FE7                     INDF1           equ	4071	;# 
  4654   000FE8                     WREG            equ	4072	;# 
  4655   000FE9                     FSR0            equ	4073	;# 
  4656   000FE9                     FSR0L           equ	4073	;# 
  4657   000FEA                     FSR0H           equ	4074	;# 
  4658   000FEB                     PLUSW0          equ	4075	;# 
  4659   000FEC                     PREINC0         equ	4076	;# 
  4660   000FED                     POSTDEC0        equ	4077	;# 
  4661   000FEE                     POSTINC0        equ	4078	;# 
  4662   000FEF                     INDF0           equ	4079	;# 
  4663   000FF0                     INTCON3         equ	4080	;# 
  4664   000FF1                     INTCON2         equ	4081	;# 
  4665   000FF2                     INTCON          equ	4082	;# 
  4666   000FF3                     PROD            equ	4083	;# 
  4667   000FF3                     PRODL           equ	4083	;# 
  4668   000FF4                     PRODH           equ	4084	;# 
  4669   000FF5                     TABLAT          equ	4085	;# 
  4670   000FF6                     TBLPTR          equ	4086	;# 
  4671   000FF6                     TBLPTRL         equ	4086	;# 
  4672   000FF7                     TBLPTRH         equ	4087	;# 
  4673   000FF8                     TBLPTRU         equ	4088	;# 
  4674   000FF9                     PCLAT           equ	4089	;# 
  4675   000FF9                     PC              equ	4089	;# 
  4676   000FF9                     PCL             equ	4089	;# 
  4677   000FFA                     PCLATH          equ	4090	;# 
  4678   000FFB                     PCLATU          equ	4091	;# 
  4679   000FFC                     STKPTR          equ	4092	;# 
  4680   000FFD                     TOS             equ	4093	;# 
  4681   000FFD                     TOSL            equ	4093	;# 
  4682   000FFE                     TOSH            equ	4094	;# 
  4683   000FFF                     TOSU            equ	4095	;# 
  4684                           
  4685                           	psect	idataCOMRAM
  4686   001429                     __pidataCOMRAM:
  4687                           	callstack 0
  4688                           
  4689                           ;initializer for read_switches@once
  4690   001429  01                 	db	1
  4691                           
  4692                           ;initializer for _speed
  4693   00142A  30                 	db	48
  4694   00142B  30                 	db	48
  4695   00142C  30                 	db	48
  4696   00142D  00                 	db	0
  4697                           
  4698                           	psect	idataBANK0
  4699   0014E6                     __pidataBANK0:
  4700                           	callstack 0
  4701                           
  4702                           ;initializer for _events
  4703   0014E6  F5                 	db	low STR_1
  4704   0014E7  2F                 	db	high STR_1
  4705   0014E8  F2                 	db	low STR_2
  4706   0014E9  2F                 	db	high STR_2
  4707   0014EA  E0                 	db	low STR_3
  4708   0014EB  2F                 	db	high STR_3
  4709   0014EC  E3                 	db	low STR_4
  4710   0014ED  2F                 	db	high STR_4
  4711   0014EE  E6                 	db	low STR_5
  4712   0014EF  2F                 	db	high STR_5
  4713   0014F0  E9                 	db	low STR_6
  4714   0014F1  2F                 	db	high STR_6
  4715   0014F2  EC                 	db	low STR_7
  4716   0014F3  2F                 	db	high STR_7
  4717   0014F4  F8                 	db	low STR_8
  4718   0014F5  2F                 	db	high STR_8
  4719   0014F6  EF                 	db	low STR_9
  4720   0014F7  2F                 	db	high STR_9
  4721                           
  4722                           ;initializer for display_main_menu@F10524
  4723   0014F8  D3                 	db	low STR_74
  4724   0014F9  2F                 	db	high STR_74
  4725   0014FA  B3                 	db	low STR_75
  4726   0014FB  2F                 	db	high STR_75
  4727   0014FC  C0                 	db	low STR_76
  4728   0014FD  2F                 	db	high STR_76
  4729   0014FE  CA                 	db	low STR_77
  4730   0014FF  2F                 	db	high STR_77
  4731   000FAE                     _RCREG          set	4014
  4732   000FAD                     _TXREG          set	4013
  4733   000FAF                     _SPBRG          set	4015
  4734   000FC9                     _SSPBUF         set	4041
  4735   000FC8                     _SSPADD         set	4040
  4736   000FC6                     _SSPCON1        set	4038
  4737   000FC2                     _ADCON0         set	4034
  4738   000FC3                     _ADRESL         set	4035
  4739   000FC4                     _ADRESH         set	4036
  4740   000F81                     _PORTBbits      set	3969
  4741   000F81                     _PORTB          set	3969
  4742   000F93                     _TRISB          set	3987
  4743   000FC1                     _ADCON1         set	4033
  4744   000F94                     _TRISC          set	3988
  4745   000F95                     _TRISD          set	3989
  4746   000F83                     _PORTD          set	3971
  4747   007CF5                     _RCIF           set	31989
  4748   007CF4                     _TXIF           set	31988
  4749   007DC3                     _BRG16          set	32195
  4750   007D5C                     _CREN           set	32092
  4751   007D5E                     _RX9            set	32094
  4752   007D5F                     _SPEN           set	32095
  4753   007D62                     _BRGH           set	32098
  4754   007D63                     _SENDB          set	32099
  4755   007D64                     _SYNC           set	32100
  4756   007D65                     _TXEN           set	32101
  4757   007D66                     _TX9            set	32102
  4758   007CA6                     _TRISC6         set	31910
  4759   007CA7                     _TRISC7         set	31911
  4760   007E2C                     _ACKEN          set	32300
  4761   007E2D                     _ACKDT          set	32301
  4762   007E2B                     _RCEN           set	32299
  4763   007E29                     _RSEN           set	32297
  4764   007E2A                     _PEN            set	32298
  4765   007E28                     _SEN            set	32296
  4766   007E2E                     _ACKSTAT        set	32302
  4767   007D0B                     _BCLIF          set	32011
  4768   007CF3                     _SSPIF          set	31987
  4769   007E3F                     _SMP            set	32319
  4770   007E3E                     _CKE            set	32318
  4771   007CA4                     _TRISC4         set	31908
  4772   007CA3                     _TRISC3         set	31907
  4773   007E11                     _GO             set	32273
  4774   007E10                     _ADON           set	32272
  4775   007E0C                     _VCFG0          set	32268
  4776   007E0D                     _VCFG1          set	32269
  4777   007E11                     _GODONE         set	32273
  4778   007E02                     _ADCS2          set	32258
  4779   007E01                     _ADCS1          set	32257
  4780   007E00                     _ADCS0          set	32256
  4781   007E03                     _ACQT0          set	32259
  4782   007E04                     _ACQT1          set	32260
  4783   007E05                     _ACQT2          set	32261
  4784   007E07                     _ADFM           set	32263
  4785   007F8F                     _RBPU           set	32655
  4786   007C1F                     _RD7            set	31775
  4787   007C10                     _RC0            set	31760
  4788   007CAF                     _TRISD7         set	31919
  4789   007C12                     _RC2            set	31762
  4790   007C11                     _RC1            set	31761
  4791                           
  4792                           	psect	mediumconst
  4793   002F06                     __pmediumconst:
  4794                           	callstack 0
  4795   002F06  00                 	db	0
  4796   002F07                     STR_104:
  4797   002F07  45                 	db	69	;'E'
  4798   002F08  2E                 	db	46
  4799   002F09  4E                 	db	78	;'N'
  4800   002F0A  6F                 	db	111	;'o'
  4801   002F0B  20                 	db	32
  4802   002F0C  20                 	db	32
  4803   002F0D  20                 	db	32
  4804   002F0E  54                 	db	84	;'T'
  4805   002F0F  49                 	db	73	;'I'
  4806   002F10  4D                 	db	77	;'M'
  4807   002F11  45                 	db	69	;'E'
  4808   002F12  20                 	db	32
  4809   002F13  20                 	db	32
  4810   002F14  20                 	db	32
  4811   002F15  45                 	db	69	;'E'
  4812   002F16  56                 	db	86	;'V'
  4813   002F17  20                 	db	32
  4814   002F18  53                 	db	83	;'S'
  4815   002F19  50                 	db	80	;'P'
  4816   002F1A  20                 	db	32
  4817   002F1B  0A                 	db	10
  4818   002F1C  0D                 	db	13
  4819   002F1D  00                 	db	0
  4820   002F1E                     STR_103:
  4821   002F1E  4E                 	db	78	;'N'
  4822   002F1F  6F                 	db	111	;'o'
  4823   002F20  20                 	db	32
  4824   002F21  6C                 	db	108	;'l'
  4825   002F22  6F                 	db	111	;'o'
  4826   002F23  67                 	db	103	;'g'
  4827   002F24  73                 	db	115	;'s'
  4828   002F25  20                 	db	32
  4829   002F26  61                 	db	97	;'a'
  4830   002F27  76                 	db	118	;'v'
  4831   002F28  61                 	db	97	;'a'
  4832   002F29  69                 	db	105	;'i'
  4833   002F2A  6C                 	db	108	;'l'
  4834   002F2B  61                 	db	97	;'a'
  4835   002F2C  62                 	db	98	;'b'
  4836   002F2D  6C                 	db	108	;'l'
  4837   002F2E  65                 	db	101	;'e'
  4838   002F2F  0A                 	db	10
  4839   002F30  0D                 	db	13
  4840   002F31  00                 	db	0
  4841   002F32                     STR_99:
  4842   002F32  20                 	db	32
  4843   002F33  20                 	db	32
  4844   002F34  20                 	db	32
  4845   002F35  20                 	db	32
  4846   002F36  4E                 	db	78	;'N'
  4847   002F37  6F                 	db	111	;'o'
  4848   002F38  20                 	db	32
  4849   002F39  20                 	db	32
  4850   002F3A  6C                 	db	108	;'l'
  4851   002F3B  6F                 	db	111	;'o'
  4852   002F3C  67                 	db	103	;'g'
  4853   002F3D  73                 	db	115	;'s'
  4854   002F3E  20                 	db	32
  4855   002F3F  20                 	db	32
  4856   002F40  20                 	db	32
  4857   002F41  20                 	db	32
  4858   002F42  00                 	db	0
  4859   002F43                     STR_100:
  4860   002F43  20                 	db	32
  4861   002F44  20                 	db	32
  4862   002F45  20                 	db	32
  4863   002F46  61                 	db	97	;'a'
  4864   002F47  76                 	db	118	;'v'
  4865   002F48  61                 	db	97	;'a'
  4866   002F49  69                 	db	105	;'i'
  4867   002F4A  6C                 	db	108	;'l'
  4868   002F4B  61                 	db	97	;'a'
  4869   002F4C  62                 	db	98	;'b'
  4870   002F4D  6C                 	db	108	;'l'
  4871   002F4E  65                 	db	101	;'e'
  4872   002F4F  21                 	db	33
  4873   002F50  20                 	db	32
  4874   002F51  20                 	db	32
  4875   002F52  20                 	db	32
  4876   002F53  00                 	db	0
  4877   002F54                     STR_102:
  4878   002F54  20                 	db	32
  4879   002F55  20                 	db	32
  4880   002F56  73                 	db	115	;'s'
  4881   002F57  75                 	db	117	;'u'
  4882   002F58  63                 	db	99	;'c'
  4883   002F59  63                 	db	99	;'c'
  4884   002F5A  65                 	db	101	;'e'
  4885   002F5B  73                 	db	115	;'s'
  4886   002F5C  73                 	db	115	;'s'
  4887   002F5D  66                 	db	102	;'f'
  4888   002F5E  75                 	db	117	;'u'
  4889   002F5F  6C                 	db	108	;'l'
  4890   002F60  6C                 	db	108	;'l'
  4891   002F61  79                 	db	121	;'y'
  4892   002F62  21                 	db	33
  4893   002F63  20                 	db	32
  4894   002F64  00                 	db	0
  4895   002F65                     STR_98:
  4896   002F65  23                 	db	35
  4897   002F66  20                 	db	32
  4898   002F67  20                 	db	32
  4899   002F68  20                 	db	32
  4900   002F69  54                 	db	84	;'T'
  4901   002F6A  49                 	db	73	;'I'
  4902   002F6B  4D                 	db	77	;'M'
  4903   002F6C  45                 	db	69	;'E'
  4904   002F6D  20                 	db	32
  4905   002F6E  20                 	db	32
  4906   002F6F  20                 	db	32
  4907   002F70  45                 	db	69	;'E'
  4908   002F71  56                 	db	86	;'V'
  4909   002F72  20                 	db	32
  4910   002F73  53                 	db	83	;'S'
  4911   002F74  50                 	db	80	;'P'
  4912   002F75  00                 	db	0
  4913   002F76                     STR_101:
  4914   002F76  4C                 	db	76	;'L'
  4915   002F77  6F                 	db	111	;'o'
  4916   002F78  67                 	db	103	;'g'
  4917   002F79  73                 	db	115	;'s'
  4918   002F7A  20                 	db	32
  4919   002F7B  61                 	db	97	;'a'
  4920   002F7C  72                 	db	114	;'r'
  4921   002F7D  65                 	db	101	;'e'
  4922   002F7E  20                 	db	32
  4923   002F7F  63                 	db	99	;'c'
  4924   002F80  6C                 	db	108	;'l'
  4925   002F81  65                 	db	101	;'e'
  4926   002F82  61                 	db	97	;'a'
  4927   002F83  72                 	db	114	;'r'
  4928   002F84  65                 	db	101	;'e'
  4929   002F85  64                 	db	100	;'d'
  4930   002F86  00                 	db	0
  4931   002F87                     STR_19:
  4932   002F87  20                 	db	32
  4933   002F88  20                 	db	32
  4934   002F89  54                 	db	84	;'T'
  4935   002F8A  49                 	db	73	;'I'
  4936   002F8B  4D                 	db	77	;'M'
  4937   002F8C  45                 	db	69	;'E'
  4938   002F8D  20                 	db	32
  4939   002F8E  20                 	db	32
  4940   002F8F  20                 	db	32
  4941   002F90  45                 	db	69	;'E'
  4942   002F91  56                 	db	86	;'V'
  4943   002F92  20                 	db	32
  4944   002F93  53                 	db	83	;'S'
  4945   002F94  50                 	db	80	;'P'
  4946   002F95  20                 	db	32
  4947   002F96  20                 	db	32
  4948   002F97  00                 	db	0
  4949   002F98                     STR_79:
  4950   002F98  20                 	db	32
  4951   002F99  20                 	db	32
  4952   002F9A  20                 	db	32
  4953   002F9B  20                 	db	32
  4954   002F9C  20                 	db	32
  4955   002F9D  20                 	db	32
  4956   002F9E  20                 	db	32
  4957   002F9F  20                 	db	32
  4958   002FA0  20                 	db	32
  4959   002FA1  20                 	db	32
  4960   002FA2  20                 	db	32
  4961   002FA3  20                 	db	32
  4962   002FA4  20                 	db	32
  4963   002FA5  00                 	db	0
  4964   002FA6                     STR_106:
  4965   002FA6  20                 	db	32
  4966   002FA7  20                 	db	32
  4967   002FA8  53                 	db	83	;'S'
  4968   002FA9  45                 	db	69	;'E'
  4969   002FAA  54                 	db	84	;'T'
  4970   002FAB  20                 	db	32
  4971   002FAC  54                 	db	84	;'T'
  4972   002FAD  49                 	db	73	;'I'
  4973   002FAE  4D                 	db	77	;'M'
  4974   002FAF  45                 	db	69	;'E'
  4975   002FB0  20                 	db	32
  4976   002FB1  20                 	db	32
  4977   002FB2  00                 	db	0
  4978   002FB3                     STR_75:
  4979   002FB3  44                 	db	68	;'D'
  4980   002FB4  6F                 	db	111	;'o'
  4981   002FB5  77                 	db	119	;'w'
  4982   002FB6  6E                 	db	110	;'n'
  4983   002FB7  6C                 	db	108	;'l'
  4984   002FB8  6F                 	db	111	;'o'
  4985   002FB9  61                 	db	97	;'a'
  4986   002FBA  64                 	db	100	;'d'
  4987   002FBB  20                 	db	32
  4988   002FBC  4C                 	db	76	;'L'
  4989   002FBD  6F                 	db	111	;'o'
  4990   002FBE  67                 	db	103	;'g'
  4991   002FBF  00                 	db	0
  4992   002FC0                     STR_76:
  4993   002FC0  43                 	db	67	;'C'
  4994   002FC1  6C                 	db	108	;'l'
  4995   002FC2  65                 	db	101	;'e'
  4996   002FC3  61                 	db	97	;'a'
  4997   002FC4  72                 	db	114	;'r'
  4998   002FC5  20                 	db	32
  4999   002FC6  4C                 	db	76	;'L'
  5000   002FC7  6F                 	db	111	;'o'
  5001   002FC8  67                 	db	103	;'g'
  5002   002FC9  00                 	db	0
  5003   002FCA                     STR_77:
  5004   002FCA  53                 	db	83	;'S'
  5005   002FCB  65                 	db	101	;'e'
  5006   002FCC  74                 	db	116	;'t'
  5007   002FCD  20                 	db	32
  5008   002FCE  54                 	db	84	;'T'
  5009   002FCF  69                 	db	105	;'i'
  5010   002FD0  6D                 	db	109	;'m'
  5011   002FD1  65                 	db	101	;'e'
  5012   002FD2  00                 	db	0
  5013   002FD3                     STR_74:
  5014   002FD3  56                 	db	86	;'V'
  5015   002FD4  69                 	db	105	;'i'
  5016   002FD5  65                 	db	101	;'e'
  5017   002FD6  77                 	db	119	;'w'
  5018   002FD7  20                 	db	32
  5019   002FD8  4C                 	db	76	;'L'
  5020   002FD9  6F                 	db	111	;'o'
  5021   002FDA  67                 	db	103	;'g'
  5022   002FDB  00                 	db	0
  5023   002FDC                     STR_78:
  5024   002FDC  2D                 	db	45
  5025   002FDD  3E                 	db	62	;'>'
  5026   002FDE  20                 	db	32
  5027   002FDF  00                 	db	0
  5028   002FE0                     STR_3:
  5029   002FE0  47                 	db	71	;'G'
  5030   002FE1  31                 	db	49	;'1'
  5031   002FE2  00                 	db	0
  5032   002FE3                     STR_4:
  5033   002FE3  47                 	db	71	;'G'
  5034   002FE4  32                 	db	50	;'2'
  5035   002FE5  00                 	db	0
  5036   002FE6                     STR_5:
  5037   002FE6  47                 	db	71	;'G'
  5038   002FE7  33                 	db	51	;'3'
  5039   002FE8  00                 	db	0
  5040   002FE9                     STR_6:
  5041   002FE9  47                 	db	71	;'G'
  5042   002FEA  34                 	db	52	;'4'
  5043   002FEB  00                 	db	0
  5044   002FEC                     STR_7:
  5045   002FEC  47                 	db	71	;'G'
  5046   002FED  35                 	db	53	;'5'
  5047   002FEE  00                 	db	0
  5048   002FEF                     STR_9:
  5049   002FEF  20                 	db	32
  5050   002FF0  43                 	db	67	;'C'
  5051   002FF1  00                 	db	0
  5052   002FF2                     STR_2:
  5053   002FF2  47                 	db	71	;'G'
  5054   002FF3  4E                 	db	78	;'N'
  5055   002FF4  00                 	db	0
  5056   002FF5                     STR_1:
  5057   002FF5  4F                 	db	79	;'O'
  5058   002FF6  4E                 	db	78	;'N'
  5059   002FF7  00                 	db	0
  5060   002FF8                     STR_8:
  5061   002FF8  47                 	db	71	;'G'
  5062   002FF9  52                 	db	82	;'R'
  5063   002FFA  00                 	db	0
  5064   002FF8                     STR_17          equ	STR_8
  5065   002FF8                     STR_27          equ	STR_8
  5066   002FF8                     STR_36          equ	STR_8
  5067   002FF8                     STR_45          equ	STR_8
  5068   002FF8                     STR_54          equ	STR_8
  5069   002FF8                     STR_63          equ	STR_8
  5070   002FF8                     STR_72          equ	STR_8
  5071   002FF8                     STR_87          equ	STR_8
  5072   002FF8                     STR_96          equ	STR_8
  5073   002FF8                     STR_117         equ	STR_8
  5074   002FF5                     STR_10          equ	STR_1
  5075   002FF5                     STR_20          equ	STR_1
  5076   002FF5                     STR_29          equ	STR_1
  5077   002FF5                     STR_38          equ	STR_1
  5078   002FF5                     STR_47          equ	STR_1
  5079   002FF5                     STR_56          equ	STR_1
  5080   002FF5                     STR_65          equ	STR_1
  5081   002FF5                     STR_80          equ	STR_1
  5082   002FF5                     STR_89          equ	STR_1
  5083   002FF5                     STR_110         equ	STR_1
  5084   002FF2                     STR_11          equ	STR_2
  5085   002FF2                     STR_21          equ	STR_2
  5086   002FF2                     STR_30          equ	STR_2
  5087   002FF2                     STR_39          equ	STR_2
  5088   002FF2                     STR_48          equ	STR_2
  5089   002FF2                     STR_57          equ	STR_2
  5090   002FF2                     STR_66          equ	STR_2
  5091   002FF2                     STR_81          equ	STR_2
  5092   002FF2                     STR_90          equ	STR_2
  5093   002FF2                     STR_111         equ	STR_2
  5094   002FEF                     STR_18          equ	STR_9
  5095   002FEF                     STR_28          equ	STR_9
  5096   002FEF                     STR_37          equ	STR_9
  5097   002FEF                     STR_46          equ	STR_9
  5098   002FEF                     STR_55          equ	STR_9
  5099   002FEF                     STR_64          equ	STR_9
  5100   002FEF                     STR_73          equ	STR_9
  5101   002FEF                     STR_88          equ	STR_9
  5102   002FEF                     STR_97          equ	STR_9
  5103   002FEF                     STR_118         equ	STR_9
  5104   002FEC                     STR_16          equ	STR_7
  5105   002FEC                     STR_26          equ	STR_7
  5106   002FEC                     STR_35          equ	STR_7
  5107   002FEC                     STR_44          equ	STR_7
  5108   002FEC                     STR_53          equ	STR_7
  5109   002FEC                     STR_62          equ	STR_7
  5110   002FEC                     STR_71          equ	STR_7
  5111   002FEC                     STR_86          equ	STR_7
  5112   002FEC                     STR_95          equ	STR_7
  5113   002FEC                     STR_116         equ	STR_7
  5114   002FE9                     STR_15          equ	STR_6
  5115   002FE9                     STR_25          equ	STR_6
  5116   002FE9                     STR_34          equ	STR_6
  5117   002FE9                     STR_43          equ	STR_6
  5118   002FE9                     STR_52          equ	STR_6
  5119   002FE9                     STR_61          equ	STR_6
  5120   002FE9                     STR_70          equ	STR_6
  5121   002FE9                     STR_85          equ	STR_6
  5122   002FE9                     STR_94          equ	STR_6
  5123   002FE9                     STR_115         equ	STR_6
  5124   002FE6                     STR_14          equ	STR_5
  5125   002FE6                     STR_24          equ	STR_5
  5126   002FE6                     STR_33          equ	STR_5
  5127   002FE6                     STR_42          equ	STR_5
  5128   002FE6                     STR_51          equ	STR_5
  5129   002FE6                     STR_60          equ	STR_5
  5130   002FE6                     STR_69          equ	STR_5
  5131   002FE6                     STR_84          equ	STR_5
  5132   002FE6                     STR_93          equ	STR_5
  5133   002FE6                     STR_114         equ	STR_5
  5134   002FE3                     STR_13          equ	STR_4
  5135   002FE3                     STR_23          equ	STR_4
  5136   002FE3                     STR_32          equ	STR_4
  5137   002FE3                     STR_41          equ	STR_4
  5138   002FE3                     STR_50          equ	STR_4
  5139   002FE3                     STR_59          equ	STR_4
  5140   002FE3                     STR_68          equ	STR_4
  5141   002FE3                     STR_83          equ	STR_4
  5142   002FE3                     STR_92          equ	STR_4
  5143   002FE3                     STR_113         equ	STR_4
  5144   002FE0                     STR_12          equ	STR_3
  5145   002FE0                     STR_22          equ	STR_3
  5146   002FE0                     STR_31          equ	STR_3
  5147   002FE0                     STR_40          equ	STR_3
  5148   002FE0                     STR_49          equ	STR_3
  5149   002FE0                     STR_58          equ	STR_3
  5150   002FE0                     STR_67          equ	STR_3
  5151   002FE0                     STR_82          equ	STR_3
  5152   002FE0                     STR_91          equ	STR_3
  5153   002FE0                     STR_112         equ	STR_3
  5154   002FA3                     STR_107         equ	STR_79+11
  5155   002FA3                     STR_108         equ	STR_79+11
  5156   002FA3                     STR_109         equ	STR_79+11
  5157   002F1B                     STR_105         equ	STR_104+20
  5158   002FFB  00                 	db	0	; dummy byte at the end
  5159   002F06                     __smallconst    set	__pmediumconst
  5160   002F06                     __mediumconst   set	__pmediumconst
  5161   000002                     __activetblptr  equ	2
  5162                           
  5163                           ; #config settings
  5164                           
  5165                           	psect	cinit
  5166   00178E                     __pcinit:
  5167                           	callstack 0
  5168   00178E                     start_initialization:
  5169                           	callstack 0
  5170   00178E                     __initialization:
  5171                           	callstack 0
  5172                           
  5173                           ; Initialize objects allocated to BANK0 (26 bytes)
  5174                           ; load TBLPTR registers with __pidataBANK0
  5175   00178E  0EE6               	movlw	low __pidataBANK0
  5176   001790  6EF6               	movwf	tblptrl,c
  5177   001792  0E14               	movlw	high __pidataBANK0
  5178   001794  6EF7               	movwf	tblptrh,c
  5179   001796  0E00               	movlw	low (__pidataBANK0 shr (0+16))
  5180   001798  6EF8               	movwf	tblptru,c
  5181   00179A  EE00  F060         	lfsr	0,__pdataBANK0
  5182   00179E  EE10 F01A          	lfsr	1,26
  5183   0017A2                     copy_data0:
  5184   0017A2  0009               	tblrd		*+
  5185   0017A4  CFF5 FFEE          	movff	tablat,postinc0
  5186   0017A8  50E5               	movf	postdec1,w,c
  5187   0017AA  50E1               	movf	fsr1l,w,c
  5188   0017AC  E1FA               	bnz	copy_data0
  5189                           
  5190                           ; Initialize objects allocated to COMRAM (5 bytes)
  5191                           ; load TBLPTR registers with __pidataCOMRAM
  5192   0017AE  0E29               	movlw	low __pidataCOMRAM
  5193   0017B0  6EF6               	movwf	tblptrl,c
  5194   0017B2  0E14               	movlw	high __pidataCOMRAM
  5195   0017B4  6EF7               	movwf	tblptrh,c
  5196   0017B6  0E00               	movlw	low (__pidataCOMRAM shr (0+16))
  5197   0017B8  6EF8               	movwf	tblptru,c
  5198   0017BA  EE00  F054         	lfsr	0,__pdataCOMRAM
  5199   0017BE  EE10 F005          	lfsr	1,5
  5200   0017C2                     copy_data1:
  5201   0017C2  0009               	tblrd		*+
  5202   0017C4  CFF5 FFEE          	movff	tablat,postinc0
  5203   0017C8  50E5               	movf	postdec1,w,c
  5204   0017CA  50E1               	movf	fsr1l,w,c
  5205   0017CC  E1FA               	bnz	copy_data1
  5206                           
  5207                           ; Clear objects allocated to BANK0 (17 bytes)
  5208   0017CE  EE00  F07A         	lfsr	0,__pbssBANK0
  5209   0017D2  0E11               	movlw	17
  5210   0017D4                     clear_0:
  5211   0017D4  6AEE               	clrf	postinc0,c
  5212   0017D6  06E8               	decf	wreg,f,c
  5213   0017D8  E1FD               	bnz	clear_0
  5214                           
  5215                           ; Clear objects allocated to COMRAM (23 bytes)
  5216   0017DA  EE00  F03D         	lfsr	0,__pbssCOMRAM
  5217   0017DE  0E17               	movlw	23
  5218   0017E0                     clear_1:
  5219   0017E0  6AEE               	clrf	postinc0,c
  5220   0017E2  06E8               	decf	wreg,f,c
  5221   0017E4  E1FD               	bnz	clear_1
  5222   0017E6                     end_of_initialization:
  5223                           	callstack 0
  5224   0017E6                     __end_of__initialization:
  5225                           	callstack 0
  5226   0017E6  0E00               	movlw	low (__Lmediumconst shr (0+16))
  5227   0017E8  6EF8               	movwf	tblptru,c
  5228   0017EA  0100               	movlb	0
  5229   0017EC  EF13  F00D         	goto	_main	;jump to C main() function
  5230                           
  5231                           	psect	bssCOMRAM
  5232   00003D                     __pbssCOMRAM:
  5233                           	callstack 0
  5234   00003D                     _clock_reg:
  5235                           	callstack 0
  5236   00003D                     	ds	3
  5237   000040                     event_store@addr:
  5238                           	callstack 0
  5239   000040                     	ds	2
  5240   000042                     _log_count:
  5241                           	callstack 0
  5242   000042                     	ds	2
  5243   000044                     _pos:
  5244                           	callstack 0
  5245   000044                     	ds	2
  5246   000046                     set_time@field:
  5247                           	callstack 0
  5248   000046                     	ds	1
  5249   000047                     view_log@event_pos:
  5250                           	callstack 0
  5251   000047                     	ds	1
  5252   000048                     read_switches@key:
  5253                           	callstack 0
  5254   000048                     	ds	1
  5255   000049                     _state:
  5256                           	callstack 0
  5257   000049                     	ds	1
  5258   00004A                     _key:
  5259                           	callstack 0
  5260   00004A                     	ds	1
  5261   00004B                     _time:
  5262                           	callstack 0
  5263   00004B                     	ds	9
  5264                           
  5265                           	psect	dataCOMRAM
  5266   000054                     __pdataCOMRAM:
  5267                           	callstack 0
  5268   000054                     read_switches@once:
  5269                           	callstack 0
  5270   000054                     	ds	1
  5271   000055                     _speed:
  5272                           	callstack 0
  5273   000055                     	ds	4
  5274                           
  5275                           	psect	bssBANK0
  5276   00007A                     __pbssBANK0:
  5277                           	callstack 0
  5278   00007A                     _data:
  5279                           	callstack 0
  5280   00007A                     	ds	17
  5281                           
  5282                           	psect	dataBANK0
  5283   000060                     __pdataBANK0:
  5284                           	callstack 0
  5285   000060                     _events:
  5286                           	callstack 0
  5287   000060                     	ds	18
  5288   000072                     display_main_menu@F10524:
  5289                           	callstack 0
  5290   000072                     	ds	8
  5291                           
  5292                           	psect	cstackCOMRAM
  5293   000001                     __pcstackCOMRAM:
  5294                           	callstack 0
  5295   000001                     ?_read_adc:
  5296                           	callstack 0
  5297   000001                     ?___awdiv:
  5298                           	callstack 0
  5299   000001                     ?___awmod:
  5300                           	callstack 0
  5301   000001                     ?___lwdiv:
  5302                           	callstack 0
  5303   000001                     clcd_write@control_bit:
  5304                           	callstack 0
  5305   000001                     read_switches@detection_type:
  5306                           	callstack 0
  5307   000001                     i2c_write@data:
  5308                           	callstack 0
  5309   000001                     putch@byte:
  5310                           	callstack 0
  5311   000001                     ___awdiv@dividend:
  5312                           	callstack 0
  5313   000001                     ___awmod@dividend:
  5314                           	callstack 0
  5315   000001                     ___lwdiv@dividend:
  5316                           	callstack 0
  5317   000001                     
  5318                           ; 1 bytes @ 0x0
  5319   000001                     	ds	1
  5320   000002                     clcd_write@byte:
  5321                           	callstack 0
  5322   000002                     read_ds1307@address:
  5323                           	callstack 0
  5324   000002                     write_external_eeprom@data:
  5325                           	callstack 0
  5326   000002                     read_external_eeprom@address:
  5327                           	callstack 0
  5328   000002                     puts@s:
  5329                           	callstack 0
  5330   000002                     
  5331                           ; 1 bytes @ 0x1
  5332   000002                     	ds	1
  5333   000003                     clcd_putch@addr:
  5334                           	callstack 0
  5335   000003                     read_ds1307@data:
  5336                           	callstack 0
  5337   000003                     read_external_eeprom@data:
  5338                           	callstack 0
  5339   000003                     clcd_print@data:
  5340                           	callstack 0
  5341   000003                     ___awdiv@divisor:
  5342                           	callstack 0
  5343   000003                     ___awmod@divisor:
  5344                           	callstack 0
  5345   000003                     ___lwdiv@divisor:
  5346                           	callstack 0
  5347   000003                     ??_init_clcd:
  5348   000003                     ??_read_adc:
  5349   000003                     ??_write_external_eeprom:
  5350                           
  5351                           ; 1 bytes @ 0x2
  5352   000003                     	ds	1
  5353   000004                     clcd_putch@data:
  5354                           	callstack 0
  5355   000004                     write_external_eeprom@address:
  5356                           	callstack 0
  5357   000004                     ??_event_reader:
  5358   000004                     
  5359                           ; 1 bytes @ 0x3
  5360   000004                     	ds	1
  5361   000005                     clcd_print@addr:
  5362                           	callstack 0
  5363   000005                     ___awdiv@counter:
  5364                           	callstack 0
  5365   000005                     ___awmod@counter:
  5366                           	callstack 0
  5367   000005                     read_adc@reg_val:
  5368                           	callstack 0
  5369   000005                     ___lwdiv@quotient:
  5370                           	callstack 0
  5371   000005                     ??_event_store:
  5372   000005                     
  5373                           ; 1 bytes @ 0x4
  5374   000005                     	ds	1
  5375   000006                     ___awdiv@sign:
  5376                           	callstack 0
  5377   000006                     ___awmod@sign:
  5378                           	callstack 0
  5379   000006                     event_reader@stored_log_count:
  5380                           	callstack 0
  5381   000006                     ??_display_main_menu:
  5382   000006                     ??_clear_log:
  5383   000006                     
  5384                           ; 1 bytes @ 0x5
  5385   000006                     	ds	1
  5386   000007                     read_adc@channel:
  5387                           	callstack 0
  5388   000007                     ___lwdiv@counter:
  5389                           	callstack 0
  5390   000007                     event_store@i:
  5391                           	callstack 0
  5392   000007                     ___awdiv@quotient:
  5393                           	callstack 0
  5394                           
  5395                           ; 2 bytes @ 0x6
  5396   000007                     	ds	1
  5397   000008                     ?___lwmod:
  5398                           	callstack 0
  5399   000008                     ?___xxtofl:
  5400                           	callstack 0
  5401   000008                     event_reader@event_pos:
  5402                           	callstack 0
  5403   000008                     ___lwmod@dividend:
  5404                           	callstack 0
  5405   000008                     ___xxtofl@val:
  5406                           	callstack 0
  5407   000008                     display_main_menu@menu:
  5408                           	callstack 0
  5409                           
  5410                           ; 8 bytes @ 0x7
  5411   000008                     	ds	1
  5412   000009                     write_ds1307@data:
  5413                           	callstack 0
  5414   000009                     event_reader@i:
  5415                           	callstack 0
  5416   000009                     
  5417                           ; 1 bytes @ 0x8
  5418   000009                     	ds	1
  5419   00000A                     write_ds1307@address:
  5420                           	callstack 0
  5421   00000A                     ___lwmod@divisor:
  5422                           	callstack 0
  5423   00000A                     
  5424                           ; 1 bytes @ 0x9
  5425   00000A                     	ds	1
  5426   00000B                     init_ds1307@dummy:
  5427                           	callstack 0
  5428   00000B                     event_reader@addr:
  5429                           	callstack 0
  5430   00000B                     ??_set_time:
  5431                           
  5432                           ; 1 bytes @ 0xA
  5433   00000B                     	ds	1
  5434   00000C                     ___lwmod@counter:
  5435                           	callstack 0
  5436   00000C                     ??___xxtofl:
  5437                           
  5438                           ; 1 bytes @ 0xB
  5439   00000C                     	ds	1
  5440   00000D                     set_time@blink:
  5441                           	callstack 0
  5442   00000D                     event_reader@ind:
  5443                           	callstack 0
  5444                           
  5445                           ; 2 bytes @ 0xC
  5446   00000D                     	ds	1
  5447   00000E                     set_time@hour:
  5448                           	callstack 0
  5449                           
  5450                           ; 1 bytes @ 0xD
  5451   00000E                     	ds	1
  5452   00000F                     set_time@min:
  5453                           	callstack 0
  5454   00000F                     ??_view_log:
  5455   00000F                     ??_download_log:
  5456                           
  5457                           ; 1 bytes @ 0xE
  5458   00000F                     	ds	1
  5459   000010                     display_main_menu@arrow:
  5460                           	callstack 0
  5461   000010                     set_time@sec:
  5462                           	callstack 0
  5463   000010                     ___xxtofl@sign:
  5464                           	callstack 0
  5465                           
  5466                           ; 1 bytes @ 0xF
  5467   000010                     	ds	1
  5468   000011                     download_log@stored_log_count:
  5469                           	callstack 0
  5470   000011                     ___xxtofl@exp:
  5471                           	callstack 0
  5472                           
  5473                           ; 1 bytes @ 0x10
  5474   000011                     	ds	1
  5475   000012                     download_log@ind:
  5476                           	callstack 0
  5477   000012                     ___xxtofl@arg:
  5478                           	callstack 0
  5479                           
  5480                           ; 4 bytes @ 0x11
  5481   000012                     	ds	2
  5482   000014                     view_log@stored_log_count:
  5483                           	callstack 0
  5484                           
  5485                           ; 1 bytes @ 0x13
  5486   000014                     	ds	2
  5487   000016                     ?___fldiv:
  5488                           	callstack 0
  5489   000016                     ___fldiv@b:
  5490                           	callstack 0
  5491                           
  5492                           ; 4 bytes @ 0x15
  5493   000016                     	ds	4
  5494   00001A                     ___fldiv@a:
  5495                           	callstack 0
  5496                           
  5497                           ; 4 bytes @ 0x19
  5498   00001A                     	ds	4
  5499   00001E                     ??___fldiv:
  5500                           
  5501                           ; 1 bytes @ 0x1D
  5502   00001E                     	ds	4
  5503   000022                     ___fldiv@rem:
  5504                           	callstack 0
  5505                           
  5506                           ; 4 bytes @ 0x21
  5507   000022                     	ds	4
  5508   000026                     ___fldiv@sign:
  5509                           	callstack 0
  5510                           
  5511                           ; 1 bytes @ 0x25
  5512   000026                     	ds	1
  5513   000027                     ___fldiv@new_exp:
  5514                           	callstack 0
  5515                           
  5516                           ; 2 bytes @ 0x26
  5517   000027                     	ds	2
  5518   000029                     ___fldiv@grs:
  5519                           	callstack 0
  5520                           
  5521                           ; 4 bytes @ 0x28
  5522   000029                     	ds	4
  5523   00002D                     ___fldiv@bexp:
  5524                           	callstack 0
  5525                           
  5526                           ; 1 bytes @ 0x2C
  5527   00002D                     	ds	1
  5528   00002E                     ___fldiv@aexp:
  5529                           	callstack 0
  5530                           
  5531                           ; 1 bytes @ 0x2D
  5532   00002E                     	ds	1
  5533   00002F                     ?___fltol:
  5534                           	callstack 0
  5535   00002F                     ___fltol@f1:
  5536                           	callstack 0
  5537                           
  5538                           ; 4 bytes @ 0x2E
  5539   00002F                     	ds	4
  5540   000033                     ??___fltol:
  5541                           
  5542                           ; 1 bytes @ 0x32
  5543   000033                     	ds	4
  5544   000037                     ___fltol@sign1:
  5545                           	callstack 0
  5546                           
  5547                           ; 1 bytes @ 0x36
  5548   000037                     	ds	1
  5549   000038                     ___fltol@exp1:
  5550                           	callstack 0
  5551                           
  5552                           ; 1 bytes @ 0x37
  5553   000038                     	ds	1
  5554   000039                     display_speed@adc_val:
  5555                           	callstack 0
  5556   000039                     
  5557                           ; 1 bytes @ 0x38
  5558   000039                     	ds	2
  5559   00003B                     ??_main:
  5560                           
  5561                           ; 1 bytes @ 0x3A
  5562   00003B                     	ds	2
  5563                           
  5564 ;;
  5565 ;;Main: autosize = 0, tempsize = 2, incstack = 0, save=0
  5566 ;;
  5567 ;; *************** function _main *****************
  5568 ;; Defined at:
  5569 ;;		line 25 in file "main.c"
  5570 ;; Parameters:    Size  Location     Type
  5571 ;;		None
  5572 ;; Auto vars:     Size  Location     Type
  5573 ;;		None
  5574 ;; Return value:  Size  Location     Type
  5575 ;;                  1    wreg      void 
  5576 ;; Registers used:
  5577 ;;		wreg, fsr0l, fsr0h, fsr1l, fsr1h, fsr2l, fsr2h, status,2, status,0, tblptrl, tblptrh, tblptru, prodl, prodh, cstack
  5578 ;; Tracked objects:
  5579 ;;		On entry : 0/0
  5580 ;;		On exit  : 0/0
  5581 ;;		Unchanged: 0/0
  5582 ;; Data sizes:     COMRAM   BANK0   BANK1   BANK2   BANK3   BANK4   BANK5
  5583 ;;      Params:         0       0       0       0       0       0       0
  5584 ;;      Locals:         0       0       0       0       0       0       0
  5585 ;;      Temps:          2       0       0       0       0       0       0
  5586 ;;      Totals:         2       0       0       0       0       0       0
  5587 ;;Total ram usage:        2 bytes
  5588 ;; Hardware stack levels required when called: 6
  5589 ;; This function calls:
  5590 ;;		_clear_log
  5591 ;;		_display_main_menu
  5592 ;;		_download_log
  5593 ;;		_init_config
  5594 ;;		_read_switches
  5595 ;;		_set_time
  5596 ;;		_view_dashboard
  5597 ;;		_view_log
  5598 ;; This function is called by:
  5599 ;;		Startup code after reset
  5600 ;; This function uses a non-reentrant model
  5601 ;;
  5602                           
  5603                           	psect	text0
  5604   001A26                     __ptext0:
  5605                           	callstack 0
  5606   001A26                     _main:
  5607                           	callstack 25
  5608   001A26                     
  5609                           ;main.c: 27:     init_config();
  5610   001A26  EC8E  F00A         	call	_init_config	;wreg free
  5611   001A2A                     l52:
  5612                           
  5613                           ;main.c: 30:     {;main.c: 32:         key = read_switches(1);
  5614   001A2A  0E01               	movlw	1
  5615   001A2C  EC60  F00C         	call	_read_switches
  5616   001A30  6E4A               	movwf	_key^0,c
  5617   001A32                     
  5618                           ;main.c: 34:         if(key == 4)
  5619   001A32  0E04               	movlw	4
  5620   001A34  184A               	xorwf	_key^0,w,c
  5621   001A36  A4D8               	btfss	status,2,c
  5622   001A38  EF20  F00D         	goto	u2731
  5623   001A3C  EF22  F00D         	goto	u2730
  5624   001A40                     u2731:
  5625   001A40  EF3E  F00D         	goto	l3569
  5626   001A44                     u2730:
  5627   001A44                     
  5628                           ;main.c: 35:         {;main.c: 36:             state = e_main_menu;
  5629   001A44  0E01               	movlw	1
  5630   001A46  6E49               	movwf	_state^0,c
  5631   001A48  EF3E  F00D         	goto	l3569
  5632   001A4C                     l3555:
  5633                           
  5634                           ;main.c: 43:                 view_dashboard();
  5635   001A4C  ECBB  F00A         	call	_view_dashboard	;wreg free
  5636                           
  5637                           ;main.c: 44:                 break;
  5638   001A50  EF15  F00D         	goto	l52
  5639   001A54                     l3557:
  5640                           
  5641                           ;main.c: 48:                display_main_menu();
  5642   001A54  EC40  F012         	call	_display_main_menu	;wreg free
  5643                           
  5644                           ;main.c: 49:                 break;
  5645   001A58  EF15  F00D         	goto	l52
  5646   001A5C                     l3559:
  5647                           
  5648                           ;main.c: 53:                 view_log();
  5649   001A5C  ECA3  F011         	call	_view_log	;wreg free
  5650                           
  5651                           ;main.c: 54:                 break;
  5652   001A60  EF15  F00D         	goto	l52
  5653   001A64                     l3561:
  5654                           
  5655                           ;main.c: 57:                 download_log();
  5656   001A64  ECB8  F00D         	call	_download_log	;wreg free
  5657                           
  5658                           ;main.c: 58:                 break;
  5659   001A68  EF15  F00D         	goto	l52
  5660   001A6C                     l3563:
  5661                           
  5662                           ;main.c: 61:                 clear_log();
  5663   001A6C  EC71  F00B         	call	_clear_log	;wreg free
  5664                           
  5665                           ;main.c: 62:                 break;
  5666   001A70  EF15  F00D         	goto	l52
  5667   001A74                     l3565:
  5668                           
  5669                           ;main.c: 66:                 set_time();
  5670   001A74  ECB0  F015         	call	_set_time	;wreg free
  5671                           
  5672                           ;main.c: 67:                 break;
  5673   001A78  EF15  F00D         	goto	l52
  5674   001A7C                     l3569:
  5675   001A7C  5049               	movf	_state^0,w,c
  5676   001A7E  6E3B               	movwf	??_main^0,c
  5677   001A80  6A3C               	clrf	(??_main+1)^0,c
  5678                           
  5679                           ; Switch on 2 bytes has been partitioned into a top level switch of size 1, and 1 sub-sw
      +                          itches
  5680                           ; Switch size 1, requested type "simple"
  5681                           ; Number of cases is 1, Range of values is 0 to 0
  5682                           ; switch strategies available:
  5683                           ; Name         Instructions Cycles
  5684                           ; simple_byte            4     3 (average)
  5685                           ;	Chosen strategy is simple_byte
  5686   001A82  503C               	movf	(??_main+1)^0,w,c
  5687   001A84  0A00               	xorlw	0	; case 0
  5688   001A86  B4D8               	btfsc	status,2,c
  5689   001A88  EF48  F00D         	goto	l3583
  5690   001A8C  EF15  F00D         	goto	l52
  5691   001A90                     l3583:
  5692                           
  5693                           ; Switch size 1, requested type "simple"
  5694                           ; Number of cases is 6, Range of values is 0 to 5
  5695                           ; switch strategies available:
  5696                           ; Name         Instructions Cycles
  5697                           ; simple_byte           19    10 (average)
  5698                           ;	Chosen strategy is simple_byte
  5699   001A90  503B               	movf	??_main^0,w,c
  5700   001A92  0A00               	xorlw	0	; case 0
  5701   001A94  B4D8               	btfsc	status,2,c
  5702   001A96  EF26  F00D         	goto	l3555
  5703   001A9A  0A01               	xorlw	1	; case 1
  5704   001A9C  B4D8               	btfsc	status,2,c
  5705   001A9E  EF2A  F00D         	goto	l3557
  5706   001AA2  0A03               	xorlw	3	; case 2
  5707   001AA4  B4D8               	btfsc	status,2,c
  5708   001AA6  EF2E  F00D         	goto	l3559
  5709   001AAA  0A01               	xorlw	1	; case 3
  5710   001AAC  B4D8               	btfsc	status,2,c
  5711   001AAE  EF3A  F00D         	goto	l3565
  5712   001AB2  0A07               	xorlw	7	; case 4
  5713   001AB4  B4D8               	btfsc	status,2,c
  5714   001AB6  EF32  F00D         	goto	l3561
  5715   001ABA  0A01               	xorlw	1	; case 5
  5716   001ABC  B4D8               	btfsc	status,2,c
  5717   001ABE  EF36  F00D         	goto	l3563
  5718   001AC2  EF15  F00D         	goto	l52
  5719   001AC6  EFFE  F017         	goto	start
  5720   001ACA                     __end_of_main:
  5721                           	callstack 0
  5722                           
  5723 ;; *************** function _view_log *****************
  5724 ;; Defined at:
  5725 ;;		line 11 in file "menu_options.c"
  5726 ;; Parameters:    Size  Location     Type
  5727 ;;		None
  5728 ;; Auto vars:     Size  Location     Type
  5729 ;;  stored_log_c    1   19[COMRAM] unsigned char 
  5730 ;; Return value:  Size  Location     Type
  5731 ;;                  1    wreg      void 
  5732 ;; Registers used:
  5733 ;;		wreg, fsr0l, fsr0h, fsr2l, fsr2h, status,2, status,0, tblptrl, tblptrh, tblptru, prodl, prodh, cstack
  5734 ;; Tracked objects:
  5735 ;;		On entry : 0/0
  5736 ;;		On exit  : 0/0
  5737 ;;		Unchanged: 0/0
  5738 ;; Data sizes:     COMRAM   BANK0   BANK1   BANK2   BANK3   BANK4   BANK5
  5739 ;;      Params:         0       0       0       0       0       0       0
  5740 ;;      Locals:         1       0       0       0       0       0       0
  5741 ;;      Temps:          5       0       0       0       0       0       0
  5742 ;;      Totals:         6       0       0       0       0       0       0
  5743 ;;Total ram usage:        6 bytes
  5744 ;; Hardware stack levels used: 1
  5745 ;; Hardware stack levels required when called: 5
  5746 ;; This function calls:
  5747 ;;		_clcd_print
  5748 ;;		_clcd_putch
  5749 ;;		_clcd_write
  5750 ;;		_event_reader
  5751 ;;		_read_external_eeprom
  5752 ;;		_read_switches
  5753 ;; This function is called by:
  5754 ;;		_main
  5755 ;; This function uses a non-reentrant model
  5756 ;;
  5757                           
  5758                           	psect	text1
  5759   002346                     __ptext1:
  5760                           	callstack 0
  5761   002346                     _view_log:
  5762                           	callstack 25
  5763   002346                     
  5764                           ;menu_options.c: 13:     static unsigned char event_pos;;menu_options.c: 14:     unsigne
      +                          d char stored_log_count;;menu_options.c: 15:     clcd_write(0x01, 0);
  5765   002346  0E00               	movlw	0
  5766   002348  6E01               	movwf	clcd_write@control_bit^0,c
  5767   00234A  0E01               	movlw	1
  5768   00234C  EC0D  F00B         	call	_clcd_write
  5769   002350                     
  5770                           ;menu_options.c: 16:      clcd_print("#   TIME   EV SP",(0x80 + (0)));
  5771   002350  0E65               	movlw	low STR_98
  5772   002352  6E03               	movwf	clcd_print@data^0,c
  5773   002354  0E2F               	movlw	high STR_98
  5774   002356  6E04               	movwf	(clcd_print@data+1)^0,c
  5775   002358  0E80               	movlw	128
  5776   00235A  6E05               	movwf	clcd_print@addr^0,c
  5777   00235C  EC2A  F00C         	call	_clcd_print	;wreg free
  5778   002360                     
  5779                           ;menu_options.c: 17:     _delay((unsigned long)((200)*(20000000/4000.0)));
  5780   002360  0E06               	movlw	6
  5781   002362  6E10               	movwf	(??_view_log+1)^0,c
  5782   002364  0E13               	movlw	19
  5783   002366  6E0F               	movwf	??_view_log^0,c
  5784   002368  0EAE               	movlw	174
  5785   00236A                     u2747:
  5786   00236A  2EE8               	decfsz	wreg,f,c
  5787   00236C  D7FE               	bra	u2747
  5788   00236E  2E0F               	decfsz	??_view_log^0,f,c
  5789   002370  D7FC               	bra	u2747
  5790   002372  2E10               	decfsz	(??_view_log+1)^0,f,c
  5791   002374  D7FA               	bra	u2747
  5792   002376                     
  5793                           ;menu_options.c: 19:     stored_log_count = read_external_eeprom(130);
  5794   002376  0E82               	movlw	130
  5795   002378  ECCC  F00A         	call	_read_external_eeprom
  5796   00237C  6E14               	movwf	view_log@stored_log_count^0,c
  5797   00237E                     
  5798                           ;menu_options.c: 20:     if(stored_log_count == 0)
  5799   00237E  5014               	movf	view_log@stored_log_count^0,w,c
  5800   002380  A4D8               	btfss	status,2,c
  5801   002382  EFC5  F011         	goto	u2461
  5802   002386  EFC7  F011         	goto	u2460
  5803   00238A                     u2461:
  5804   00238A  EFE6  F011         	goto	l3375
  5805   00238E                     u2460:
  5806   00238E                     
  5807                           ;menu_options.c: 21:     {;menu_options.c: 22:          clcd_print("    No  logs    ", (
      +                          0x80 + (0)));
  5808   00238E  0E32               	movlw	low STR_99
  5809   002390  6E03               	movwf	clcd_print@data^0,c
  5810   002392  0E2F               	movlw	high STR_99
  5811   002394  6E04               	movwf	(clcd_print@data+1)^0,c
  5812   002396  0E80               	movlw	128
  5813   002398  6E05               	movwf	clcd_print@addr^0,c
  5814   00239A  EC2A  F00C         	call	_clcd_print	;wreg free
  5815                           
  5816                           ;menu_options.c: 23:          clcd_print("   available!   ", (0xC0 + (0)));
  5817   00239E  0E43               	movlw	low STR_100
  5818   0023A0  6E03               	movwf	clcd_print@data^0,c
  5819   0023A2  0E2F               	movlw	high STR_100
  5820   0023A4  6E04               	movwf	(clcd_print@data+1)^0,c
  5821   0023A6  0EC0               	movlw	192
  5822   0023A8  6E05               	movwf	clcd_print@addr^0,c
  5823   0023AA  EC2A  F00C         	call	_clcd_print	;wreg free
  5824   0023AE                     
  5825                           ;menu_options.c: 24:          _delay((unsigned long)((2000)*(20000000/4000.0)));
  5826   0023AE  0E33               	movlw	51
  5827   0023B0  6E10               	movwf	(??_view_log+1)^0,c
  5828   0023B2  0EBB               	movlw	187
  5829   0023B4  6E0F               	movwf	??_view_log^0,c
  5830   0023B6  0EE0               	movlw	224
  5831   0023B8                     u2757:
  5832   0023B8  2EE8               	decfsz	wreg,f,c
  5833   0023BA  D7FE               	bra	u2757
  5834   0023BC  2E0F               	decfsz	??_view_log^0,f,c
  5835   0023BE  D7FC               	bra	u2757
  5836   0023C0  2E10               	decfsz	(??_view_log+1)^0,f,c
  5837   0023C2  D7FA               	bra	u2757
  5838   0023C4                     l3371:
  5839                           
  5840                           ;menu_options.c: 25:          state = e_main_menu;
  5841   0023C4  0E01               	movlw	1
  5842   0023C6  6E49               	movwf	_state^0,c
  5843   0023C8  EF3F  F012         	goto	l557
  5844   0023CC                     l3375:
  5845                           
  5846                           ;menu_options.c: 29:     {;menu_options.c: 30:         key = read_switches(1);
  5847   0023CC  0E01               	movlw	1
  5848   0023CE  EC60  F00C         	call	_read_switches
  5849   0023D2  6E4A               	movwf	_key^0,c
  5850   0023D4                     
  5851                           ;menu_options.c: 31:         if(key == 5)
  5852   0023D4  0E05               	movlw	5
  5853   0023D6  184A               	xorwf	_key^0,w,c
  5854   0023D8  A4D8               	btfss	status,2,c
  5855   0023DA  EFF1  F011         	goto	u2471
  5856   0023DE  EFF3  F011         	goto	u2470
  5857   0023E2                     u2471:
  5858   0023E2  EF0E  F012         	goto	l3383
  5859   0023E6                     u2470:
  5860   0023E6                     
  5861                           ;menu_options.c: 32:         {;menu_options.c: 33:              if(event_pos < stored_lo
      +                          g_count - 1)
  5862   0023E6  0EFF               	movlw	255
  5863   0023E8  2414               	addwf	view_log@stored_log_count^0,w,c
  5864   0023EA  6E0F               	movwf	??_view_log^0,c
  5865   0023EC  6A10               	clrf	(??_view_log+1)^0,c
  5866   0023EE  0EFF               	movlw	255
  5867   0023F0  2210               	addwfc	(??_view_log+1)^0,f,c
  5868   0023F2  5047               	movf	view_log@event_pos^0,w,c
  5869   0023F4  6E11               	movwf	(??_view_log+2)^0,c
  5870   0023F6  6A12               	clrf	(??_view_log+3)^0,c
  5871   0023F8  500F               	movf	??_view_log^0,w,c
  5872   0023FA  5C11               	subwf	(??_view_log+2)^0,w,c
  5873   0023FC  5012               	movf	(??_view_log+3)^0,w,c
  5874   0023FE  0A80               	xorlw	128
  5875   002400  6E13               	movwf	(??_view_log+4)^0,c
  5876   002402  5010               	movf	(??_view_log+1)^0,w,c
  5877   002404  0A80               	xorlw	128
  5878   002406  5813               	subwfb	(??_view_log+4)^0,w,c
  5879   002408  B0D8               	btfsc	status,0,c
  5880   00240A  EF09  F012         	goto	u2481
  5881   00240E  EF0B  F012         	goto	u2480
  5882   002412                     u2481:
  5883   002412  EF2D  F012         	goto	l3395
  5884   002416                     u2480:
  5885   002416                     
  5886                           ;menu_options.c: 34:                 event_pos++;
  5887   002416  2A47               	incf	view_log@event_pos^0,f,c
  5888   002418  EF2D  F012         	goto	l3395
  5889   00241C                     l3383:
  5890   00241C  0E06               	movlw	6
  5891   00241E  184A               	xorwf	_key^0,w,c
  5892   002420  A4D8               	btfss	status,2,c
  5893   002422  EF15  F012         	goto	u2491
  5894   002426  EF17  F012         	goto	u2490
  5895   00242A                     u2491:
  5896   00242A  EF22  F012         	goto	l3389
  5897   00242E                     u2490:
  5898   00242E                     
  5899                           ;menu_options.c: 37:         {;menu_options.c: 38:             if(event_pos > 0)
  5900   00242E  5047               	movf	view_log@event_pos^0,w,c
  5901   002430  B4D8               	btfsc	status,2,c
  5902   002432  EF1D  F012         	goto	u2501
  5903   002436  EF1F  F012         	goto	u2500
  5904   00243A                     u2501:
  5905   00243A  EF2D  F012         	goto	l3395
  5906   00243E                     u2500:
  5907   00243E                     
  5908                           ;menu_options.c: 39:                  event_pos--;
  5909   00243E  0647               	decf	view_log@event_pos^0,f,c
  5910   002440  EF2D  F012         	goto	l3395
  5911   002444                     l3389:
  5912   002444  0E08               	movlw	8
  5913   002446  184A               	xorwf	_key^0,w,c
  5914   002448  A4D8               	btfss	status,2,c
  5915   00244A  EF29  F012         	goto	u2511
  5916   00244E  EF2B  F012         	goto	u2510
  5917   002452                     u2511:
  5918   002452  EF2D  F012         	goto	l3395
  5919   002456                     u2510:
  5920   002456  EFE2  F011         	goto	l3371
  5921   00245A                     l3395:
  5922                           
  5923                           ;menu_options.c: 47:         event_reader(event_pos);
  5924   00245A  5047               	movf	view_log@event_pos^0,w,c
  5925   00245C  EC87  F010         	call	_event_reader
  5926   002460                     
  5927                           ;menu_options.c: 48:         clcd_putch(event_pos+48, (0xC0 + (0)));
  5928   002460  0EC0               	movlw	192
  5929   002462  6E03               	movwf	clcd_putch@addr^0,c
  5930   002464  5047               	movf	view_log@event_pos^0,w,c
  5931   002466  0F30               	addlw	48
  5932   002468  EC67  F00A         	call	_clcd_putch
  5933   00246C                     
  5934                           ;menu_options.c: 49:         clcd_print(data, (0xC0 + (2)));
  5935   00246C  0E7A               	movlw	low _data
  5936   00246E  6E03               	movwf	clcd_print@data^0,c
  5937   002470  6A04               	clrf	(clcd_print@data+1)^0,c
  5938   002472  0EC2               	movlw	194
  5939   002474  6E05               	movwf	clcd_print@addr^0,c
  5940   002476  EC2A  F00C         	call	_clcd_print	;wreg free
  5941   00247A  EFE6  F011         	goto	l3375
  5942   00247E                     l557:
  5943   00247E  0012               	return		;funcret
  5944   002480                     __end_of_view_log:
  5945                           	callstack 0
  5946                           
  5947 ;; *************** function _view_dashboard *****************
  5948 ;; Defined at:
  5949 ;;		line 10 in file "dashboard.c"
  5950 ;; Parameters:    Size  Location     Type
  5951 ;;		None
  5952 ;; Auto vars:     Size  Location     Type
  5953 ;;		None
  5954 ;; Return value:  Size  Location     Type
  5955 ;;                  1    wreg      void 
  5956 ;; Registers used:
  5957 ;;		wreg, fsr0l, fsr0h, fsr2l, fsr2h, status,2, status,0, tblptrl, tblptrh, tblptru, prodl, prodh, cstack
  5958 ;; Tracked objects:
  5959 ;;		On entry : 0/0
  5960 ;;		On exit  : 0/0
  5961 ;;		Unchanged: 0/0
  5962 ;; Data sizes:     COMRAM   BANK0   BANK1   BANK2   BANK3   BANK4   BANK5
  5963 ;;      Params:         0       0       0       0       0       0       0
  5964 ;;      Locals:         0       0       0       0       0       0       0
  5965 ;;      Temps:          0       0       0       0       0       0       0
  5966 ;;      Totals:         0       0       0       0       0       0       0
  5967 ;;Total ram usage:        0 bytes
  5968 ;; Hardware stack levels used: 1
  5969 ;; Hardware stack levels required when called: 5
  5970 ;; This function calls:
  5971 ;;		_clcd_print
  5972 ;;		_display_gear_shifting
  5973 ;;		_display_speed
  5974 ;;		_display_time
  5975 ;;		_get_time
  5976 ;; This function is called by:
  5977 ;;		_main
  5978 ;; This function uses a non-reentrant model
  5979 ;;
  5980                           
  5981                           	psect	text2
  5982   001576                     __ptext2:
  5983                           	callstack 0
  5984   001576                     _view_dashboard:
  5985                           	callstack 25
  5986   001576                     
  5987                           ;dashboard.c: 13:     clcd_print("  TIME   EV SP  ", (0x80 + (0)));
  5988   001576  0E87               	movlw	low STR_19
  5989   001578  6E03               	movwf	clcd_print@data^0,c
  5990   00157A  0E2F               	movlw	high STR_19
  5991   00157C  6E04               	movwf	(clcd_print@data+1)^0,c
  5992   00157E  0E80               	movlw	128
  5993   001580  6E05               	movwf	clcd_print@addr^0,c
  5994   001582  EC2A  F00C         	call	_clcd_print	;wreg free
  5995   001586                     
  5996                           ;dashboard.c: 16:     get_time();
  5997   001586  ECD4  F00C         	call	_get_time	;wreg free
  5998   00158A                     
  5999                           ;dashboard.c: 18:     display_time();
  6000   00158A  EC36  F00A         	call	_display_time	;wreg free
  6001   00158E                     
  6002                           ;dashboard.c: 21:     display_gear_shifting();
  6003   00158E  EC0D  F00E         	call	_display_gear_shifting	;wreg free
  6004   001592                     
  6005                           ;dashboard.c: 24:     display_speed();
  6006   001592  EC1B  F00F         	call	_display_speed	;wreg free
  6007   001596  0012               	return		;funcret
  6008   001598                     __end_of_view_dashboard:
  6009                           	callstack 0
  6010                           
  6011 ;; *************** function _display_time *****************
  6012 ;; Defined at:
  6013 ;;		line 74 in file "ds1307.c"
  6014 ;; Parameters:    Size  Location     Type
  6015 ;;		None
  6016 ;; Auto vars:     Size  Location     Type
  6017 ;;		None
  6018 ;; Return value:  Size  Location     Type
  6019 ;;                  1    wreg      void 
  6020 ;; Registers used:
  6021 ;;		wreg, fsr0l, fsr0h, status,2, status,0, tblptrl, tblptrh, tblptru, cstack
  6022 ;; Tracked objects:
  6023 ;;		On entry : 0/0
  6024 ;;		On exit  : 0/0
  6025 ;;		Unchanged: 0/0
  6026 ;; Data sizes:     COMRAM   BANK0   BANK1   BANK2   BANK3   BANK4   BANK5
  6027 ;;      Params:         0       0       0       0       0       0       0
  6028 ;;      Locals:         0       0       0       0       0       0       0
  6029 ;;      Temps:          0       0       0       0       0       0       0
  6030 ;;      Totals:         0       0       0       0       0       0       0
  6031 ;;Total ram usage:        0 bytes
  6032 ;; Hardware stack levels used: 1
  6033 ;; Hardware stack levels required when called: 2
  6034 ;; This function calls:
  6035 ;;		_clcd_print
  6036 ;; This function is called by:
  6037 ;;		_view_dashboard
  6038 ;; This function uses a non-reentrant model
  6039 ;;
  6040                           
  6041                           	psect	text3
  6042   00146C                     __ptext3:
  6043                           	callstack 0
  6044   00146C                     _display_time:
  6045                           	callstack 27
  6046   00146C                     
  6047                           ;ds1307.c: 76:  clcd_print(time, (0xC0 + (0)));
  6048   00146C  0E4B               	movlw	low _time
  6049   00146E  6E03               	movwf	clcd_print@data^0,c
  6050   001470  6A04               	clrf	(clcd_print@data+1)^0,c
  6051   001472  0EC0               	movlw	192
  6052   001474  6E05               	movwf	clcd_print@addr^0,c
  6053   001476  EC2A  F00C         	call	_clcd_print	;wreg free
  6054   00147A  0012               	return		;funcret
  6055   00147C                     __end_of_display_time:
  6056                           	callstack 0
  6057                           
  6058 ;; *************** function _display_speed *****************
  6059 ;; Defined at:
  6060 ;;		line 28 in file "dashboard.c"
  6061 ;; Parameters:    Size  Location     Type
  6062 ;;		None
  6063 ;; Auto vars:     Size  Location     Type
  6064 ;;  adc_val         2   56[COMRAM] unsigned short 
  6065 ;; Return value:  Size  Location     Type
  6066 ;;                  1    wreg      void 
  6067 ;; Registers used:
  6068 ;;		wreg, fsr0l, fsr0h, status,2, status,0, tblptrl, tblptrh, tblptru, cstack
  6069 ;; Tracked objects:
  6070 ;;		On entry : 0/0
  6071 ;;		On exit  : 0/0
  6072 ;;		Unchanged: 0/0
  6073 ;; Data sizes:     COMRAM   BANK0   BANK1   BANK2   BANK3   BANK4   BANK5
  6074 ;;      Params:         0       0       0       0       0       0       0
  6075 ;;      Locals:         2       0       0       0       0       0       0
  6076 ;;      Temps:          0       0       0       0       0       0       0
  6077 ;;      Totals:         2       0       0       0       0       0       0
  6078 ;;Total ram usage:        2 bytes
  6079 ;; Hardware stack levels used: 1
  6080 ;; Hardware stack levels required when called: 2
  6081 ;; This function calls:
  6082 ;;		___fldiv
  6083 ;;		___fltol
  6084 ;;		___lwdiv
  6085 ;;		___lwmod
  6086 ;;		___xxtofl
  6087 ;;		_clcd_print
  6088 ;;		_read_adc
  6089 ;; This function is called by:
  6090 ;;		_view_dashboard
  6091 ;; This function uses a non-reentrant model
  6092 ;;
  6093                           
  6094                           	psect	text4
  6095   001E36                     __ptext4:
  6096                           	callstack 0
  6097   001E36                     _display_speed:
  6098                           	callstack 27
  6099   001E36                     
  6100                           ;dashboard.c: 31:      unsigned short adc_val = read_adc(0x04) / 10.23;
  6101   001E36  0E14               	movlw	20
  6102   001E38  6E1A               	movwf	___fldiv@a^0,c
  6103   001E3A  0EAE               	movlw	174
  6104   001E3C  6E1B               	movwf	(___fldiv@a+1)^0,c
  6105   001E3E  0E23               	movlw	35
  6106   001E40  6E1C               	movwf	(___fldiv@a+2)^0,c
  6107   001E42  0E41               	movlw	65
  6108   001E44  6E1D               	movwf	(___fldiv@a+3)^0,c
  6109   001E46  0E04               	movlw	4
  6110   001E48  EC2A  F00B         	call	_read_adc
  6111   001E4C  C001  F008         	movff	?_read_adc,___xxtofl@val
  6112   001E50  C002  F009         	movff	?_read_adc+1,___xxtofl@val+1
  6113   001E54  6A0A               	clrf	(___xxtofl@val+2)^0,c
  6114   001E56  6A0B               	clrf	(___xxtofl@val+3)^0,c
  6115   001E58  0E00               	movlw	0
  6116   001E5A  EC0E  F013         	call	___xxtofl
  6117   001E5E  C008  F016         	movff	?___xxtofl,___fldiv@b
  6118   001E62  C009  F017         	movff	?___xxtofl+1,___fldiv@b+1
  6119   001E66  C00A  F018         	movff	?___xxtofl+2,___fldiv@b+2
  6120   001E6A  C00B  F019         	movff	?___xxtofl+3,___fldiv@b+3
  6121   001E6E  ECE8  F013         	call	___fldiv	;wreg free
  6122   001E72  C016  F02F         	movff	?___fldiv,___fltol@f1
  6123   001E76  C017  F030         	movff	?___fldiv+1,___fltol@f1+1
  6124   001E7A  C018  F031         	movff	?___fldiv+2,___fltol@f1+2
  6125   001E7E  C019  F032         	movff	?___fldiv+3,___fltol@f1+3
  6126   001E82  EC80  F00F         	call	___fltol	;wreg free
  6127   001E86  C02F  F039         	movff	?___fltol,display_speed@adc_val
  6128   001E8A  C030  F03A         	movff	?___fltol+1,display_speed@adc_val+1
  6129                           
  6130                           ;dashboard.c: 34:      speed[0] = (adc_val / 100) + 48;
  6131   001E8E  C039  F001         	movff	display_speed@adc_val,___lwdiv@dividend
  6132   001E92  C03A  F002         	movff	display_speed@adc_val+1,___lwdiv@dividend+1
  6133   001E96  0E00               	movlw	0
  6134   001E98  6E04               	movwf	(___lwdiv@divisor+1)^0,c
  6135   001E9A  0E64               	movlw	100
  6136   001E9C  6E03               	movwf	___lwdiv@divisor^0,c
  6137   001E9E  EC9A  F00C         	call	___lwdiv	;wreg free
  6138   001EA2  5001               	movf	?___lwdiv^0,w,c
  6139   001EA4  0F30               	addlw	48
  6140   001EA6  6E55               	movwf	_speed^0,c
  6141                           
  6142                           ;dashboard.c: 35:      speed[1] = ((adc_val / 10) % 10) + 48;
  6143   001EA8  0E00               	movlw	0
  6144   001EAA  6E04               	movwf	(___lwdiv@divisor+1)^0,c
  6145   001EAC  0E0A               	movlw	10
  6146   001EAE  6E03               	movwf	___lwdiv@divisor^0,c
  6147   001EB0  C039  F001         	movff	display_speed@adc_val,___lwdiv@dividend
  6148   001EB4  C03A  F002         	movff	display_speed@adc_val+1,___lwdiv@dividend+1
  6149   001EB8  EC9A  F00C         	call	___lwdiv	;wreg free
  6150   001EBC  C001  F008         	movff	?___lwdiv,___lwmod@dividend
  6151   001EC0  C002  F009         	movff	?___lwdiv+1,___lwmod@dividend+1
  6152   001EC4  0E00               	movlw	0
  6153   001EC6  6E0B               	movwf	(___lwmod@divisor+1)^0,c
  6154   001EC8  0E0A               	movlw	10
  6155   001ECA  6E0A               	movwf	___lwmod@divisor^0,c
  6156   001ECC  ECF8  F00B         	call	___lwmod	;wreg free
  6157   001ED0  5008               	movf	?___lwmod^0,w,c
  6158   001ED2  0F30               	addlw	48
  6159   001ED4  6E56               	movwf	(_speed+1)^0,c
  6160                           
  6161                           ;dashboard.c: 36:      speed[2] = (adc_val % 10) + 48;
  6162   001ED6  C039  F008         	movff	display_speed@adc_val,___lwmod@dividend
  6163   001EDA  C03A  F009         	movff	display_speed@adc_val+1,___lwmod@dividend+1
  6164   001EDE  0E00               	movlw	0
  6165   001EE0  6E0B               	movwf	(___lwmod@divisor+1)^0,c
  6166   001EE2  0E0A               	movlw	10
  6167   001EE4  6E0A               	movwf	___lwmod@divisor^0,c
  6168   001EE6  ECF8  F00B         	call	___lwmod	;wreg free
  6169   001EEA  5008               	movf	?___lwmod^0,w,c
  6170   001EEC  0F30               	addlw	48
  6171   001EEE  6E57               	movwf	(_speed+2)^0,c
  6172   001EF0                     
  6173                           ;dashboard.c: 38:      clcd_print(speed, (0xC0 + (12)));
  6174   001EF0  0E55               	movlw	low _speed
  6175   001EF2  6E03               	movwf	clcd_print@data^0,c
  6176   001EF4  6A04               	clrf	(clcd_print@data+1)^0,c
  6177   001EF6  0ECC               	movlw	204
  6178   001EF8  6E05               	movwf	clcd_print@addr^0,c
  6179   001EFA  EC2A  F00C         	call	_clcd_print	;wreg free
  6180   001EFE  0012               	return		;funcret
  6181   001F00                     __end_of_display_speed:
  6182                           	callstack 0
  6183                           
  6184 ;; *************** function _read_adc *****************
  6185 ;; Defined at:
  6186 ;;		line 48 in file "adc.c"
  6187 ;; Parameters:    Size  Location     Type
  6188 ;;  channel         1    wreg     unsigned char 
  6189 ;; Auto vars:     Size  Location     Type
  6190 ;;  channel         1    6[COMRAM] unsigned char 
  6191 ;;  reg_val         2    4[COMRAM] unsigned short 
  6192 ;; Return value:  Size  Location     Type
  6193 ;;                  2    0[COMRAM] unsigned short 
  6194 ;; Registers used:
  6195 ;;		wreg, status,2, status,0
  6196 ;; Tracked objects:
  6197 ;;		On entry : 0/0
  6198 ;;		On exit  : 0/0
  6199 ;;		Unchanged: 0/0
  6200 ;; Data sizes:     COMRAM   BANK0   BANK1   BANK2   BANK3   BANK4   BANK5
  6201 ;;      Params:         2       0       0       0       0       0       0
  6202 ;;      Locals:         3       0       0       0       0       0       0
  6203 ;;      Temps:          2       0       0       0       0       0       0
  6204 ;;      Totals:         7       0       0       0       0       0       0
  6205 ;;Total ram usage:        7 bytes
  6206 ;; Hardware stack levels used: 1
  6207 ;; This function calls:
  6208 ;;		Nothing
  6209 ;; This function is called by:
  6210 ;;		_display_speed
  6211 ;; This function uses a non-reentrant model
  6212 ;;
  6213                           
  6214                           	psect	text5
  6215   001654                     __ptext5:
  6216                           	callstack 0
  6217   001654                     _read_adc:
  6218                           	callstack 28
  6219                           
  6220                           ;incstack = 0
  6221                           ;read_adc@channel stored from wreg
  6222   001654  6E07               	movwf	read_adc@channel^0,c
  6223   001656                     
  6224                           ;adc.c: 48: unsigned short read_adc(unsigned char channel);adc.c: 49: {;adc.c: 50:  unsi
      +                          gned short reg_val;;adc.c: 53:  ADCON0 = (ADCON0 & 0xC3) | (channel << 2);
  6225   001656  C007  F003         	movff	read_adc@channel,??_read_adc
  6226   00165A  90D8               	bcf	status,0,c
  6227   00165C  3603               	rlcf	??_read_adc^0,f,c
  6228   00165E  90D8               	bcf	status,0,c
  6229   001660  3603               	rlcf	??_read_adc^0,f,c
  6230   001662  50C2               	movf	194,w,c	;volatile
  6231   001664  0BC3               	andlw	195
  6232   001666  1003               	iorwf	??_read_adc^0,w,c
  6233   001668  6EC2               	movwf	194,c	;volatile
  6234   00166A                     
  6235                           ;adc.c: 56:  GO = 1;
  6236   00166A  82C2               	bsf	4034,1,c	;volatile
  6237   00166C                     l292:
  6238   00166C  B2C2               	btfsc	4034,1,c	;volatile
  6239   00166E  EF3B  F00B         	goto	u1451
  6240   001672  EF3D  F00B         	goto	u1450
  6241   001676                     u1451:
  6242   001676  EF36  F00B         	goto	l292
  6243   00167A                     u1450:
  6244   00167A                     
  6245                           ;adc.c: 58:  reg_val = (ADRESH << 8) | ADRESL;
  6246   00167A  50C3               	movf	195,w,c	;volatile
  6247   00167C  CFC4 F003          	movff	4036,??_read_adc	;volatile
  6248   001680  6A04               	clrf	(??_read_adc+1)^0,c
  6249   001682  C003  F004         	movff	??_read_adc,??_read_adc+1
  6250   001686  6A03               	clrf	??_read_adc^0,c
  6251   001688  1003               	iorwf	??_read_adc^0,w,c
  6252   00168A  6E05               	movwf	read_adc@reg_val^0,c
  6253   00168C  5004               	movf	(??_read_adc+1)^0,w,c
  6254   00168E  6E06               	movwf	(read_adc@reg_val+1)^0,c
  6255   001690                     
  6256                           ;adc.c: 60:  return reg_val;
  6257   001690  C005  F001         	movff	read_adc@reg_val,?_read_adc
  6258   001694  C006  F002         	movff	read_adc@reg_val+1,?_read_adc+1
  6259   001698  0012               	return		;funcret
  6260   00169A                     __end_of_read_adc:
  6261                           	callstack 0
  6262                           
  6263 ;; *************** function ___xxtofl *****************
  6264 ;; Defined at:
  6265 ;;		line 10 in file "C:\Program Files\Microchip\xc8\v3.00\pic\sources\c99\common\xxtofl.c"
  6266 ;; Parameters:    Size  Location     Type
  6267 ;;  sign            1    wreg     unsigned char 
  6268 ;;  val             4    7[COMRAM] long 
  6269 ;; Auto vars:     Size  Location     Type
  6270 ;;  sign            1   15[COMRAM] unsigned char 
  6271 ;;  arg             4   17[COMRAM] unsigned long 
  6272 ;;  exp             1   16[COMRAM] unsigned char 
  6273 ;; Return value:  Size  Location     Type
  6274 ;;                  4    7[COMRAM] unsigned char 
  6275 ;; Registers used:
  6276 ;;		wreg, status,2, status,0
  6277 ;; Tracked objects:
  6278 ;;		On entry : 0/0
  6279 ;;		On exit  : 0/0
  6280 ;;		Unchanged: 0/0
  6281 ;; Data sizes:     COMRAM   BANK0   BANK1   BANK2   BANK3   BANK4   BANK5
  6282 ;;      Params:         4       0       0       0       0       0       0
  6283 ;;      Locals:         6       0       0       0       0       0       0
  6284 ;;      Temps:          4       0       0       0       0       0       0
  6285 ;;      Totals:        14       0       0       0       0       0       0
  6286 ;;Total ram usage:       14 bytes
  6287 ;; Hardware stack levels used: 1
  6288 ;; This function calls:
  6289 ;;		Nothing
  6290 ;; This function is called by:
  6291 ;;		_display_speed
  6292 ;; This function uses a non-reentrant model
  6293 ;;
  6294                           
  6295                           	psect	text6
  6296   00261C                     __ptext6:
  6297                           	callstack 0
  6298   00261C                     ___xxtofl:
  6299                           	callstack 28
  6300                           
  6301                           ;incstack = 0
  6302                           ;___xxtofl@sign stored from wreg
  6303   00261C  6E10               	movwf	___xxtofl@sign^0,c
  6304   00261E  5010               	movf	___xxtofl@sign^0,w,c
  6305   002620  B4D8               	btfsc	status,2,c
  6306   002622  EF15  F013         	goto	u1991
  6307   002626  EF17  F013         	goto	u1990
  6308   00262A                     u1991:
  6309   00262A  EF39  F013         	goto	l1345
  6310   00262E                     u1990:
  6311   00262E  BE0B               	btfsc	(___xxtofl@val+3)^0,7,c
  6312   002630  EF1E  F013         	goto	u2000
  6313   002634  EF1C  F013         	goto	u2001
  6314   002638                     u2001:
  6315   002638  EF39  F013         	goto	l1345
  6316   00263C                     u2000:
  6317   00263C  C008  F00C         	movff	___xxtofl@val,??___xxtofl
  6318   002640  C009  F00D         	movff	___xxtofl@val+1,??___xxtofl+1
  6319   002644  C00A  F00E         	movff	___xxtofl@val+2,??___xxtofl+2
  6320   002648  C00B  F00F         	movff	___xxtofl@val+3,??___xxtofl+3
  6321   00264C  1E0C               	comf	??___xxtofl^0,f,c
  6322   00264E  1E0D               	comf	(??___xxtofl+1)^0,f,c
  6323   002650  1E0E               	comf	(??___xxtofl+2)^0,f,c
  6324   002652  1E0F               	comf	(??___xxtofl+3)^0,f,c
  6325   002654  2A0C               	incf	??___xxtofl^0,f,c
  6326   002656  0E00               	movlw	0
  6327   002658  220D               	addwfc	(??___xxtofl+1)^0,f,c
  6328   00265A  220E               	addwfc	(??___xxtofl+2)^0,f,c
  6329   00265C  220F               	addwfc	(??___xxtofl+3)^0,f,c
  6330   00265E  C00C  F012         	movff	??___xxtofl,___xxtofl@arg
  6331   002662  C00D  F013         	movff	??___xxtofl+1,___xxtofl@arg+1
  6332   002666  C00E  F014         	movff	??___xxtofl+2,___xxtofl@arg+2
  6333   00266A  C00F  F015         	movff	??___xxtofl+3,___xxtofl@arg+3
  6334   00266E  EF41  F013         	goto	l2953
  6335   002672                     l1345:
  6336   002672  C008  F012         	movff	___xxtofl@val,___xxtofl@arg
  6337   002676  C009  F013         	movff	___xxtofl@val+1,___xxtofl@arg+1
  6338   00267A  C00A  F014         	movff	___xxtofl@val+2,___xxtofl@arg+2
  6339   00267E  C00B  F015         	movff	___xxtofl@val+3,___xxtofl@arg+3
  6340   002682                     l2953:
  6341   002682  5008               	movf	___xxtofl@val^0,w,c
  6342   002684  1009               	iorwf	(___xxtofl@val+1)^0,w,c
  6343   002686  100A               	iorwf	(___xxtofl@val+2)^0,w,c
  6344   002688  100B               	iorwf	(___xxtofl@val+3)^0,w,c
  6345   00268A  A4D8               	btfss	status,2,c
  6346   00268C  EF4A  F013         	goto	u2011
  6347   002690  EF4C  F013         	goto	u2010
  6348   002694                     u2011:
  6349   002694  EF56  F013         	goto	l2959
  6350   002698                     u2010:
  6351   002698  0E00               	movlw	0
  6352   00269A  6E08               	movwf	?___xxtofl^0,c
  6353   00269C  0E00               	movlw	0
  6354   00269E  6E09               	movwf	(?___xxtofl+1)^0,c
  6355   0026A0  0E00               	movlw	0
  6356   0026A2  6E0A               	movwf	(?___xxtofl+2)^0,c
  6357   0026A4  0E00               	movlw	0
  6358   0026A6  6E0B               	movwf	(?___xxtofl+3)^0,c
  6359   0026A8  EFE7  F013         	goto	l1348
  6360   0026AC                     l2959:
  6361   0026AC  0E96               	movlw	150
  6362   0026AE  6E11               	movwf	___xxtofl@exp^0,c
  6363   0026B0  EF60  F013         	goto	l2963
  6364   0026B4                     l2961:
  6365   0026B4  2A11               	incf	___xxtofl@exp^0,f,c
  6366   0026B6  90D8               	bcf	status,0,c
  6367   0026B8  3215               	rrcf	(___xxtofl@arg+3)^0,f,c
  6368   0026BA  3214               	rrcf	(___xxtofl@arg+2)^0,f,c
  6369   0026BC  3213               	rrcf	(___xxtofl@arg+1)^0,f,c
  6370   0026BE  3212               	rrcf	___xxtofl@arg^0,f,c
  6371   0026C0                     l2963:
  6372   0026C0  0E00               	movlw	0
  6373   0026C2  1412               	andwf	___xxtofl@arg^0,w,c
  6374   0026C4  6E0C               	movwf	??___xxtofl^0,c
  6375   0026C6  0E00               	movlw	0
  6376   0026C8  1413               	andwf	(___xxtofl@arg+1)^0,w,c
  6377   0026CA  6E0D               	movwf	(??___xxtofl+1)^0,c
  6378   0026CC  0E00               	movlw	0
  6379   0026CE  1414               	andwf	(___xxtofl@arg+2)^0,w,c
  6380   0026D0  6E0E               	movwf	(??___xxtofl+2)^0,c
  6381   0026D2  0EFE               	movlw	254
  6382   0026D4  1415               	andwf	(___xxtofl@arg+3)^0,w,c
  6383   0026D6  6E0F               	movwf	(??___xxtofl+3)^0,c
  6384   0026D8  500C               	movf	??___xxtofl^0,w,c
  6385   0026DA  100D               	iorwf	(??___xxtofl+1)^0,w,c
  6386   0026DC  100E               	iorwf	(??___xxtofl+2)^0,w,c
  6387   0026DE  100F               	iorwf	(??___xxtofl+3)^0,w,c
  6388   0026E0  A4D8               	btfss	status,2,c
  6389   0026E2  EF75  F013         	goto	u2021
  6390   0026E6  EF77  F013         	goto	u2020
  6391   0026EA                     u2021:
  6392   0026EA  EF5A  F013         	goto	l2961
  6393   0026EE                     u2020:
  6394   0026EE  EF85  F013         	goto	l1352
  6395   0026F2                     l2965:
  6396   0026F2  2A11               	incf	___xxtofl@exp^0,f,c
  6397   0026F4  0E01               	movlw	1
  6398   0026F6  2612               	addwf	___xxtofl@arg^0,f,c
  6399   0026F8  0E00               	movlw	0
  6400   0026FA  2213               	addwfc	(___xxtofl@arg+1)^0,f,c
  6401   0026FC  2214               	addwfc	(___xxtofl@arg+2)^0,f,c
  6402   0026FE  2215               	addwfc	(___xxtofl@arg+3)^0,f,c
  6403   002700  90D8               	bcf	status,0,c
  6404   002702  3215               	rrcf	(___xxtofl@arg+3)^0,f,c
  6405   002704  3214               	rrcf	(___xxtofl@arg+2)^0,f,c
  6406   002706  3213               	rrcf	(___xxtofl@arg+1)^0,f,c
  6407   002708  3212               	rrcf	___xxtofl@arg^0,f,c
  6408   00270A                     l1352:
  6409   00270A  0E00               	movlw	0
  6410   00270C  1412               	andwf	___xxtofl@arg^0,w,c
  6411   00270E  6E0C               	movwf	??___xxtofl^0,c
  6412   002710  0E00               	movlw	0
  6413   002712  1413               	andwf	(___xxtofl@arg+1)^0,w,c
  6414   002714  6E0D               	movwf	(??___xxtofl+1)^0,c
  6415   002716  0E00               	movlw	0
  6416   002718  1414               	andwf	(___xxtofl@arg+2)^0,w,c
  6417   00271A  6E0E               	movwf	(??___xxtofl+2)^0,c
  6418   00271C  0EFF               	movlw	255
  6419   00271E  1415               	andwf	(___xxtofl@arg+3)^0,w,c
  6420   002720  6E0F               	movwf	(??___xxtofl+3)^0,c
  6421   002722  500C               	movf	??___xxtofl^0,w,c
  6422   002724  100D               	iorwf	(??___xxtofl+1)^0,w,c
  6423   002726  100E               	iorwf	(??___xxtofl+2)^0,w,c
  6424   002728  100F               	iorwf	(??___xxtofl+3)^0,w,c
  6425   00272A  A4D8               	btfss	status,2,c
  6426   00272C  EF9A  F013         	goto	u2031
  6427   002730  EF9C  F013         	goto	u2030
  6428   002734                     u2031:
  6429   002734  EF79  F013         	goto	l2965
  6430   002738                     u2030:
  6431   002738  EFA4  F013         	goto	l2973
  6432   00273C                     l2971:
  6433   00273C  0611               	decf	___xxtofl@exp^0,f,c
  6434   00273E  90D8               	bcf	status,0,c
  6435   002740  3612               	rlcf	___xxtofl@arg^0,f,c
  6436   002742  3613               	rlcf	(___xxtofl@arg+1)^0,f,c
  6437   002744  3614               	rlcf	(___xxtofl@arg+2)^0,f,c
  6438   002746  3615               	rlcf	(___xxtofl@arg+3)^0,f,c
  6439   002748                     l2973:
  6440   002748  BE14               	btfsc	(___xxtofl@arg+2)^0,7,c
  6441   00274A  EFA9  F013         	goto	u2041
  6442   00274E  EFAB  F013         	goto	u2040
  6443   002752                     u2041:
  6444   002752  EFB3  F013         	goto	l1359
  6445   002756                     u2040:
  6446   002756  0E02               	movlw	2
  6447   002758  6011               	cpfslt	___xxtofl@exp^0,c
  6448   00275A  EFB1  F013         	goto	u2051
  6449   00275E  EFB3  F013         	goto	u2050
  6450   002762                     u2051:
  6451   002762  EF9E  F013         	goto	l2971
  6452   002766                     u2050:
  6453   002766                     l1359:
  6454   002766  B011               	btfsc	___xxtofl@exp^0,0,c
  6455   002768  EFB8  F013         	goto	u2061
  6456   00276C  EFBA  F013         	goto	u2060
  6457   002770                     u2061:
  6458   002770  EFBB  F013         	goto	l2979
  6459   002774                     u2060:
  6460   002774  9E14               	bcf	(___xxtofl@arg+2)^0,7,c
  6461   002776                     l2979:
  6462   002776  90D8               	bcf	status,0,c
  6463   002778  3211               	rrcf	___xxtofl@exp^0,f,c
  6464   00277A  C011  F00C         	movff	___xxtofl@exp,??___xxtofl
  6465   00277E  6A0D               	clrf	(??___xxtofl+1)^0,c
  6466   002780  6A0E               	clrf	(??___xxtofl+2)^0,c
  6467   002782  6A0F               	clrf	(??___xxtofl+3)^0,c
  6468   002784  C00C  F00F         	movff	??___xxtofl,??___xxtofl+3
  6469   002788  6A0E               	clrf	(??___xxtofl+2)^0,c
  6470   00278A  6A0D               	clrf	(??___xxtofl+1)^0,c
  6471   00278C  6A0C               	clrf	??___xxtofl^0,c
  6472   00278E  500C               	movf	??___xxtofl^0,w,c
  6473   002790  1212               	iorwf	___xxtofl@arg^0,f,c
  6474   002792  500D               	movf	(??___xxtofl+1)^0,w,c
  6475   002794  1213               	iorwf	(___xxtofl@arg+1)^0,f,c
  6476   002796  500E               	movf	(??___xxtofl+2)^0,w,c
  6477   002798  1214               	iorwf	(___xxtofl@arg+2)^0,f,c
  6478   00279A  500F               	movf	(??___xxtofl+3)^0,w,c
  6479   00279C  1215               	iorwf	(___xxtofl@arg+3)^0,f,c
  6480   00279E  5010               	movf	___xxtofl@sign^0,w,c
  6481   0027A0  B4D8               	btfsc	status,2,c
  6482   0027A2  EFD5  F013         	goto	u2071
  6483   0027A6  EFD7  F013         	goto	u2070
  6484   0027AA                     u2071:
  6485   0027AA  EFDF  F013         	goto	l2989
  6486   0027AE                     u2070:
  6487   0027AE  BE0B               	btfsc	(___xxtofl@val+3)^0,7,c
  6488   0027B0  EFDE  F013         	goto	u2080
  6489   0027B4  EFDC  F013         	goto	u2081
  6490   0027B8                     u2081:
  6491   0027B8  EFDF  F013         	goto	l2989
  6492   0027BC                     u2080:
  6493   0027BC  8E15               	bsf	(___xxtofl@arg+3)^0,7,c
  6494   0027BE                     l2989:
  6495   0027BE  C012  F008         	movff	___xxtofl@arg,?___xxtofl
  6496   0027C2  C013  F009         	movff	___xxtofl@arg+1,?___xxtofl+1
  6497   0027C6  C014  F00A         	movff	___xxtofl@arg+2,?___xxtofl+2
  6498   0027CA  C015  F00B         	movff	___xxtofl@arg+3,?___xxtofl+3
  6499   0027CE                     l1348:
  6500   0027CE  0012               	return		;funcret
  6501   0027D0                     __end_of___xxtofl:
  6502                           	callstack 0
  6503                           
  6504 ;; *************** function ___lwmod *****************
  6505 ;; Defined at:
  6506 ;;		line 7 in file "C:\Program Files\Microchip\xc8\v3.00\pic\sources\c99\common\lwmod.c"
  6507 ;; Parameters:    Size  Location     Type
  6508 ;;  dividend        2    7[COMRAM] unsigned int 
  6509 ;;  divisor         2    9[COMRAM] unsigned int 
  6510 ;; Auto vars:     Size  Location     Type
  6511 ;;  counter         1   11[COMRAM] unsigned char 
  6512 ;; Return value:  Size  Location     Type
  6513 ;;                  2    7[COMRAM] unsigned int 
  6514 ;; Registers used:
  6515 ;;		wreg, status,2, status,0
  6516 ;; Tracked objects:
  6517 ;;		On entry : 0/0
  6518 ;;		On exit  : 0/0
  6519 ;;		Unchanged: 0/0
  6520 ;; Data sizes:     COMRAM   BANK0   BANK1   BANK2   BANK3   BANK4   BANK5
  6521 ;;      Params:         4       0       0       0       0       0       0
  6522 ;;      Locals:         1       0       0       0       0       0       0
  6523 ;;      Temps:          0       0       0       0       0       0       0
  6524 ;;      Totals:         5       0       0       0       0       0       0
  6525 ;;Total ram usage:        5 bytes
  6526 ;; Hardware stack levels used: 1
  6527 ;; This function calls:
  6528 ;;		Nothing
  6529 ;; This function is called by:
  6530 ;;		_display_speed
  6531 ;; This function uses a non-reentrant model
  6532 ;;
  6533                           
  6534                           	psect	text7
  6535   0017F0                     __ptext7:
  6536                           	callstack 0
  6537   0017F0                     ___lwmod:
  6538                           	callstack 28
  6539   0017F0  500A               	movf	___lwmod@divisor^0,w,c
  6540   0017F2  100B               	iorwf	(___lwmod@divisor+1)^0,w,c
  6541   0017F4  B4D8               	btfsc	status,2,c
  6542   0017F6  EFFF  F00B         	goto	u1961
  6543   0017FA  EF01  F00C         	goto	u1960
  6544   0017FE                     u1961:
  6545   0017FE  EF25  F00C         	goto	l1191
  6546   001802                     u1960:
  6547   001802  0E01               	movlw	1
  6548   001804  6E0C               	movwf	___lwmod@counter^0,c
  6549   001806  EF09  F00C         	goto	l2937
  6550   00180A                     l2935:
  6551   00180A  90D8               	bcf	status,0,c
  6552   00180C  360A               	rlcf	___lwmod@divisor^0,f,c
  6553   00180E  360B               	rlcf	(___lwmod@divisor+1)^0,f,c
  6554   001810  2A0C               	incf	___lwmod@counter^0,f,c
  6555   001812                     l2937:
  6556   001812  AE0B               	btfss	(___lwmod@divisor+1)^0,7,c
  6557   001814  EF0E  F00C         	goto	u1971
  6558   001818  EF10  F00C         	goto	u1970
  6559   00181C                     u1971:
  6560   00181C  EF05  F00C         	goto	l2935
  6561   001820                     u1970:
  6562   001820                     l2939:
  6563   001820  500A               	movf	___lwmod@divisor^0,w,c
  6564   001822  5C08               	subwf	___lwmod@dividend^0,w,c
  6565   001824  500B               	movf	(___lwmod@divisor+1)^0,w,c
  6566   001826  5809               	subwfb	(___lwmod@dividend+1)^0,w,c
  6567   001828  A0D8               	btfss	status,0,c
  6568   00182A  EF19  F00C         	goto	u1981
  6569   00182E  EF1B  F00C         	goto	u1980
  6570   001832                     u1981:
  6571   001832  EF1F  F00C         	goto	l2943
  6572   001836                     u1980:
  6573   001836  500A               	movf	___lwmod@divisor^0,w,c
  6574   001838  5E08               	subwf	___lwmod@dividend^0,f,c
  6575   00183A  500B               	movf	(___lwmod@divisor+1)^0,w,c
  6576   00183C  5A09               	subwfb	(___lwmod@dividend+1)^0,f,c
  6577   00183E                     l2943:
  6578   00183E  90D8               	bcf	status,0,c
  6579   001840  320B               	rrcf	(___lwmod@divisor+1)^0,f,c
  6580   001842  320A               	rrcf	___lwmod@divisor^0,f,c
  6581   001844  2E0C               	decfsz	___lwmod@counter^0,f,c
  6582   001846  EF10  F00C         	goto	l2939
  6583   00184A                     l1191:
  6584   00184A  C008  F008         	movff	___lwmod@dividend,?___lwmod
  6585   00184E  C009  F009         	movff	___lwmod@dividend+1,?___lwmod+1
  6586   001852  0012               	return		;funcret
  6587   001854                     __end_of___lwmod:
  6588                           	callstack 0
  6589                           
  6590 ;; *************** function ___lwdiv *****************
  6591 ;; Defined at:
  6592 ;;		line 7 in file "C:\Program Files\Microchip\xc8\v3.00\pic\sources\c99\common\lwdiv.c"
  6593 ;; Parameters:    Size  Location     Type
  6594 ;;  dividend        2    0[COMRAM] unsigned int 
  6595 ;;  divisor         2    2[COMRAM] unsigned int 
  6596 ;; Auto vars:     Size  Location     Type
  6597 ;;  quotient        2    4[COMRAM] unsigned int 
  6598 ;;  counter         1    6[COMRAM] unsigned char 
  6599 ;; Return value:  Size  Location     Type
  6600 ;;                  2    0[COMRAM] unsigned int 
  6601 ;; Registers used:
  6602 ;;		wreg, status,2, status,0
  6603 ;; Tracked objects:
  6604 ;;		On entry : 0/0
  6605 ;;		On exit  : 0/0
  6606 ;;		Unchanged: 0/0
  6607 ;; Data sizes:     COMRAM   BANK0   BANK1   BANK2   BANK3   BANK4   BANK5
  6608 ;;      Params:         4       0       0       0       0       0       0
  6609 ;;      Locals:         3       0       0       0       0       0       0
  6610 ;;      Temps:          0       0       0       0       0       0       0
  6611 ;;      Totals:         7       0       0       0       0       0       0
  6612 ;;Total ram usage:        7 bytes
  6613 ;; Hardware stack levels used: 1
  6614 ;; This function calls:
  6615 ;;		Nothing
  6616 ;; This function is called by:
  6617 ;;		_display_speed
  6618 ;; This function uses a non-reentrant model
  6619 ;;
  6620                           
  6621                           	psect	text8
  6622   001934                     __ptext8:
  6623                           	callstack 0
  6624   001934                     ___lwdiv:
  6625                           	callstack 28
  6626   001934  0E00               	movlw	0
  6627   001936  6E06               	movwf	(___lwdiv@quotient+1)^0,c
  6628   001938  0E00               	movlw	0
  6629   00193A  6E05               	movwf	___lwdiv@quotient^0,c
  6630   00193C  5003               	movf	___lwdiv@divisor^0,w,c
  6631   00193E  1004               	iorwf	(___lwdiv@divisor+1)^0,w,c
  6632   001940  B4D8               	btfsc	status,2,c
  6633   001942  EFA5  F00C         	goto	u1931
  6634   001946  EFA7  F00C         	goto	u1930
  6635   00194A                     u1931:
  6636   00194A  EFCF  F00C         	goto	l1181
  6637   00194E                     u1930:
  6638   00194E  0E01               	movlw	1
  6639   001950  6E07               	movwf	___lwdiv@counter^0,c
  6640   001952  EFAF  F00C         	goto	l2917
  6641   001956                     l2915:
  6642   001956  90D8               	bcf	status,0,c
  6643   001958  3603               	rlcf	___lwdiv@divisor^0,f,c
  6644   00195A  3604               	rlcf	(___lwdiv@divisor+1)^0,f,c
  6645   00195C  2A07               	incf	___lwdiv@counter^0,f,c
  6646   00195E                     l2917:
  6647   00195E  AE04               	btfss	(___lwdiv@divisor+1)^0,7,c
  6648   001960  EFB4  F00C         	goto	u1941
  6649   001964  EFB6  F00C         	goto	u1940
  6650   001968                     u1941:
  6651   001968  EFAB  F00C         	goto	l2915
  6652   00196C                     u1940:
  6653   00196C                     l2919:
  6654   00196C  90D8               	bcf	status,0,c
  6655   00196E  3605               	rlcf	___lwdiv@quotient^0,f,c
  6656   001970  3606               	rlcf	(___lwdiv@quotient+1)^0,f,c
  6657   001972  5003               	movf	___lwdiv@divisor^0,w,c
  6658   001974  5C01               	subwf	___lwdiv@dividend^0,w,c
  6659   001976  5004               	movf	(___lwdiv@divisor+1)^0,w,c
  6660   001978  5802               	subwfb	(___lwdiv@dividend+1)^0,w,c
  6661   00197A  A0D8               	btfss	status,0,c
  6662   00197C  EFC2  F00C         	goto	u1951
  6663   001980  EFC4  F00C         	goto	u1950
  6664   001984                     u1951:
  6665   001984  EFC9  F00C         	goto	l2927
  6666   001988                     u1950:
  6667   001988  5003               	movf	___lwdiv@divisor^0,w,c
  6668   00198A  5E01               	subwf	___lwdiv@dividend^0,f,c
  6669   00198C  5004               	movf	(___lwdiv@divisor+1)^0,w,c
  6670   00198E  5A02               	subwfb	(___lwdiv@dividend+1)^0,f,c
  6671   001990  8005               	bsf	___lwdiv@quotient^0,0,c
  6672   001992                     l2927:
  6673   001992  90D8               	bcf	status,0,c
  6674   001994  3204               	rrcf	(___lwdiv@divisor+1)^0,f,c
  6675   001996  3203               	rrcf	___lwdiv@divisor^0,f,c
  6676   001998  2E07               	decfsz	___lwdiv@counter^0,f,c
  6677   00199A  EFB6  F00C         	goto	l2919
  6678   00199E                     l1181:
  6679   00199E  C005  F001         	movff	___lwdiv@quotient,?___lwdiv
  6680   0019A2  C006  F002         	movff	___lwdiv@quotient+1,?___lwdiv+1
  6681   0019A6  0012               	return		;funcret
  6682   0019A8                     __end_of___lwdiv:
  6683                           	callstack 0
  6684                           
  6685 ;; *************** function ___fltol *****************
  6686 ;; Defined at:
  6687 ;;		line 43 in file "C:\Program Files\Microchip\xc8\v3.00\pic\sources\c99\common\fltol.c"
  6688 ;; Parameters:    Size  Location     Type
  6689 ;;  f1              4   46[COMRAM] unsigned int 
  6690 ;; Auto vars:     Size  Location     Type
  6691 ;;  exp1            1   55[COMRAM] unsigned char 
  6692 ;;  sign1           1   54[COMRAM] unsigned char 
  6693 ;; Return value:  Size  Location     Type
  6694 ;;                  4   46[COMRAM] long 
  6695 ;; Registers used:
  6696 ;;		wreg, status,2, status,0
  6697 ;; Tracked objects:
  6698 ;;		On entry : 0/0
  6699 ;;		On exit  : 0/0
  6700 ;;		Unchanged: 0/0
  6701 ;; Data sizes:     COMRAM   BANK0   BANK1   BANK2   BANK3   BANK4   BANK5
  6702 ;;      Params:         4       0       0       0       0       0       0
  6703 ;;      Locals:         2       0       0       0       0       0       0
  6704 ;;      Temps:          4       0       0       0       0       0       0
  6705 ;;      Totals:        10       0       0       0       0       0       0
  6706 ;;Total ram usage:       10 bytes
  6707 ;; Hardware stack levels used: 1
  6708 ;; This function calls:
  6709 ;;		Nothing
  6710 ;; This function is called by:
  6711 ;;		_display_speed
  6712 ;; This function uses a non-reentrant model
  6713 ;;
  6714                           
  6715                           	psect	text9
  6716   001F00                     __ptext9:
  6717                           	callstack 0
  6718   001F00                     ___fltol:
  6719                           	callstack 28
  6720   001F00  3431               	rlcf	(___fltol@f1+2)^0,w,c
  6721   001F02  3432               	rlcf	(___fltol@f1+3)^0,w,c
  6722   001F04  6E38               	movwf	___fltol@exp1^0,c
  6723   001F06  5038               	movf	___fltol@exp1^0,w,c
  6724   001F08  A4D8               	btfss	status,2,c
  6725   001F0A  EF89  F00F         	goto	u1861
  6726   001F0E  EF8B  F00F         	goto	u1860
  6727   001F12                     u1861:
  6728   001F12  EF95  F00F         	goto	l2871
  6729   001F16                     u1860:
  6730   001F16                     l2867:
  6731   001F16  0E00               	movlw	0
  6732   001F18  6E2F               	movwf	?___fltol^0,c
  6733   001F1A  0E00               	movlw	0
  6734   001F1C  6E30               	movwf	(?___fltol+1)^0,c
  6735   001F1E  0E00               	movlw	0
  6736   001F20  6E31               	movwf	(?___fltol+2)^0,c
  6737   001F22  0E00               	movlw	0
  6738   001F24  6E32               	movwf	(?___fltol+3)^0,c
  6739   001F26  EF02  F010         	goto	l987
  6740   001F2A                     l2871:
  6741   001F2A  C02F  F033         	movff	___fltol@f1,??___fltol
  6742   001F2E  C030  F034         	movff	___fltol@f1+1,??___fltol+1
  6743   001F32  C031  F035         	movff	___fltol@f1+2,??___fltol+2
  6744   001F36  C032  F036         	movff	___fltol@f1+3,??___fltol+3
  6745   001F3A  0E20               	movlw	32
  6746   001F3C  EFA5  F00F         	goto	u1870
  6747   001F40                     u1875:
  6748   001F40  90D8               	bcf	status,0,c
  6749   001F42  3236               	rrcf	(??___fltol+3)^0,f,c
  6750   001F44  3235               	rrcf	(??___fltol+2)^0,f,c
  6751   001F46  3234               	rrcf	(??___fltol+1)^0,f,c
  6752   001F48  3233               	rrcf	??___fltol^0,f,c
  6753   001F4A                     u1870:
  6754   001F4A  2EE8               	decfsz	wreg,f,c
  6755   001F4C  EFA0  F00F         	goto	u1875
  6756   001F50  5033               	movf	??___fltol^0,w,c
  6757   001F52  6E37               	movwf	___fltol@sign1^0,c
  6758   001F54  8E31               	bsf	(___fltol@f1+2)^0,7,c
  6759   001F56  0EFF               	movlw	255
  6760   001F58  162F               	andwf	___fltol@f1^0,f,c
  6761   001F5A  0EFF               	movlw	255
  6762   001F5C  1630               	andwf	(___fltol@f1+1)^0,f,c
  6763   001F5E  0EFF               	movlw	255
  6764   001F60  1631               	andwf	(___fltol@f1+2)^0,f,c
  6765   001F62  0E00               	movlw	0
  6766   001F64  1632               	andwf	(___fltol@f1+3)^0,f,c
  6767   001F66  0E96               	movlw	150
  6768   001F68  5E38               	subwf	___fltol@exp1^0,f,c
  6769   001F6A  BE38               	btfsc	___fltol@exp1^0,7,c
  6770   001F6C  EFBC  F00F         	goto	u1880
  6771   001F70  EFBA  F00F         	goto	u1881
  6772   001F74                     u1881:
  6773   001F74  EFD2  F00F         	goto	l2891
  6774   001F78                     u1880:
  6775   001F78  5038               	movf	___fltol@exp1^0,w,c
  6776   001F7A  0A80               	xorlw	128
  6777   001F7C  0F97               	addlw	151
  6778   001F7E  B0D8               	btfsc	status,0,c
  6779   001F80  EFC4  F00F         	goto	u1891
  6780   001F84  EFC6  F00F         	goto	u1890
  6781   001F88                     u1891:
  6782   001F88  EFC8  F00F         	goto	l2887
  6783   001F8C                     u1890:
  6784   001F8C  EF8B  F00F         	goto	l2867
  6785   001F90                     l2887:
  6786   001F90  90D8               	bcf	status,0,c
  6787   001F92  3232               	rrcf	(___fltol@f1+3)^0,f,c
  6788   001F94  3231               	rrcf	(___fltol@f1+2)^0,f,c
  6789   001F96  3230               	rrcf	(___fltol@f1+1)^0,f,c
  6790   001F98  322F               	rrcf	___fltol@f1^0,f,c
  6791   001F9A  3E38               	incfsz	___fltol@exp1^0,f,c
  6792   001F9C  EFC8  F00F         	goto	l2887
  6793   001FA0  EFEA  F00F         	goto	l2901
  6794   001FA4                     l2891:
  6795   001FA4  0E1F               	movlw	31
  6796   001FA6  6438               	cpfsgt	___fltol@exp1^0,c
  6797   001FA8  EFD8  F00F         	goto	u1901
  6798   001FAC  EFDA  F00F         	goto	u1900
  6799   001FB0                     u1901:
  6800   001FB0  EFE2  F00F         	goto	l2899
  6801   001FB4                     u1900:
  6802   001FB4  EF8B  F00F         	goto	l2867
  6803   001FB8                     l2897:
  6804   001FB8  90D8               	bcf	status,0,c
  6805   001FBA  362F               	rlcf	___fltol@f1^0,f,c
  6806   001FBC  3630               	rlcf	(___fltol@f1+1)^0,f,c
  6807   001FBE  3631               	rlcf	(___fltol@f1+2)^0,f,c
  6808   001FC0  3632               	rlcf	(___fltol@f1+3)^0,f,c
  6809   001FC2  0638               	decf	___fltol@exp1^0,f,c
  6810   001FC4                     l2899:
  6811   001FC4  5038               	movf	___fltol@exp1^0,w,c
  6812   001FC6  A4D8               	btfss	status,2,c
  6813   001FC8  EFE8  F00F         	goto	u1911
  6814   001FCC  EFEA  F00F         	goto	u1910
  6815   001FD0                     u1911:
  6816   001FD0  EFDC  F00F         	goto	l2897
  6817   001FD4                     u1910:
  6818   001FD4                     l2901:
  6819   001FD4  5037               	movf	___fltol@sign1^0,w,c
  6820   001FD6  B4D8               	btfsc	status,2,c
  6821   001FD8  EFF0  F00F         	goto	u1921
  6822   001FDC  EFF2  F00F         	goto	u1920
  6823   001FE0                     u1921:
  6824   001FE0  EFFA  F00F         	goto	l2905
  6825   001FE4                     u1920:
  6826   001FE4  1E32               	comf	(___fltol@f1+3)^0,f,c
  6827   001FE6  1E31               	comf	(___fltol@f1+2)^0,f,c
  6828   001FE8  1E30               	comf	(___fltol@f1+1)^0,f,c
  6829   001FEA  6C2F               	negf	___fltol@f1^0,c
  6830   001FEC  0E00               	movlw	0
  6831   001FEE  2230               	addwfc	(___fltol@f1+1)^0,f,c
  6832   001FF0  2231               	addwfc	(___fltol@f1+2)^0,f,c
  6833   001FF2  2232               	addwfc	(___fltol@f1+3)^0,f,c
  6834   001FF4                     l2905:
  6835   001FF4  C02F  F02F         	movff	___fltol@f1,?___fltol
  6836   001FF8  C030  F030         	movff	___fltol@f1+1,?___fltol+1
  6837   001FFC  C031  F031         	movff	___fltol@f1+2,?___fltol+2
  6838   002000  C032  F032         	movff	___fltol@f1+3,?___fltol+3
  6839   002004                     l987:
  6840   002004  0012               	return		;funcret
  6841   002006                     __end_of___fltol:
  6842                           	callstack 0
  6843                           
  6844 ;; *************** function ___fldiv *****************
  6845 ;; Defined at:
  6846 ;;		line 11 in file "C:\Program Files\Microchip\xc8\v3.00\pic\sources\c99\common\sprcdiv.c"
  6847 ;; Parameters:    Size  Location     Type
  6848 ;;  b               4   21[COMRAM] long 
  6849 ;;  a               4   25[COMRAM] long 
  6850 ;; Auto vars:     Size  Location     Type
  6851 ;;  grs             4   40[COMRAM] unsigned long 
  6852 ;;  rem             4   33[COMRAM] unsigned long 
  6853 ;;  new_exp         2   38[COMRAM] short 
  6854 ;;  aexp            1   45[COMRAM] unsigned char 
  6855 ;;  bexp            1   44[COMRAM] unsigned char 
  6856 ;;  sign            1   37[COMRAM] unsigned char 
  6857 ;; Return value:  Size  Location     Type
  6858 ;;                  4   21[COMRAM] unsigned char 
  6859 ;; Registers used:
  6860 ;;		wreg, status,2, status,0
  6861 ;; Tracked objects:
  6862 ;;		On entry : 0/0
  6863 ;;		On exit  : 0/0
  6864 ;;		Unchanged: 0/0
  6865 ;; Data sizes:     COMRAM   BANK0   BANK1   BANK2   BANK3   BANK4   BANK5
  6866 ;;      Params:         8       0       0       0       0       0       0
  6867 ;;      Locals:        13       0       0       0       0       0       0
  6868 ;;      Temps:          4       0       0       0       0       0       0
  6869 ;;      Totals:        25       0       0       0       0       0       0
  6870 ;;Total ram usage:       25 bytes
  6871 ;; Hardware stack levels used: 1
  6872 ;; This function calls:
  6873 ;;		Nothing
  6874 ;; This function is called by:
  6875 ;;		_display_speed
  6876 ;; This function uses a non-reentrant model
  6877 ;;
  6878                           
  6879                           	psect	text10
  6880   0027D0                     __ptext10:
  6881                           	callstack 0
  6882   0027D0                     ___fldiv:
  6883                           	callstack 28
  6884   0027D0  5019               	movf	(___fldiv@b+3)^0,w,c
  6885   0027D2  0B80               	andlw	128
  6886   0027D4  6E26               	movwf	___fldiv@sign^0,c
  6887   0027D6  5019               	movf	(___fldiv@b+3)^0,w,c
  6888   0027D8  2419               	addwf	(___fldiv@b+3)^0,w,c
  6889   0027DA  6E2D               	movwf	___fldiv@bexp^0,c
  6890   0027DC  AE18               	btfss	(___fldiv@b+2)^0,7,c
  6891   0027DE  EFF3  F013         	goto	u1631
  6892   0027E2  EFF5  F013         	goto	u1630
  6893   0027E6                     u1631:
  6894   0027E6  EFF6  F013         	goto	l2735
  6895   0027EA                     u1630:
  6896   0027EA  802D               	bsf	___fldiv@bexp^0,0,c
  6897   0027EC                     l2735:
  6898   0027EC  502D               	movf	___fldiv@bexp^0,w,c
  6899   0027EE  B4D8               	btfsc	status,2,c
  6900   0027F0  EFFC  F013         	goto	u1641
  6901   0027F4  EFFE  F013         	goto	u1640
  6902   0027F8                     u1641:
  6903   0027F8  EF12  F014         	goto	l2745
  6904   0027FC                     u1640:
  6905   0027FC  282D               	incf	___fldiv@bexp^0,w,c
  6906   0027FE  A4D8               	btfss	status,2,c
  6907   002800  EF04  F014         	goto	u1651
  6908   002804  EF06  F014         	goto	u1650
  6909   002808                     u1651:
  6910   002808  EF0E  F014         	goto	l2741
  6911   00280C                     u1650:
  6912   00280C  0E00               	movlw	0
  6913   00280E  6E16               	movwf	___fldiv@b^0,c
  6914   002810  0E00               	movlw	0
  6915   002812  6E17               	movwf	(___fldiv@b+1)^0,c
  6916   002814  0E00               	movlw	0
  6917   002816  6E18               	movwf	(___fldiv@b+2)^0,c
  6918   002818  0E00               	movlw	0
  6919   00281A  6E19               	movwf	(___fldiv@b+3)^0,c
  6920   00281C                     l2741:
  6921   00281C  8E18               	bsf	(___fldiv@b+2)^0,7,c
  6922   00281E  6A19               	clrf	(___fldiv@b+3)^0,c
  6923   002820  EF1A  F014         	goto	l2747
  6924   002824                     l2745:
  6925   002824  0E00               	movlw	0
  6926   002826  6E16               	movwf	___fldiv@b^0,c
  6927   002828  0E00               	movlw	0
  6928   00282A  6E17               	movwf	(___fldiv@b+1)^0,c
  6929   00282C  0E00               	movlw	0
  6930   00282E  6E18               	movwf	(___fldiv@b+2)^0,c
  6931   002830  0E00               	movlw	0
  6932   002832  6E19               	movwf	(___fldiv@b+3)^0,c
  6933   002834                     l2747:
  6934   002834  501D               	movf	(___fldiv@a+3)^0,w,c
  6935   002836  0B80               	andlw	128
  6936   002838  1A26               	xorwf	___fldiv@sign^0,f,c
  6937   00283A  501D               	movf	(___fldiv@a+3)^0,w,c
  6938   00283C  241D               	addwf	(___fldiv@a+3)^0,w,c
  6939   00283E  6E2E               	movwf	___fldiv@aexp^0,c
  6940   002840  AE1C               	btfss	(___fldiv@a+2)^0,7,c
  6941   002842  EF25  F014         	goto	u1661
  6942   002846  EF27  F014         	goto	u1660
  6943   00284A                     u1661:
  6944   00284A  EF28  F014         	goto	l2755
  6945   00284E                     u1660:
  6946   00284E  802E               	bsf	___fldiv@aexp^0,0,c
  6947   002850                     l2755:
  6948   002850  502E               	movf	___fldiv@aexp^0,w,c
  6949   002852  B4D8               	btfsc	status,2,c
  6950   002854  EF2E  F014         	goto	u1671
  6951   002858  EF30  F014         	goto	u1670
  6952   00285C                     u1671:
  6953   00285C  EF44  F014         	goto	l2765
  6954   002860                     u1670:
  6955   002860  282E               	incf	___fldiv@aexp^0,w,c
  6956   002862  A4D8               	btfss	status,2,c
  6957   002864  EF36  F014         	goto	u1681
  6958   002868  EF38  F014         	goto	u1680
  6959   00286C                     u1681:
  6960   00286C  EF40  F014         	goto	l2761
  6961   002870                     u1680:
  6962   002870  0E00               	movlw	0
  6963   002872  6E1A               	movwf	___fldiv@a^0,c
  6964   002874  0E00               	movlw	0
  6965   002876  6E1B               	movwf	(___fldiv@a+1)^0,c
  6966   002878  0E00               	movlw	0
  6967   00287A  6E1C               	movwf	(___fldiv@a+2)^0,c
  6968   00287C  0E00               	movlw	0
  6969   00287E  6E1D               	movwf	(___fldiv@a+3)^0,c
  6970   002880                     l2761:
  6971   002880  8E1C               	bsf	(___fldiv@a+2)^0,7,c
  6972   002882  6A1D               	clrf	(___fldiv@a+3)^0,c
  6973   002884  EF4C  F014         	goto	l2767
  6974   002888                     l2765:
  6975   002888  0E00               	movlw	0
  6976   00288A  6E1A               	movwf	___fldiv@a^0,c
  6977   00288C  0E00               	movlw	0
  6978   00288E  6E1B               	movwf	(___fldiv@a+1)^0,c
  6979   002890  0E00               	movlw	0
  6980   002892  6E1C               	movwf	(___fldiv@a+2)^0,c
  6981   002894  0E00               	movlw	0
  6982   002896  6E1D               	movwf	(___fldiv@a+3)^0,c
  6983   002898                     l2767:
  6984   002898  501A               	movf	___fldiv@a^0,w,c
  6985   00289A  101B               	iorwf	(___fldiv@a+1)^0,w,c
  6986   00289C  101C               	iorwf	(___fldiv@a+2)^0,w,c
  6987   00289E  101D               	iorwf	(___fldiv@a+3)^0,w,c
  6988   0028A0  A4D8               	btfss	status,2,c
  6989   0028A2  EF55  F014         	goto	u1691
  6990   0028A6  EF57  F014         	goto	u1690
  6991   0028AA                     u1691:
  6992   0028AA  EF6F  F014         	goto	l2779
  6993   0028AE                     u1690:
  6994   0028AE  0E00               	movlw	0
  6995   0028B0  6E16               	movwf	___fldiv@b^0,c
  6996   0028B2  0E00               	movlw	0
  6997   0028B4  6E17               	movwf	(___fldiv@b+1)^0,c
  6998   0028B6  0E00               	movlw	0
  6999   0028B8  6E18               	movwf	(___fldiv@b+2)^0,c
  7000   0028BA  0E00               	movlw	0
  7001   0028BC  6E19               	movwf	(___fldiv@b+3)^0,c
  7002   0028BE  0E80               	movlw	128
  7003   0028C0  1218               	iorwf	(___fldiv@b+2)^0,f,c
  7004   0028C2  0E7F               	movlw	127
  7005   0028C4  1219               	iorwf	(___fldiv@b+3)^0,f,c
  7006   0028C6                     l2773:
  7007   0028C6  5026               	movf	___fldiv@sign^0,w,c
  7008   0028C8  1219               	iorwf	(___fldiv@b+3)^0,f,c
  7009   0028CA  C016  F016         	movff	___fldiv@b,?___fldiv
  7010   0028CE  C017  F017         	movff	___fldiv@b+1,?___fldiv+1
  7011   0028D2  C018  F018         	movff	___fldiv@b+2,?___fldiv+2
  7012   0028D6  C019  F019         	movff	___fldiv@b+3,?___fldiv+3
  7013   0028DA  EFAF  F015         	goto	l1272
  7014   0028DE                     l2779:
  7015   0028DE  502D               	movf	___fldiv@bexp^0,w,c
  7016   0028E0  A4D8               	btfss	status,2,c
  7017   0028E2  EF75  F014         	goto	u1701
  7018   0028E6  EF77  F014         	goto	u1700
  7019   0028EA                     u1701:
  7020   0028EA  EF81  F014         	goto	l2787
  7021   0028EE                     u1700:
  7022   0028EE  0E00               	movlw	0
  7023   0028F0  6E16               	movwf	?___fldiv^0,c
  7024   0028F2  0E00               	movlw	0
  7025   0028F4  6E17               	movwf	(?___fldiv+1)^0,c
  7026   0028F6  0E00               	movlw	0
  7027   0028F8  6E18               	movwf	(?___fldiv+2)^0,c
  7028   0028FA  0E00               	movlw	0
  7029   0028FC  6E19               	movwf	(?___fldiv+3)^0,c
  7030   0028FE  EFAF  F015         	goto	l1272
  7031   002902                     l2787:
  7032   002902  502E               	movf	___fldiv@aexp^0,w,c
  7033   002904  C02D  F01E         	movff	___fldiv@bexp,??___fldiv
  7034   002908  6A1F               	clrf	(??___fldiv+1)^0,c
  7035   00290A  5E1E               	subwf	??___fldiv^0,f,c
  7036   00290C  0E00               	movlw	0
  7037   00290E  5A1F               	subwfb	(??___fldiv+1)^0,f,c
  7038   002910  0E7F               	movlw	127
  7039   002912  241E               	addwf	??___fldiv^0,w,c
  7040   002914  6E27               	movwf	___fldiv@new_exp^0,c
  7041   002916  0E00               	movlw	0
  7042   002918  201F               	addwfc	(??___fldiv+1)^0,w,c
  7043   00291A  6E28               	movwf	(___fldiv@new_exp+1)^0,c
  7044   00291C  C016  F022         	movff	___fldiv@b,___fldiv@rem
  7045   002920  C017  F023         	movff	___fldiv@b+1,___fldiv@rem+1
  7046   002924  C018  F024         	movff	___fldiv@b+2,___fldiv@rem+2
  7047   002928  C019  F025         	movff	___fldiv@b+3,___fldiv@rem+3
  7048   00292C  0E00               	movlw	0
  7049   00292E  6E16               	movwf	___fldiv@b^0,c
  7050   002930  0E00               	movlw	0
  7051   002932  6E17               	movwf	(___fldiv@b+1)^0,c
  7052   002934  0E00               	movlw	0
  7053   002936  6E18               	movwf	(___fldiv@b+2)^0,c
  7054   002938  0E00               	movlw	0
  7055   00293A  6E19               	movwf	(___fldiv@b+3)^0,c
  7056   00293C  0E00               	movlw	0
  7057   00293E  6E29               	movwf	___fldiv@grs^0,c
  7058   002940  0E00               	movlw	0
  7059   002942  6E2A               	movwf	(___fldiv@grs+1)^0,c
  7060   002944  0E00               	movlw	0
  7061   002946  6E2B               	movwf	(___fldiv@grs+2)^0,c
  7062   002948  0E00               	movlw	0
  7063   00294A  6E2C               	movwf	(___fldiv@grs+3)^0,c
  7064   00294C  6A2E               	clrf	___fldiv@aexp^0,c
  7065   00294E  EFE1  F014         	goto	l1274
  7066   002952                     l2797:
  7067   002952  502E               	movf	___fldiv@aexp^0,w,c
  7068   002954  B4D8               	btfsc	status,2,c
  7069   002956  EFAF  F014         	goto	u1711
  7070   00295A  EFB1  F014         	goto	u1710
  7071   00295E                     u1711:
  7072   00295E  EFC8  F014         	goto	l2805
  7073   002962                     u1710:
  7074   002962  90D8               	bcf	status,0,c
  7075   002964  3622               	rlcf	___fldiv@rem^0,f,c
  7076   002966  3623               	rlcf	(___fldiv@rem+1)^0,f,c
  7077   002968  3624               	rlcf	(___fldiv@rem+2)^0,f,c
  7078   00296A  3625               	rlcf	(___fldiv@rem+3)^0,f,c
  7079   00296C  90D8               	bcf	status,0,c
  7080   00296E  3616               	rlcf	___fldiv@b^0,f,c
  7081   002970  3617               	rlcf	(___fldiv@b+1)^0,f,c
  7082   002972  3618               	rlcf	(___fldiv@b+2)^0,f,c
  7083   002974  3619               	rlcf	(___fldiv@b+3)^0,f,c
  7084   002976  AE2C               	btfss	(___fldiv@grs+3)^0,7,c
  7085   002978  EFC0  F014         	goto	u1721
  7086   00297C  EFC2  F014         	goto	u1720
  7087   002980                     u1721:
  7088   002980  EFC3  F014         	goto	l1277
  7089   002984                     u1720:
  7090   002984  8016               	bsf	___fldiv@b^0,0,c
  7091   002986                     l1277:
  7092   002986  90D8               	bcf	status,0,c
  7093   002988  3629               	rlcf	___fldiv@grs^0,f,c
  7094   00298A  362A               	rlcf	(___fldiv@grs+1)^0,f,c
  7095   00298C  362B               	rlcf	(___fldiv@grs+2)^0,f,c
  7096   00298E  362C               	rlcf	(___fldiv@grs+3)^0,f,c
  7097   002990                     l2805:
  7098   002990  501A               	movf	___fldiv@a^0,w,c
  7099   002992  5C22               	subwf	___fldiv@rem^0,w,c
  7100   002994  501B               	movf	(___fldiv@a+1)^0,w,c
  7101   002996  5823               	subwfb	(___fldiv@rem+1)^0,w,c
  7102   002998  501C               	movf	(___fldiv@a+2)^0,w,c
  7103   00299A  5824               	subwfb	(___fldiv@rem+2)^0,w,c
  7104   00299C  501D               	movf	(___fldiv@a+3)^0,w,c
  7105   00299E  5825               	subwfb	(___fldiv@rem+3)^0,w,c
  7106   0029A0  A0D8               	btfss	status,0,c
  7107   0029A2  EFD5  F014         	goto	u1731
  7108   0029A6  EFD7  F014         	goto	u1730
  7109   0029AA                     u1731:
  7110   0029AA  EFE0  F014         	goto	l2811
  7111   0029AE                     u1730:
  7112   0029AE  8C2C               	bsf	(___fldiv@grs+3)^0,6,c
  7113   0029B0  501A               	movf	___fldiv@a^0,w,c
  7114   0029B2  5E22               	subwf	___fldiv@rem^0,f,c
  7115   0029B4  501B               	movf	(___fldiv@a+1)^0,w,c
  7116   0029B6  5A23               	subwfb	(___fldiv@rem+1)^0,f,c
  7117   0029B8  501C               	movf	(___fldiv@a+2)^0,w,c
  7118   0029BA  5A24               	subwfb	(___fldiv@rem+2)^0,f,c
  7119   0029BC  501D               	movf	(___fldiv@a+3)^0,w,c
  7120   0029BE  5A25               	subwfb	(___fldiv@rem+3)^0,f,c
  7121   0029C0                     l2811:
  7122   0029C0  2A2E               	incf	___fldiv@aexp^0,f,c
  7123   0029C2                     l1274:
  7124   0029C2  0E19               	movlw	25
  7125   0029C4  642E               	cpfsgt	___fldiv@aexp^0,c
  7126   0029C6  EFE7  F014         	goto	u1741
  7127   0029CA  EFE9  F014         	goto	u1740
  7128   0029CE                     u1741:
  7129   0029CE  EFA9  F014         	goto	l2797
  7130   0029D2                     u1740:
  7131   0029D2  5022               	movf	___fldiv@rem^0,w,c
  7132   0029D4  1023               	iorwf	(___fldiv@rem+1)^0,w,c
  7133   0029D6  1024               	iorwf	(___fldiv@rem+2)^0,w,c
  7134   0029D8  1025               	iorwf	(___fldiv@rem+3)^0,w,c
  7135   0029DA  B4D8               	btfsc	status,2,c
  7136   0029DC  EFF2  F014         	goto	u1751
  7137   0029E0  EFF4  F014         	goto	u1750
  7138   0029E4                     u1751:
  7139   0029E4  EF0C  F015         	goto	l2823
  7140   0029E8                     u1750:
  7141   0029E8  8029               	bsf	___fldiv@grs^0,0,c
  7142   0029EA  EF0C  F015         	goto	l2823
  7143   0029EE                     l2817:
  7144   0029EE  90D8               	bcf	status,0,c
  7145   0029F0  3616               	rlcf	___fldiv@b^0,f,c
  7146   0029F2  3617               	rlcf	(___fldiv@b+1)^0,f,c
  7147   0029F4  3618               	rlcf	(___fldiv@b+2)^0,f,c
  7148   0029F6  3619               	rlcf	(___fldiv@b+3)^0,f,c
  7149   0029F8  AE2C               	btfss	(___fldiv@grs+3)^0,7,c
  7150   0029FA  EF01  F015         	goto	u1761
  7151   0029FE  EF03  F015         	goto	u1760
  7152   002A02                     u1761:
  7153   002A02  EF04  F015         	goto	l1283
  7154   002A06                     u1760:
  7155   002A06  8016               	bsf	___fldiv@b^0,0,c
  7156   002A08                     l1283:
  7157   002A08  90D8               	bcf	status,0,c
  7158   002A0A  3629               	rlcf	___fldiv@grs^0,f,c
  7159   002A0C  362A               	rlcf	(___fldiv@grs+1)^0,f,c
  7160   002A0E  362B               	rlcf	(___fldiv@grs+2)^0,f,c
  7161   002A10  362C               	rlcf	(___fldiv@grs+3)^0,f,c
  7162   002A12  0627               	decf	___fldiv@new_exp^0,f,c
  7163   002A14  A0D8               	btfss	status,0,c
  7164   002A16  0628               	decf	(___fldiv@new_exp+1)^0,f,c
  7165   002A18                     l2823:
  7166   002A18  AE18               	btfss	(___fldiv@b+2)^0,7,c
  7167   002A1A  EF11  F015         	goto	u1771
  7168   002A1E  EF13  F015         	goto	u1770
  7169   002A22                     u1771:
  7170   002A22  EFF7  F014         	goto	l2817
  7171   002A26                     u1770:
  7172   002A26  6A2E               	clrf	___fldiv@aexp^0,c
  7173   002A28  AE2C               	btfss	(___fldiv@grs+3)^0,7,c
  7174   002A2A  EF19  F015         	goto	u1781
  7175   002A2E  EF1B  F015         	goto	u1780
  7176   002A32                     u1781:
  7177   002A32  EF3F  F015         	goto	l1285
  7178   002A36                     u1780:
  7179   002A36  0EFF               	movlw	255
  7180   002A38  1429               	andwf	___fldiv@grs^0,w,c
  7181   002A3A  6E1E               	movwf	??___fldiv^0,c
  7182   002A3C  0EFF               	movlw	255
  7183   002A3E  142A               	andwf	(___fldiv@grs+1)^0,w,c
  7184   002A40  6E1F               	movwf	(??___fldiv+1)^0,c
  7185   002A42  0EFF               	movlw	255
  7186   002A44  142B               	andwf	(___fldiv@grs+2)^0,w,c
  7187   002A46  6E20               	movwf	(??___fldiv+2)^0,c
  7188   002A48  0E7F               	movlw	127
  7189   002A4A  142C               	andwf	(___fldiv@grs+3)^0,w,c
  7190   002A4C  6E21               	movwf	(??___fldiv+3)^0,c
  7191   002A4E  501E               	movf	??___fldiv^0,w,c
  7192   002A50  101F               	iorwf	(??___fldiv+1)^0,w,c
  7193   002A52  1020               	iorwf	(??___fldiv+2)^0,w,c
  7194   002A54  1021               	iorwf	(??___fldiv+3)^0,w,c
  7195   002A56  B4D8               	btfsc	status,2,c
  7196   002A58  EF30  F015         	goto	u1791
  7197   002A5C  EF32  F015         	goto	u1790
  7198   002A60                     u1791:
  7199   002A60  EF36  F015         	goto	l1286
  7200   002A64                     u1790:
  7201   002A64                     l2827:
  7202   002A64  0E01               	movlw	1
  7203   002A66  6E2E               	movwf	___fldiv@aexp^0,c
  7204   002A68  EF3F  F015         	goto	l1285
  7205   002A6C                     l1286:
  7206   002A6C  A016               	btfss	___fldiv@b^0,0,c
  7207   002A6E  EF3B  F015         	goto	u1801
  7208   002A72  EF3D  F015         	goto	u1800
  7209   002A76                     u1801:
  7210   002A76  EF3F  F015         	goto	l1285
  7211   002A7A                     u1800:
  7212   002A7A  EF32  F015         	goto	l2827
  7213   002A7E                     l1285:
  7214   002A7E  502E               	movf	___fldiv@aexp^0,w,c
  7215   002A80  B4D8               	btfsc	status,2,c
  7216   002A82  EF45  F015         	goto	u1811
  7217   002A86  EF47  F015         	goto	u1810
  7218   002A8A                     u1811:
  7219   002A8A  EF6B  F015         	goto	l2839
  7220   002A8E                     u1810:
  7221   002A8E  0E01               	movlw	1
  7222   002A90  2616               	addwf	___fldiv@b^0,f,c
  7223   002A92  0E00               	movlw	0
  7224   002A94  2217               	addwfc	(___fldiv@b+1)^0,f,c
  7225   002A96  2218               	addwfc	(___fldiv@b+2)^0,f,c
  7226   002A98  2219               	addwfc	(___fldiv@b+3)^0,f,c
  7227   002A9A  A019               	btfss	(___fldiv@b+3)^0,0,c
  7228   002A9C  EF52  F015         	goto	u1821
  7229   002AA0  EF54  F015         	goto	u1820
  7230   002AA4                     u1821:
  7231   002AA4  EF6B  F015         	goto	l2839
  7232   002AA8                     u1820:
  7233   002AA8  C016  F01E         	movff	___fldiv@b,??___fldiv
  7234   002AAC  C017  F01F         	movff	___fldiv@b+1,??___fldiv+1
  7235   002AB0  C018  F020         	movff	___fldiv@b+2,??___fldiv+2
  7236   002AB4  C019  F021         	movff	___fldiv@b+3,??___fldiv+3
  7237   002AB8  3421               	rlcf	(??___fldiv+3)^0,w,c
  7238   002ABA  3221               	rrcf	(??___fldiv+3)^0,f,c
  7239   002ABC  3220               	rrcf	(??___fldiv+2)^0,f,c
  7240   002ABE  321F               	rrcf	(??___fldiv+1)^0,f,c
  7241   002AC0  321E               	rrcf	??___fldiv^0,f,c
  7242   002AC2  C01E  F016         	movff	??___fldiv,___fldiv@b
  7243   002AC6  C01F  F017         	movff	??___fldiv+1,___fldiv@b+1
  7244   002ACA  C020  F018         	movff	??___fldiv+2,___fldiv@b+2
  7245   002ACE  C021  F019         	movff	??___fldiv+3,___fldiv@b+3
  7246   002AD2  4A27               	infsnz	___fldiv@new_exp^0,f,c
  7247   002AD4  2A28               	incf	(___fldiv@new_exp+1)^0,f,c
  7248   002AD6                     l2839:
  7249   002AD6  BE28               	btfsc	(___fldiv@new_exp+1)^0,7,c
  7250   002AD8  EF76  F015         	goto	u1831
  7251   002ADC  5028               	movf	(___fldiv@new_exp+1)^0,w,c
  7252   002ADE  E108               	bnz	u1830
  7253   002AE0  2827               	incf	___fldiv@new_exp^0,w,c
  7254   002AE2  A0D8               	btfss	status,0,c
  7255   002AE4  EF76  F015         	goto	u1831
  7256   002AE8  EF78  F015         	goto	u1830
  7257   002AEC                     u1831:
  7258   002AEC  EF83  F015         	goto	l2843
  7259   002AF0                     u1830:
  7260   002AF0  0E00               	movlw	0
  7261   002AF2  6E28               	movwf	(___fldiv@new_exp+1)^0,c
  7262   002AF4  6827               	setf	___fldiv@new_exp^0,c
  7263   002AF6  0E00               	movlw	0
  7264   002AF8  6E16               	movwf	___fldiv@b^0,c
  7265   002AFA  0E00               	movlw	0
  7266   002AFC  6E17               	movwf	(___fldiv@b+1)^0,c
  7267   002AFE  0E00               	movlw	0
  7268   002B00  6E18               	movwf	(___fldiv@b+2)^0,c
  7269   002B02  0E00               	movlw	0
  7270   002B04  6E19               	movwf	(___fldiv@b+3)^0,c
  7271   002B06                     l2843:
  7272   002B06  BE28               	btfsc	(___fldiv@new_exp+1)^0,7,c
  7273   002B08  EF90  F015         	goto	u1840
  7274   002B0C  5028               	movf	(___fldiv@new_exp+1)^0,w,c
  7275   002B0E  E106               	bnz	u1841
  7276   002B10  0427               	decf	___fldiv@new_exp^0,w,c
  7277   002B12  B0D8               	btfsc	status,0,c
  7278   002B14  EF8E  F015         	goto	u1841
  7279   002B18  EF90  F015         	goto	u1840
  7280   002B1C                     u1841:
  7281   002B1C  EF9D  F015         	goto	l2849
  7282   002B20                     u1840:
  7283   002B20  0E00               	movlw	0
  7284   002B22  6E28               	movwf	(___fldiv@new_exp+1)^0,c
  7285   002B24  0E00               	movlw	0
  7286   002B26  6E27               	movwf	___fldiv@new_exp^0,c
  7287   002B28  0E00               	movlw	0
  7288   002B2A  6E16               	movwf	___fldiv@b^0,c
  7289   002B2C  0E00               	movlw	0
  7290   002B2E  6E17               	movwf	(___fldiv@b+1)^0,c
  7291   002B30  0E00               	movlw	0
  7292   002B32  6E18               	movwf	(___fldiv@b+2)^0,c
  7293   002B34  0E00               	movlw	0
  7294   002B36  6E19               	movwf	(___fldiv@b+3)^0,c
  7295   002B38  6A26               	clrf	___fldiv@sign^0,c
  7296   002B3A                     l2849:
  7297   002B3A  C027  F02D         	movff	___fldiv@new_exp,___fldiv@bexp
  7298   002B3E  A02D               	btfss	___fldiv@bexp^0,0,c
  7299   002B40  EFA4  F015         	goto	u1851
  7300   002B44  EFA6  F015         	goto	u1850
  7301   002B48                     u1851:
  7302   002B48  EFA9  F015         	goto	l2855
  7303   002B4C                     u1850:
  7304   002B4C  8E18               	bsf	(___fldiv@b+2)^0,7,c
  7305   002B4E  EFAA  F015         	goto	l2857
  7306   002B52                     l2855:
  7307   002B52  9E18               	bcf	(___fldiv@b+2)^0,7,c
  7308   002B54                     l2857:
  7309   002B54  90D8               	bcf	status,0,c
  7310   002B56  302D               	rrcf	___fldiv@bexp^0,w,c
  7311   002B58  6E19               	movwf	(___fldiv@b+3)^0,c
  7312   002B5A  EF63  F014         	goto	l2773
  7313   002B5E                     l1272:
  7314   002B5E  0012               	return		;funcret
  7315   002B60                     __end_of___fldiv:
  7316                           	callstack 0
  7317                           
  7318 ;; *************** function _display_gear_shifting *****************
  7319 ;; Defined at:
  7320 ;;		line 41 in file "dashboard.c"
  7321 ;; Parameters:    Size  Location     Type
  7322 ;;		None
  7323 ;; Auto vars:     Size  Location     Type
  7324 ;;		None
  7325 ;; Return value:  Size  Location     Type
  7326 ;;                  1    wreg      void 
  7327 ;; Registers used:
  7328 ;;		wreg, fsr0l, fsr0h, fsr2l, fsr2h, status,2, status,0, tblptrl, tblptrh, tblptru, prodl, prodh, cstack
  7329 ;; Tracked objects:
  7330 ;;		On entry : 0/0
  7331 ;;		On exit  : 0/0
  7332 ;;		Unchanged: 0/0
  7333 ;; Data sizes:     COMRAM   BANK0   BANK1   BANK2   BANK3   BANK4   BANK5
  7334 ;;      Params:         0       0       0       0       0       0       0
  7335 ;;      Locals:         0       0       0       0       0       0       0
  7336 ;;      Temps:          0       0       0       0       0       0       0
  7337 ;;      Totals:         0       0       0       0       0       0       0
  7338 ;;Total ram usage:        0 bytes
  7339 ;; Hardware stack levels used: 1
  7340 ;; Hardware stack levels required when called: 4
  7341 ;; This function calls:
  7342 ;;		_clcd_print
  7343 ;;		_event_store
  7344 ;; This function is called by:
  7345 ;;		_view_dashboard
  7346 ;; This function uses a non-reentrant model
  7347 ;;
  7348                           
  7349                           	psect	text11
  7350   001C1A                     __ptext11:
  7351                           	callstack 0
  7352   001C1A                     _display_gear_shifting:
  7353                           	callstack 25
  7354   001C1A                     
  7355                           ;dashboard.c: 43:     if(key == 1)
  7356   001C1A  044A               	decf	_key^0,w,c
  7357   001C1C  A4D8               	btfss	status,2,c
  7358   001C1E  EF13  F00E         	goto	u2151
  7359   001C22  EF15  F00E         	goto	u2150
  7360   001C26                     u2151:
  7361   001C26  EF29  F00E         	goto	l3097
  7362   001C2A                     u2150:
  7363   001C2A                     
  7364                           ;dashboard.c: 44:     {;dashboard.c: 46:         if(pos < 7)
  7365   001C2A  BE45               	btfsc	(_pos+1)^0,7,c
  7366   001C2C  EF23  F00E         	goto	u2160
  7367   001C30  5045               	movf	(_pos+1)^0,w,c
  7368   001C32  E107               	bnz	u2161
  7369   001C34  0E07               	movlw	7
  7370   001C36  5C44               	subwf	_pos^0,w,c
  7371   001C38  B0D8               	btfsc	status,0,c
  7372   001C3A  EF21  F00E         	goto	u2161
  7373   001C3E  EF23  F00E         	goto	u2160
  7374   001C42                     u2161:
  7375   001C42  EF25  F00E         	goto	l3095
  7376   001C46                     u2160:
  7377   001C46                     
  7378                           ;dashboard.c: 47:           pos++;
  7379   001C46  4A44               	infsnz	_pos^0,f,c
  7380   001C48  2A45               	incf	(_pos+1)^0,f,c
  7381   001C4A                     l3095:
  7382                           
  7383                           ;dashboard.c: 49:         event_store();
  7384   001C4A  EC15  F011         	call	_event_store	;wreg free
  7385                           
  7386                           ;dashboard.c: 51:     }
  7387   001C4E  EF54  F00E         	goto	l3111
  7388   001C52                     l3097:
  7389   001C52  0E02               	movlw	2
  7390   001C54  184A               	xorwf	_key^0,w,c
  7391   001C56  A4D8               	btfss	status,2,c
  7392   001C58  EF30  F00E         	goto	u2171
  7393   001C5C  EF32  F00E         	goto	u2170
  7394   001C60                     u2171:
  7395   001C60  EF45  F00E         	goto	l3105
  7396   001C64                     u2170:
  7397   001C64                     
  7398                           ;dashboard.c: 53:     {;dashboard.c: 55:         if(pos > 1)
  7399   001C64  BE45               	btfsc	(_pos+1)^0,7,c
  7400   001C66  EF3E  F00E         	goto	u2181
  7401   001C6A  5045               	movf	(_pos+1)^0,w,c
  7402   001C6C  E109               	bnz	u2180
  7403   001C6E  0E02               	movlw	2
  7404   001C70  5C44               	subwf	_pos^0,w,c
  7405   001C72  A0D8               	btfss	status,0,c
  7406   001C74  EF3E  F00E         	goto	u2181
  7407   001C78  EF40  F00E         	goto	u2180
  7408   001C7C                     u2181:
  7409   001C7C  EF25  F00E         	goto	l3095
  7410   001C80                     u2180:
  7411   001C80                     
  7412                           ;dashboard.c: 56:             pos--;
  7413   001C80  0644               	decf	_pos^0,f,c
  7414   001C82  A0D8               	btfss	status,0,c
  7415   001C84  0645               	decf	(_pos+1)^0,f,c
  7416   001C86  EF25  F00E         	goto	l3095
  7417   001C8A                     l3105:
  7418   001C8A  0E03               	movlw	3
  7419   001C8C  184A               	xorwf	_key^0,w,c
  7420   001C8E  A4D8               	btfss	status,2,c
  7421   001C90  EF4C  F00E         	goto	u2191
  7422   001C94  EF4E  F00E         	goto	u2190
  7423   001C98                     u2191:
  7424   001C98  EF54  F00E         	goto	l3111
  7425   001C9C                     u2190:
  7426   001C9C                     
  7427                           ;dashboard.c: 61:     {;dashboard.c: 63:         pos = 8;
  7428   001C9C  0E00               	movlw	0
  7429   001C9E  6E45               	movwf	(_pos+1)^0,c
  7430   001CA0  0E08               	movlw	8
  7431   001CA2  6E44               	movwf	_pos^0,c
  7432   001CA4  EF25  F00E         	goto	l3095
  7433   001CA8                     l3111:
  7434                           
  7435                           ;dashboard.c: 66:     clcd_print(events[pos], (0xC0 + (9)));
  7436   001CA8  5044               	movf	_pos^0,w,c
  7437   001CAA  0D02               	mullw	2
  7438   001CAC  50F3               	movf	243,w,c
  7439   001CAE  0F60               	addlw	low _events
  7440   001CB0  6ED9               	movwf	fsr2l,c
  7441   001CB2  6ADA               	clrf	fsr2h,c
  7442   001CB4  CFDE F003          	movff	postinc2,clcd_print@data
  7443   001CB8  CFDD F004          	movff	postdec2,clcd_print@data+1
  7444   001CBC  0EC9               	movlw	201
  7445   001CBE  6E05               	movwf	clcd_print@addr^0,c
  7446   001CC0  EC2A  F00C         	call	_clcd_print	;wreg free
  7447   001CC4  0012               	return		;funcret
  7448   001CC6                     __end_of_display_gear_shifting:
  7449                           	callstack 0
  7450                           
  7451 ;; *************** function _event_store *****************
  7452 ;; Defined at:
  7453 ;;		line 69 in file "dashboard.c"
  7454 ;; Parameters:    Size  Location     Type
  7455 ;;		None
  7456 ;; Auto vars:     Size  Location     Type
  7457 ;;  i               2    6[COMRAM] int 
  7458 ;;  ind             2    0        int 
  7459 ;; Return value:  Size  Location     Type
  7460 ;;                  1    wreg      void 
  7461 ;; Registers used:
  7462 ;;		wreg, fsr2l, fsr2h, status,2, status,0, tblptrl, tblptrh, tblptru, prodl, prodh, cstack
  7463 ;; Tracked objects:
  7464 ;;		On entry : 0/0
  7465 ;;		On exit  : 0/0
  7466 ;;		Unchanged: 0/0
  7467 ;; Data sizes:     COMRAM   BANK0   BANK1   BANK2   BANK3   BANK4   BANK5
  7468 ;;      Params:         0       0       0       0       0       0       0
  7469 ;;      Locals:         2       0       0       0       0       0       0
  7470 ;;      Temps:          2       0       0       0       0       0       0
  7471 ;;      Totals:         4       0       0       0       0       0       0
  7472 ;;Total ram usage:        4 bytes
  7473 ;; Hardware stack levels used: 1
  7474 ;; Hardware stack levels required when called: 3
  7475 ;; This function calls:
  7476 ;;		_write_external_eeprom
  7477 ;; This function is called by:
  7478 ;;		_display_gear_shifting
  7479 ;; This function uses a non-reentrant model
  7480 ;;
  7481                           
  7482                           	psect	text12
  7483   00222A                     __ptext12:
  7484                           	callstack 0
  7485   00222A                     _event_store:
  7486                           	callstack 25
  7487   00222A                     
  7488                           ;dashboard.c: 73:     for( i = 0; i < 8; i++)
  7489   00222A  0E00               	movlw	0
  7490   00222C  6E08               	movwf	(event_store@i+1)^0,c
  7491   00222E  0E00               	movlw	0
  7492   002230  6E07               	movwf	event_store@i^0,c
  7493   002232                     l2577:
  7494                           
  7495                           ;dashboard.c: 74:         write_external_eeprom(addr++, time[i]);
  7496   002232  5007               	movf	event_store@i^0,w,c
  7497   002234  0F4B               	addlw	low _time
  7498   002236  6ED9               	movwf	fsr2l,c
  7499   002238  6ADA               	clrf	fsr2h,c
  7500   00223A  50DF               	movf	indf2,w,c
  7501   00223C  6E02               	movwf	write_external_eeprom@data^0,c
  7502   00223E  5040               	movf	event_store@addr^0,w,c
  7503   002240  ECF6  F00A         	call	_write_external_eeprom
  7504   002244  4A40               	infsnz	event_store@addr^0,f,c
  7505   002246  2A41               	incf	(event_store@addr+1)^0,f,c
  7506   002248  4A07               	infsnz	event_store@i^0,f,c
  7507   00224A  2A08               	incf	(event_store@i+1)^0,f,c
  7508   00224C  BE08               	btfsc	(event_store@i+1)^0,7,c
  7509   00224E  EF32  F011         	goto	u1461
  7510   002252  5008               	movf	(event_store@i+1)^0,w,c
  7511   002254  E109               	bnz	u1460
  7512   002256  0E08               	movlw	8
  7513   002258  5C07               	subwf	event_store@i^0,w,c
  7514   00225A  A0D8               	btfss	status,0,c
  7515   00225C  EF32  F011         	goto	u1461
  7516   002260  EF34  F011         	goto	u1460
  7517   002264                     u1461:
  7518   002264  EF19  F011         	goto	l2577
  7519   002268                     u1460:
  7520   002268                     
  7521                           ;dashboard.c: 76:     write_external_eeprom(addr++, events[pos][0]);
  7522   002268  5044               	movf	_pos^0,w,c
  7523   00226A  0D02               	mullw	2
  7524   00226C  50F3               	movf	243,w,c
  7525   00226E  0F60               	addlw	low _events
  7526   002270  6ED9               	movwf	fsr2l,c
  7527   002272  6ADA               	clrf	fsr2h,c
  7528   002274  CFDE FFF6          	movff	postinc2,tblptrl
  7529   002278  CFDD FFF7          	movff	postdec2,tblptrh
  7530   00227C                     	if	0	;tblptru may be non-zero
  7531   00227C                     	endif
  7532   00227C                     	if	0	;tblptru may be non-zero
  7533   00227C                     	endif
  7534   00227C  0008               	tblrd		*
  7535   00227E  CFF5 F002          	movff	tablat,write_external_eeprom@data
  7536   002282  5040               	movf	event_store@addr^0,w,c
  7537   002284  ECF6  F00A         	call	_write_external_eeprom
  7538   002288  4A40               	infsnz	event_store@addr^0,f,c
  7539   00228A  2A41               	incf	(event_store@addr+1)^0,f,c
  7540   00228C                     
  7541                           ;dashboard.c: 77:     write_external_eeprom(addr++, events[pos][1]);
  7542   00228C  5044               	movf	_pos^0,w,c
  7543   00228E  0D02               	mullw	2
  7544   002290  50F3               	movf	243,w,c
  7545   002292  0F60               	addlw	low _events
  7546   002294  6ED9               	movwf	fsr2l,c
  7547   002296  6ADA               	clrf	fsr2h,c
  7548   002298  CFDE F005          	movff	postinc2,??_event_store
  7549   00229C  CFDD F006          	movff	postdec2,??_event_store+1
  7550   0022A0  0E01               	movlw	1
  7551   0022A2  2605               	addwf	??_event_store^0,f,c
  7552   0022A4  0E00               	movlw	0
  7553   0022A6  2206               	addwfc	(??_event_store+1)^0,f,c
  7554   0022A8  C005  FFF6         	movff	??_event_store,tblptrl
  7555   0022AC  C006  FFF7         	movff	??_event_store+1,tblptrh
  7556   0022B0                     	if	0	;tblptru may be non-zero
  7557   0022B0                     	endif
  7558   0022B0                     	if	0	;tblptru may be non-zero
  7559   0022B0                     	endif
  7560   0022B0  0008               	tblrd		*
  7561   0022B2  CFF5 F002          	movff	tablat,write_external_eeprom@data
  7562   0022B6  5040               	movf	event_store@addr^0,w,c
  7563   0022B8  ECF6  F00A         	call	_write_external_eeprom
  7564   0022BC  4A40               	infsnz	event_store@addr^0,f,c
  7565   0022BE  2A41               	incf	(event_store@addr+1)^0,f,c
  7566   0022C0                     
  7567                           ;dashboard.c: 79:     for( i = 0; i < 3; i++)
  7568   0022C0  0E00               	movlw	0
  7569   0022C2  6E08               	movwf	(event_store@i+1)^0,c
  7570   0022C4  0E00               	movlw	0
  7571   0022C6  6E07               	movwf	event_store@i^0,c
  7572   0022C8                     l2597:
  7573                           
  7574                           ;dashboard.c: 80:         write_external_eeprom(addr++, speed[i]);
  7575   0022C8  5007               	movf	event_store@i^0,w,c
  7576   0022CA  0F55               	addlw	low _speed
  7577   0022CC  6ED9               	movwf	fsr2l,c
  7578   0022CE  6ADA               	clrf	fsr2h,c
  7579   0022D0  50DF               	movf	indf2,w,c
  7580   0022D2  6E02               	movwf	write_external_eeprom@data^0,c
  7581   0022D4  5040               	movf	event_store@addr^0,w,c
  7582   0022D6  ECF6  F00A         	call	_write_external_eeprom
  7583   0022DA  4A40               	infsnz	event_store@addr^0,f,c
  7584   0022DC  2A41               	incf	(event_store@addr+1)^0,f,c
  7585   0022DE  4A07               	infsnz	event_store@i^0,f,c
  7586   0022E0  2A08               	incf	(event_store@i+1)^0,f,c
  7587   0022E2  BE08               	btfsc	(event_store@i+1)^0,7,c
  7588   0022E4  EF7D  F011         	goto	u1471
  7589   0022E8  5008               	movf	(event_store@i+1)^0,w,c
  7590   0022EA  E109               	bnz	u1470
  7591   0022EC  0E03               	movlw	3
  7592   0022EE  5C07               	subwf	event_store@i^0,w,c
  7593   0022F0  A0D8               	btfss	status,0,c
  7594   0022F2  EF7D  F011         	goto	u1471
  7595   0022F6  EF7F  F011         	goto	u1470
  7596   0022FA                     u1471:
  7597   0022FA  EF64  F011         	goto	l2597
  7598   0022FE                     u1470:
  7599   0022FE                     
  7600                           ;dashboard.c: 82:     if(log_count < 10)
  7601   0022FE  BE43               	btfsc	(_log_count+1)^0,7,c
  7602   002300  EF8D  F011         	goto	u1480
  7603   002304  5043               	movf	(_log_count+1)^0,w,c
  7604   002306  E107               	bnz	u1481
  7605   002308  0E0A               	movlw	10
  7606   00230A  5C42               	subwf	_log_count^0,w,c
  7607   00230C  B0D8               	btfsc	status,0,c
  7608   00230E  EF8B  F011         	goto	u1481
  7609   002312  EF8D  F011         	goto	u1480
  7610   002316                     u1481:
  7611   002316  EF94  F011         	goto	l2611
  7612   00231A                     u1480:
  7613   00231A                     
  7614                           ;dashboard.c: 83:     {;dashboard.c: 84:         ++log_count;
  7615   00231A  4A42               	infsnz	_log_count^0,f,c
  7616   00231C  2A43               	incf	(_log_count+1)^0,f,c
  7617   00231E                     
  7618                           ;dashboard.c: 85:         write_external_eeprom(130, log_count);
  7619   00231E  C042  F002         	movff	_log_count,write_external_eeprom@data
  7620   002322  0E82               	movlw	130
  7621   002324  ECF6  F00A         	call	_write_external_eeprom
  7622   002328                     l2611:
  7623                           
  7624                           ;dashboard.c: 88:     if(addr == 129)
  7625   002328  0E81               	movlw	129
  7626   00232A  1840               	xorwf	event_store@addr^0,w,c
  7627   00232C  1041               	iorwf	(event_store@addr+1)^0,w,c
  7628   00232E  A4D8               	btfss	status,2,c
  7629   002330  EF9C  F011         	goto	u1491
  7630   002334  EF9E  F011         	goto	u1490
  7631   002338                     u1491:
  7632   002338  EFA2  F011         	goto	l123
  7633   00233C                     u1490:
  7634   00233C                     
  7635                           ;dashboard.c: 89:     {;dashboard.c: 90:         addr = 0x00;
  7636   00233C  0E00               	movlw	0
  7637   00233E  6E41               	movwf	(event_store@addr+1)^0,c
  7638   002340  0E00               	movlw	0
  7639   002342  6E40               	movwf	event_store@addr^0,c
  7640   002344                     l123:
  7641   002344  0012               	return		;funcret
  7642   002346                     __end_of_event_store:
  7643                           	callstack 0
  7644                           
  7645 ;; *************** function _set_time *****************
  7646 ;; Defined at:
  7647 ;;		line 121 in file "menu_options.c"
  7648 ;; Parameters:    Size  Location     Type
  7649 ;;		None
  7650 ;; Auto vars:     Size  Location     Type
  7651 ;;  sec             1   15[COMRAM] unsigned char 
  7652 ;;  min             1   14[COMRAM] unsigned char 
  7653 ;;  hour            1   13[COMRAM] unsigned char 
  7654 ;;  blink           1   12[COMRAM] unsigned char 
  7655 ;; Return value:  Size  Location     Type
  7656 ;;                  1    wreg      void 
  7657 ;; Registers used:
  7658 ;;		wreg, fsr0l, fsr0h, status,2, status,0, tblptrl, tblptrh, tblptru, prodl, prodh, cstack
  7659 ;; Tracked objects:
  7660 ;;		On entry : 0/0
  7661 ;;		On exit  : 0/0
  7662 ;;		Unchanged: 0/0
  7663 ;; Data sizes:     COMRAM   BANK0   BANK1   BANK2   BANK3   BANK4   BANK5
  7664 ;;      Params:         0       0       0       0       0       0       0
  7665 ;;      Locals:         4       0       0       0       0       0       0
  7666 ;;      Temps:          2       0       0       0       0       0       0
  7667 ;;      Totals:         6       0       0       0       0       0       0
  7668 ;;Total ram usage:        6 bytes
  7669 ;; Hardware stack levels used: 1
  7670 ;; Hardware stack levels required when called: 5
  7671 ;; This function calls:
  7672 ;;		___awdiv
  7673 ;;		___awmod
  7674 ;;		_clcd_print
  7675 ;;		_clcd_putch
  7676 ;;		_clcd_write
  7677 ;;		_get_time
  7678 ;;		_read_switches
  7679 ;;		_write_ds1307
  7680 ;; This function is called by:
  7681 ;;		_main
  7682 ;; This function uses a non-reentrant model
  7683 ;;
  7684                           
  7685                           	psect	text13
  7686   002B60                     __ptext13:
  7687                           	callstack 0
  7688   002B60                     _set_time:
  7689                           	callstack 25
  7690   002B60                     
  7691                           ;menu_options.c: 123:     static unsigned char field = 0;;menu_options.c: 124:     unsig
      +                          ned char blink = 0;
  7692   002B60  6A0D               	clrf	set_time@blink^0,c
  7693   002B62                     
  7694                           ;menu_options.c: 126:     unsigned char hour, min, sec;;menu_options.c: 128:     get_tim
      +                          e();
  7695   002B62  ECD4  F00C         	call	_get_time	;wreg free
  7696   002B66                     
  7697                           ;menu_options.c: 130:     hour = ((time[0]-48) * 10) + (time[1]-48);
  7698   002B66  504B               	movf	_time^0,w,c
  7699   002B68  0D0A               	mullw	10
  7700   002B6A  50F3               	movf	243,w,c
  7701   002B6C  244C               	addwf	(_time+1)^0,w,c
  7702   002B6E  0FF0               	addlw	240
  7703   002B70  6E0E               	movwf	set_time@hour^0,c
  7704   002B72                     
  7705                           ;menu_options.c: 131:     min = ((time[3]-48) * 10) + (time[4]-48);
  7706   002B72  504E               	movf	(_time+3)^0,w,c
  7707   002B74  0D0A               	mullw	10
  7708   002B76  50F3               	movf	243,w,c
  7709   002B78  244F               	addwf	(_time+4)^0,w,c
  7710   002B7A  0FF0               	addlw	240
  7711   002B7C  6E0F               	movwf	set_time@min^0,c
  7712   002B7E                     
  7713                           ;menu_options.c: 132:     sec = ((time[6]-48) * 10) + (time[7]-48);
  7714   002B7E  5051               	movf	(_time+6)^0,w,c
  7715   002B80  0D0A               	mullw	10
  7716   002B82  50F3               	movf	243,w,c
  7717   002B84  2452               	addwf	(_time+7)^0,w,c
  7718   002B86  0FF0               	addlw	240
  7719   002B88  6E10               	movwf	set_time@sec^0,c
  7720   002B8A                     
  7721                           ;menu_options.c: 134:     clcd_write(0x01, 0);
  7722   002B8A  0E00               	movlw	0
  7723   002B8C  6E01               	movwf	clcd_write@control_bit^0,c
  7724   002B8E  0E01               	movlw	1
  7725   002B90  EC0D  F00B         	call	_clcd_write
  7726   002B94                     l3461:
  7727                           
  7728                           ;menu_options.c: 137:     {;menu_options.c: 138:         key = read_switches(1);
  7729   002B94  0E01               	movlw	1
  7730   002B96  EC60  F00C         	call	_read_switches
  7731   002B9A  6E4A               	movwf	_key^0,c
  7732   002B9C                     
  7733                           ;menu_options.c: 140:         if(key == 5)
  7734   002B9C  0E05               	movlw	5
  7735   002B9E  184A               	xorwf	_key^0,w,c
  7736   002BA0  A4D8               	btfss	status,2,c
  7737   002BA2  EFD5  F015         	goto	u2541
  7738   002BA6  EFD7  F015         	goto	u2540
  7739   002BAA                     u2541:
  7740   002BAA  EF19  F016         	goto	l3483
  7741   002BAE                     u2540:
  7742   002BAE                     
  7743                           ;menu_options.c: 141:         {;menu_options.c: 142:             if(field == 0)
  7744   002BAE  5046               	movf	set_time@field^0,w,c
  7745   002BB0  A4D8               	btfss	status,2,c
  7746   002BB2  EFDD  F015         	goto	u2551
  7747   002BB6  EFDF  F015         	goto	u2550
  7748   002BBA                     u2551:
  7749   002BBA  EFEC  F015         	goto	l3471
  7750   002BBE                     u2550:
  7751   002BBE                     
  7752                           ;menu_options.c: 143:             {;menu_options.c: 144:                 if(++hour == 24
      +                          )
  7753   002BBE  2A0E               	incf	set_time@hour^0,f,c
  7754   002BC0  0E18               	movlw	24
  7755   002BC2  180E               	xorwf	set_time@hour^0,w,c
  7756   002BC4  A4D8               	btfss	status,2,c
  7757   002BC6  EFE7  F015         	goto	u2561
  7758   002BCA  EFE9  F015         	goto	u2560
  7759   002BCE                     u2561:
  7760   002BCE  EF9E  F016         	goto	l3507
  7761   002BD2                     u2560:
  7762   002BD2                     
  7763                           ;menu_options.c: 145:                     hour = 0;
  7764   002BD2  6A0E               	clrf	set_time@hour^0,c
  7765   002BD4  EF9E  F016         	goto	l3507
  7766   002BD8                     l3471:
  7767   002BD8  0446               	decf	set_time@field^0,w,c
  7768   002BDA  A4D8               	btfss	status,2,c
  7769   002BDC  EFF2  F015         	goto	u2571
  7770   002BE0  EFF4  F015         	goto	u2570
  7771   002BE4                     u2571:
  7772   002BE4  EF01  F016         	goto	l3477
  7773   002BE8                     u2570:
  7774   002BE8                     
  7775                           ;menu_options.c: 148:             {;menu_options.c: 149:                 if(++min == 60)
  7776   002BE8  2A0F               	incf	set_time@min^0,f,c
  7777   002BEA  0E3C               	movlw	60
  7778   002BEC  180F               	xorwf	set_time@min^0,w,c
  7779   002BEE  A4D8               	btfss	status,2,c
  7780   002BF0  EFFC  F015         	goto	u2581
  7781   002BF4  EFFE  F015         	goto	u2580
  7782   002BF8                     u2581:
  7783   002BF8  EF9E  F016         	goto	l3507
  7784   002BFC                     u2580:
  7785   002BFC                     
  7786                           ;menu_options.c: 150:                     min = 0;
  7787   002BFC  6A0F               	clrf	set_time@min^0,c
  7788   002BFE  EF9E  F016         	goto	l3507
  7789   002C02                     l3477:
  7790   002C02  0E02               	movlw	2
  7791   002C04  1846               	xorwf	set_time@field^0,w,c
  7792   002C06  A4D8               	btfss	status,2,c
  7793   002C08  EF08  F016         	goto	u2591
  7794   002C0C  EF0A  F016         	goto	u2590
  7795   002C10                     u2591:
  7796   002C10  EF17  F016         	goto	l594
  7797   002C14                     u2590:
  7798   002C14                     
  7799                           ;menu_options.c: 153:             {;menu_options.c: 154:                 if(++sec == 60)
  7800   002C14  2A10               	incf	set_time@sec^0,f,c
  7801   002C16  0E3C               	movlw	60
  7802   002C18  1810               	xorwf	set_time@sec^0,w,c
  7803   002C1A  A4D8               	btfss	status,2,c
  7804   002C1C  EF12  F016         	goto	u2601
  7805   002C20  EF14  F016         	goto	u2600
  7806   002C24                     u2601:
  7807   002C24  EF9E  F016         	goto	l3507
  7808   002C28                     u2600:
  7809   002C28                     
  7810                           ;menu_options.c: 155:                     sec = 0;
  7811   002C28  6A10               	clrf	set_time@sec^0,c
  7812   002C2A  EF9E  F016         	goto	l3507
  7813   002C2E                     l594:
  7814                           
  7815                           ;menu_options.c: 157:         }
  7816   002C2E  EF9E  F016         	goto	l3507
  7817   002C32                     l3483:
  7818   002C32  0E06               	movlw	6
  7819   002C34  184A               	xorwf	_key^0,w,c
  7820   002C36  A4D8               	btfss	status,2,c
  7821   002C38  EF20  F016         	goto	u2611
  7822   002C3C  EF22  F016         	goto	u2610
  7823   002C40                     u2611:
  7824   002C40  EF2E  F016         	goto	l3491
  7825   002C44                     u2610:
  7826   002C44                     
  7827                           ;menu_options.c: 159:         {;menu_options.c: 160:             field++;
  7828   002C44  2A46               	incf	set_time@field^0,f,c
  7829   002C46                     
  7830                           ;menu_options.c: 161:             if(field > 2)
  7831   002C46  0E02               	movlw	2
  7832   002C48  6446               	cpfsgt	set_time@field^0,c
  7833   002C4A  EF29  F016         	goto	u2621
  7834   002C4E  EF2B  F016         	goto	u2620
  7835   002C52                     u2621:
  7836   002C52  EF9E  F016         	goto	l3507
  7837   002C56                     u2620:
  7838   002C56                     
  7839                           ;menu_options.c: 162:                 field = 0;
  7840   002C56  6A46               	clrf	set_time@field^0,c
  7841   002C58  EF9E  F016         	goto	l3507
  7842   002C5C                     l3491:
  7843   002C5C  0E07               	movlw	7
  7844   002C5E  184A               	xorwf	_key^0,w,c
  7845   002C60  A4D8               	btfss	status,2,c
  7846   002C62  EF35  F016         	goto	u2631
  7847   002C66  EF37  F016         	goto	u2630
  7848   002C6A                     u2631:
  7849   002C6A  EF91  F016         	goto	l3501
  7850   002C6E                     u2630:
  7851   002C6E                     
  7852                           ;menu_options.c: 165:         {;menu_options.c: 166:             write_ds1307(0x02, ((ho
      +                          ur/10)<<4) | (hour%10));
  7853   002C6E  C00E  F001         	movff	set_time@hour,___awmod@dividend
  7854   002C72  6A02               	clrf	(___awmod@dividend+1)^0,c
  7855   002C74  0E00               	movlw	0
  7856   002C76  6E04               	movwf	(___awmod@divisor+1)^0,c
  7857   002C78  0E0A               	movlw	10
  7858   002C7A  6E03               	movwf	___awmod@divisor^0,c
  7859   002C7C  EC63  F00E         	call	___awmod	;wreg free
  7860   002C80  C001  F00B         	movff	?___awmod,??_set_time
  7861   002C84  C002  F00C         	movff	?___awmod+1,??_set_time+1
  7862   002C88  C00E  F001         	movff	set_time@hour,___awdiv@dividend
  7863   002C8C  6A02               	clrf	(___awdiv@dividend+1)^0,c
  7864   002C8E  0E00               	movlw	0
  7865   002C90  6E04               	movwf	(___awdiv@divisor+1)^0,c
  7866   002C92  0E0A               	movlw	10
  7867   002C94  6E03               	movwf	___awdiv@divisor^0,c
  7868   002C96  ECBA  F00E         	call	___awdiv	;wreg free
  7869   002C9A  3801               	swapf	?___awdiv^0,w,c
  7870   002C9C  0BF0               	andlw	240
  7871   002C9E  100B               	iorwf	??_set_time^0,w,c
  7872   002CA0  6E09               	movwf	write_ds1307@data^0,c
  7873   002CA2  0E02               	movlw	2
  7874   002CA4  EC9C  F00A         	call	_write_ds1307
  7875                           
  7876                           ;menu_options.c: 167:             write_ds1307(0x01, ((min/10)<<4) | (min%10));
  7877   002CA8  C00F  F001         	movff	set_time@min,___awmod@dividend
  7878   002CAC  6A02               	clrf	(___awmod@dividend+1)^0,c
  7879   002CAE  0E00               	movlw	0
  7880   002CB0  6E04               	movwf	(___awmod@divisor+1)^0,c
  7881   002CB2  0E0A               	movlw	10
  7882   002CB4  6E03               	movwf	___awmod@divisor^0,c
  7883   002CB6  EC63  F00E         	call	___awmod	;wreg free
  7884   002CBA  C001  F00B         	movff	?___awmod,??_set_time
  7885   002CBE  C002  F00C         	movff	?___awmod+1,??_set_time+1
  7886   002CC2  C00F  F001         	movff	set_time@min,___awdiv@dividend
  7887   002CC6  6A02               	clrf	(___awdiv@dividend+1)^0,c
  7888   002CC8  0E00               	movlw	0
  7889   002CCA  6E04               	movwf	(___awdiv@divisor+1)^0,c
  7890   002CCC  0E0A               	movlw	10
  7891   002CCE  6E03               	movwf	___awdiv@divisor^0,c
  7892   002CD0  ECBA  F00E         	call	___awdiv	;wreg free
  7893   002CD4  3801               	swapf	?___awdiv^0,w,c
  7894   002CD6  0BF0               	andlw	240
  7895   002CD8  100B               	iorwf	??_set_time^0,w,c
  7896   002CDA  6E09               	movwf	write_ds1307@data^0,c
  7897   002CDC  0E01               	movlw	1
  7898   002CDE  EC9C  F00A         	call	_write_ds1307
  7899                           
  7900                           ;menu_options.c: 168:             write_ds1307(0x00, ((sec/10)<<4) | (sec%10));
  7901   002CE2  C010  F001         	movff	set_time@sec,___awmod@dividend
  7902   002CE6  6A02               	clrf	(___awmod@dividend+1)^0,c
  7903   002CE8  0E00               	movlw	0
  7904   002CEA  6E04               	movwf	(___awmod@divisor+1)^0,c
  7905   002CEC  0E0A               	movlw	10
  7906   002CEE  6E03               	movwf	___awmod@divisor^0,c
  7907   002CF0  EC63  F00E         	call	___awmod	;wreg free
  7908   002CF4  C001  F00B         	movff	?___awmod,??_set_time
  7909   002CF8  C002  F00C         	movff	?___awmod+1,??_set_time+1
  7910   002CFC  C010  F001         	movff	set_time@sec,___awdiv@dividend
  7911   002D00  6A02               	clrf	(___awdiv@dividend+1)^0,c
  7912   002D02  0E00               	movlw	0
  7913   002D04  6E04               	movwf	(___awdiv@divisor+1)^0,c
  7914   002D06  0E0A               	movlw	10
  7915   002D08  6E03               	movwf	___awdiv@divisor^0,c
  7916   002D0A  ECBA  F00E         	call	___awdiv	;wreg free
  7917   002D0E  3801               	swapf	?___awdiv^0,w,c
  7918   002D10  0BF0               	andlw	240
  7919   002D12  100B               	iorwf	??_set_time^0,w,c
  7920   002D14  6E09               	movwf	write_ds1307@data^0,c
  7921   002D16  0E00               	movlw	0
  7922   002D18  EC9C  F00A         	call	_write_ds1307
  7923   002D1C                     
  7924                           ;menu_options.c: 170:             state = e_dashboard;
  7925   002D1C  6A49               	clrf	_state^0,c
  7926   002D1E  EF82  F017         	goto	l605
  7927   002D22                     l3501:
  7928   002D22  0E08               	movlw	8
  7929   002D24  184A               	xorwf	_key^0,w,c
  7930   002D26  A4D8               	btfss	status,2,c
  7931   002D28  EF98  F016         	goto	u2641
  7932   002D2C  EF9A  F016         	goto	u2640
  7933   002D30                     u2641:
  7934   002D30  EF9E  F016         	goto	l3507
  7935   002D34                     u2640:
  7936   002D34                     
  7937                           ;menu_options.c: 174:         {;menu_options.c: 175:             state = e_main_menu;
  7938   002D34  0E01               	movlw	1
  7939   002D36  6E49               	movwf	_state^0,c
  7940   002D38  EF82  F017         	goto	l605
  7941   002D3C                     l3507:
  7942                           
  7943                           ;menu_options.c: 179:         time[0] = (hour/10) + 48;
  7944   002D3C  C00E  F001         	movff	set_time@hour,___awdiv@dividend
  7945   002D40  6A02               	clrf	(___awdiv@dividend+1)^0,c
  7946   002D42  0E00               	movlw	0
  7947   002D44  6E04               	movwf	(___awdiv@divisor+1)^0,c
  7948   002D46  0E0A               	movlw	10
  7949   002D48  6E03               	movwf	___awdiv@divisor^0,c
  7950   002D4A  ECBA  F00E         	call	___awdiv	;wreg free
  7951   002D4E  5001               	movf	?___awdiv^0,w,c
  7952   002D50  0F30               	addlw	48
  7953   002D52  6E4B               	movwf	_time^0,c
  7954                           
  7955                           ;menu_options.c: 180:         time[1] = (hour%10) + 48;
  7956   002D54  C00E  F001         	movff	set_time@hour,___awmod@dividend
  7957   002D58  6A02               	clrf	(___awmod@dividend+1)^0,c
  7958   002D5A  0E00               	movlw	0
  7959   002D5C  6E04               	movwf	(___awmod@divisor+1)^0,c
  7960   002D5E  0E0A               	movlw	10
  7961   002D60  6E03               	movwf	___awmod@divisor^0,c
  7962   002D62  EC63  F00E         	call	___awmod	;wreg free
  7963   002D66  5001               	movf	?___awmod^0,w,c
  7964   002D68  0F30               	addlw	48
  7965   002D6A  6E4C               	movwf	(_time+1)^0,c
  7966   002D6C                     
  7967                           ;menu_options.c: 181:         time[2] = ':';
  7968   002D6C  0E3A               	movlw	58
  7969   002D6E  6E4D               	movwf	(_time+2)^0,c
  7970   002D70                     
  7971                           ;menu_options.c: 182:         time[3] = (min/10) + 48;
  7972   002D70  C00F  F001         	movff	set_time@min,___awdiv@dividend
  7973   002D74  6A02               	clrf	(___awdiv@dividend+1)^0,c
  7974   002D76  0E00               	movlw	0
  7975   002D78  6E04               	movwf	(___awdiv@divisor+1)^0,c
  7976   002D7A  0E0A               	movlw	10
  7977   002D7C  6E03               	movwf	___awdiv@divisor^0,c
  7978   002D7E  ECBA  F00E         	call	___awdiv	;wreg free
  7979   002D82  5001               	movf	?___awdiv^0,w,c
  7980   002D84  0F30               	addlw	48
  7981   002D86  6E4E               	movwf	(_time+3)^0,c
  7982   002D88                     
  7983                           ;menu_options.c: 183:         time[4] = (min%10) + 48;
  7984   002D88  C00F  F001         	movff	set_time@min,___awmod@dividend
  7985   002D8C  6A02               	clrf	(___awmod@dividend+1)^0,c
  7986   002D8E  0E00               	movlw	0
  7987   002D90  6E04               	movwf	(___awmod@divisor+1)^0,c
  7988   002D92  0E0A               	movlw	10
  7989   002D94  6E03               	movwf	___awmod@divisor^0,c
  7990   002D96  EC63  F00E         	call	___awmod	;wreg free
  7991   002D9A  5001               	movf	?___awmod^0,w,c
  7992   002D9C  0F30               	addlw	48
  7993   002D9E  6E4F               	movwf	(_time+4)^0,c
  7994   002DA0                     
  7995                           ;menu_options.c: 184:         time[5] = ':';
  7996   002DA0  0E3A               	movlw	58
  7997   002DA2  6E50               	movwf	(_time+5)^0,c
  7998                           
  7999                           ;menu_options.c: 185:         time[6] = (sec/10) + 48;
  8000   002DA4  C010  F001         	movff	set_time@sec,___awdiv@dividend
  8001   002DA8  6A02               	clrf	(___awdiv@dividend+1)^0,c
  8002   002DAA  0E00               	movlw	0
  8003   002DAC  6E04               	movwf	(___awdiv@divisor+1)^0,c
  8004   002DAE  0E0A               	movlw	10
  8005   002DB0  6E03               	movwf	___awdiv@divisor^0,c
  8006   002DB2  ECBA  F00E         	call	___awdiv	;wreg free
  8007   002DB6  5001               	movf	?___awdiv^0,w,c
  8008   002DB8  0F30               	addlw	48
  8009   002DBA  6E51               	movwf	(_time+6)^0,c
  8010                           
  8011                           ;menu_options.c: 186:         time[7] = (sec%10) + 48;
  8012   002DBC  C010  F001         	movff	set_time@sec,___awmod@dividend
  8013   002DC0  6A02               	clrf	(___awmod@dividend+1)^0,c
  8014   002DC2  0E00               	movlw	0
  8015   002DC4  6E04               	movwf	(___awmod@divisor+1)^0,c
  8016   002DC6  0E0A               	movlw	10
  8017   002DC8  6E03               	movwf	___awmod@divisor^0,c
  8018   002DCA  EC63  F00E         	call	___awmod	;wreg free
  8019   002DCE  5001               	movf	?___awmod^0,w,c
  8020   002DD0  0F30               	addlw	48
  8021   002DD2  6E52               	movwf	(_time+7)^0,c
  8022   002DD4                     
  8023                           ;menu_options.c: 187:         time[8] = '\0';
  8024   002DD4  6A53               	clrf	(_time+8)^0,c
  8025   002DD6                     
  8026                           ;menu_options.c: 189:         clcd_print("  SET TIME  ", (0x80 + (0)));
  8027   002DD6  0EA6               	movlw	low STR_106
  8028   002DD8  6E03               	movwf	clcd_print@data^0,c
  8029   002DDA  0E2F               	movlw	high STR_106
  8030   002DDC  6E04               	movwf	(clcd_print@data+1)^0,c
  8031   002DDE  0E80               	movlw	128
  8032   002DE0  6E05               	movwf	clcd_print@addr^0,c
  8033   002DE2  EC2A  F00C         	call	_clcd_print	;wreg free
  8034   002DE6                     
  8035                           ;menu_options.c: 191:         if(field == 0 && blink)
  8036   002DE6  5046               	movf	set_time@field^0,w,c
  8037   002DE8  A4D8               	btfss	status,2,c
  8038   002DEA  EFF9  F016         	goto	u2651
  8039   002DEE  EFFB  F016         	goto	u2650
  8040   002DF2                     u2651:
  8041   002DF2  EF0D  F017         	goto	l3527
  8042   002DF6                     u2650:
  8043   002DF6  500D               	movf	set_time@blink^0,w,c
  8044   002DF8  B4D8               	btfsc	status,2,c
  8045   002DFA  EF01  F017         	goto	u2661
  8046   002DFE  EF03  F017         	goto	u2660
  8047   002E02                     u2661:
  8048   002E02  EF0D  F017         	goto	l3527
  8049   002E06                     u2660:
  8050   002E06                     
  8051                           ;menu_options.c: 192:         {;menu_options.c: 193:             clcd_print("  ", (0xC0 
      +                          + (0)));
  8052   002E06  0EA3               	movlw	low (STR_79+11)
  8053   002E08  6E03               	movwf	clcd_print@data^0,c
  8054   002E0A  0E2F               	movlw	high (STR_79+11)
  8055   002E0C  6E04               	movwf	(clcd_print@data+1)^0,c
  8056   002E0E  0EC0               	movlw	192
  8057   002E10  6E05               	movwf	clcd_print@addr^0,c
  8058   002E12  EC2A  F00C         	call	_clcd_print	;wreg free
  8059                           
  8060                           ;menu_options.c: 194:         }
  8061   002E16  EF17  F017         	goto	l609
  8062   002E1A                     l3527:
  8063                           
  8064                           ;menu_options.c: 196:         {;menu_options.c: 197:             clcd_putch(time[0], (0x
      +                          C0 + (0)));
  8065   002E1A  0EC0               	movlw	192
  8066   002E1C  6E03               	movwf	clcd_putch@addr^0,c
  8067   002E1E  504B               	movf	_time^0,w,c
  8068   002E20  EC67  F00A         	call	_clcd_putch
  8069                           
  8070                           ;menu_options.c: 198:             clcd_putch(time[1], (0xC0 + (1)));
  8071   002E24  0EC1               	movlw	193
  8072   002E26  6E03               	movwf	clcd_putch@addr^0,c
  8073   002E28  504C               	movf	(_time+1)^0,w,c
  8074   002E2A  EC67  F00A         	call	_clcd_putch
  8075   002E2E                     l609:
  8076                           
  8077                           ;menu_options.c: 201:         clcd_putch(':', (0xC0 + (2)));
  8078   002E2E  0EC2               	movlw	194
  8079   002E30  6E03               	movwf	clcd_putch@addr^0,c
  8080   002E32  0E3A               	movlw	58
  8081   002E34  EC67  F00A         	call	_clcd_putch
  8082   002E38                     
  8083                           ;menu_options.c: 203:         if(field == 1 && blink)
  8084   002E38  0446               	decf	set_time@field^0,w,c
  8085   002E3A  A4D8               	btfss	status,2,c
  8086   002E3C  EF22  F017         	goto	u2671
  8087   002E40  EF24  F017         	goto	u2670
  8088   002E44                     u2671:
  8089   002E44  EF36  F017         	goto	l3535
  8090   002E48                     u2670:
  8091   002E48  500D               	movf	set_time@blink^0,w,c
  8092   002E4A  B4D8               	btfsc	status,2,c
  8093   002E4C  EF2A  F017         	goto	u2681
  8094   002E50  EF2C  F017         	goto	u2680
  8095   002E54                     u2681:
  8096   002E54  EF36  F017         	goto	l3535
  8097   002E58                     u2680:
  8098   002E58                     
  8099                           ;menu_options.c: 204:         {;menu_options.c: 205:             clcd_print("  ", (0xC0 
      +                          + (3)));
  8100   002E58  0EA3               	movlw	low (STR_79+11)
  8101   002E5A  6E03               	movwf	clcd_print@data^0,c
  8102   002E5C  0E2F               	movlw	high (STR_79+11)
  8103   002E5E  6E04               	movwf	(clcd_print@data+1)^0,c
  8104   002E60  0EC3               	movlw	195
  8105   002E62  6E05               	movwf	clcd_print@addr^0,c
  8106   002E64  EC2A  F00C         	call	_clcd_print	;wreg free
  8107                           
  8108                           ;menu_options.c: 206:         }
  8109   002E68  EF40  F017         	goto	l611
  8110   002E6C                     l3535:
  8111                           
  8112                           ;menu_options.c: 208:         {;menu_options.c: 209:             clcd_putch(time[3], (0x
      +                          C0 + (3)));
  8113   002E6C  0EC3               	movlw	195
  8114   002E6E  6E03               	movwf	clcd_putch@addr^0,c
  8115   002E70  504E               	movf	(_time+3)^0,w,c
  8116   002E72  EC67  F00A         	call	_clcd_putch
  8117                           
  8118                           ;menu_options.c: 210:             clcd_putch(time[4], (0xC0 + (4)));
  8119   002E76  0EC4               	movlw	196
  8120   002E78  6E03               	movwf	clcd_putch@addr^0,c
  8121   002E7A  504F               	movf	(_time+4)^0,w,c
  8122   002E7C  EC67  F00A         	call	_clcd_putch
  8123   002E80                     l611:
  8124                           
  8125                           ;menu_options.c: 213:         clcd_putch(':', (0xC0 + (5)));
  8126   002E80  0EC5               	movlw	197
  8127   002E82  6E03               	movwf	clcd_putch@addr^0,c
  8128   002E84  0E3A               	movlw	58
  8129   002E86  EC67  F00A         	call	_clcd_putch
  8130   002E8A                     
  8131                           ;menu_options.c: 215:         if(field == 2 && blink)
  8132   002E8A  0E02               	movlw	2
  8133   002E8C  1846               	xorwf	set_time@field^0,w,c
  8134   002E8E  A4D8               	btfss	status,2,c
  8135   002E90  EF4C  F017         	goto	u2691
  8136   002E94  EF4E  F017         	goto	u2690
  8137   002E98                     u2691:
  8138   002E98  EF60  F017         	goto	l3543
  8139   002E9C                     u2690:
  8140   002E9C  500D               	movf	set_time@blink^0,w,c
  8141   002E9E  B4D8               	btfsc	status,2,c
  8142   002EA0  EF54  F017         	goto	u2701
  8143   002EA4  EF56  F017         	goto	u2700
  8144   002EA8                     u2701:
  8145   002EA8  EF60  F017         	goto	l3543
  8146   002EAC                     u2700:
  8147   002EAC                     
  8148                           ;menu_options.c: 216:         {;menu_options.c: 217:             clcd_print("  ", (0xC0 
      +                          + (6)));
  8149   002EAC  0EA3               	movlw	low (STR_79+11)
  8150   002EAE  6E03               	movwf	clcd_print@data^0,c
  8151   002EB0  0E2F               	movlw	high (STR_79+11)
  8152   002EB2  6E04               	movwf	(clcd_print@data+1)^0,c
  8153   002EB4  0EC6               	movlw	198
  8154   002EB6  6E05               	movwf	clcd_print@addr^0,c
  8155   002EB8  EC2A  F00C         	call	_clcd_print	;wreg free
  8156                           
  8157                           ;menu_options.c: 218:         }
  8158   002EBC  EF6A  F017         	goto	l3545
  8159   002EC0                     l3543:
  8160                           
  8161                           ;menu_options.c: 220:         {;menu_options.c: 221:             clcd_putch(time[6], (0x
      +                          C0 + (6)));
  8162   002EC0  0EC6               	movlw	198
  8163   002EC2  6E03               	movwf	clcd_putch@addr^0,c
  8164   002EC4  5051               	movf	(_time+6)^0,w,c
  8165   002EC6  EC67  F00A         	call	_clcd_putch
  8166                           
  8167                           ;menu_options.c: 222:             clcd_putch(time[7], (0xC0 + (7)));
  8168   002ECA  0EC7               	movlw	199
  8169   002ECC  6E03               	movwf	clcd_putch@addr^0,c
  8170   002ECE  5052               	movf	(_time+7)^0,w,c
  8171   002ED0  EC67  F00A         	call	_clcd_putch
  8172   002ED4                     l3545:
  8173                           
  8174                           ;menu_options.c: 225:         blink = !blink;
  8175   002ED4  500D               	movf	set_time@blink^0,w,c
  8176   002ED6  B4D8               	btfsc	status,2,c
  8177   002ED8  EF70  F017         	goto	u2711
  8178   002EDC  EF73  F017         	goto	u2710
  8179   002EE0                     u2711:
  8180   002EE0  0E01               	movlw	1
  8181   002EE2  EF74  F017         	goto	u2720
  8182   002EE6                     u2710:
  8183   002EE6  0E00               	movlw	0
  8184   002EE8                     u2720:
  8185   002EE8  6E0D               	movwf	set_time@blink^0,c
  8186   002EEA                     
  8187                           ;menu_options.c: 226:         _delay((unsigned long)((300)*(20000000/4000.0)));
  8188   002EEA  0E08               	movlw	8
  8189   002EEC  6E0C               	movwf	(??_set_time+1)^0,c
  8190   002EEE  0E9D               	movlw	157
  8191   002EF0  6E0B               	movwf	??_set_time^0,c
  8192   002EF2  0E06               	movlw	6
  8193   002EF4                     u2767:
  8194   002EF4  2EE8               	decfsz	wreg,f,c
  8195   002EF6  D7FE               	bra	u2767
  8196   002EF8  2E0B               	decfsz	??_set_time^0,f,c
  8197   002EFA  D7FC               	bra	u2767
  8198   002EFC  2E0C               	decfsz	(??_set_time+1)^0,f,c
  8199   002EFE  D7FA               	bra	u2767
  8200   002F00  EFCA  F015         	goto	l3461
  8201   002F04                     l605:
  8202   002F04  0012               	return		;funcret
  8203   002F06                     __end_of_set_time:
  8204                           	callstack 0
  8205                           
  8206 ;; *************** function _get_time *****************
  8207 ;; Defined at:
  8208 ;;		line 91 in file "ds1307.c"
  8209 ;; Parameters:    Size  Location     Type
  8210 ;;		None
  8211 ;; Auto vars:     Size  Location     Type
  8212 ;;		None
  8213 ;; Return value:  Size  Location     Type
  8214 ;;                  1    wreg      void 
  8215 ;; Registers used:
  8216 ;;		wreg, status,2, status,0, cstack
  8217 ;; Tracked objects:
  8218 ;;		On entry : 0/0
  8219 ;;		On exit  : 0/0
  8220 ;;		Unchanged: 0/0
  8221 ;; Data sizes:     COMRAM   BANK0   BANK1   BANK2   BANK3   BANK4   BANK5
  8222 ;;      Params:         0       0       0       0       0       0       0
  8223 ;;      Locals:         0       0       0       0       0       0       0
  8224 ;;      Temps:          0       0       0       0       0       0       0
  8225 ;;      Totals:         0       0       0       0       0       0       0
  8226 ;;Total ram usage:        0 bytes
  8227 ;; Hardware stack levels used: 1
  8228 ;; Hardware stack levels required when called: 4
  8229 ;; This function calls:
  8230 ;;		_read_ds1307
  8231 ;; This function is called by:
  8232 ;;		_view_dashboard
  8233 ;;		_set_time
  8234 ;; This function uses a non-reentrant model
  8235 ;;
  8236                           
  8237                           	psect	text14
  8238   0019A8                     __ptext14:
  8239                           	callstack 0
  8240   0019A8                     _get_time:
  8241                           	callstack 25
  8242   0019A8                     
  8243                           ;ds1307.c: 94:  clock_reg[0] = read_ds1307(0x02);
  8244   0019A8  0E02               	movlw	2
  8245   0019AA  ECE1  F00A         	call	_read_ds1307
  8246   0019AE  6E3D               	movwf	_clock_reg^0,c
  8247                           
  8248                           ;ds1307.c: 95:  clock_reg[1] = read_ds1307(0x01);
  8249   0019B0  0E01               	movlw	1
  8250   0019B2  ECE1  F00A         	call	_read_ds1307
  8251   0019B6  6E3E               	movwf	(_clock_reg+1)^0,c
  8252                           
  8253                           ;ds1307.c: 96:  clock_reg[2] = read_ds1307(0x00);
  8254   0019B8  0E00               	movlw	0
  8255   0019BA  ECE1  F00A         	call	_read_ds1307
  8256   0019BE  6E3F               	movwf	(_clock_reg+2)^0,c
  8257   0019C0                     
  8258                           ;ds1307.c: 98:  if (clock_reg[0] & 0x40)
  8259   0019C0  AC3D               	btfss	_clock_reg^0,6,c
  8260   0019C2  EFE5  F00C         	goto	u2141
  8261   0019C6  EFE7  F00C         	goto	u2140
  8262   0019CA                     u2141:
  8263   0019CA  EFF2  F00C         	goto	l3075
  8264   0019CE                     u2140:
  8265   0019CE                     
  8266                           ;ds1307.c: 99:  {;ds1307.c: 100:   time[0] = '0' + ((clock_reg[0] >> 4) & 0x01);
  8267   0019CE  383D               	swapf	_clock_reg^0,w,c
  8268   0019D0  0B0F               	andlw	15
  8269   0019D2  0B01               	andlw	1
  8270   0019D4  0F30               	addlw	48
  8271   0019D6  6E4B               	movwf	_time^0,c
  8272                           
  8273                           ;ds1307.c: 101:   time[1] = '0' + (clock_reg[0] & 0x0F);
  8274   0019D8  503D               	movf	_clock_reg^0,w,c
  8275   0019DA  0B0F               	andlw	15
  8276   0019DC  0F30               	addlw	48
  8277   0019DE  6E4C               	movwf	(_time+1)^0,c
  8278                           
  8279                           ;ds1307.c: 102:  }
  8280   0019E0  EFFB  F00C         	goto	l3077
  8281   0019E4                     l3075:
  8282                           
  8283                           ;ds1307.c: 104:  {;ds1307.c: 105:   time[0] = '0' + ((clock_reg[0] >> 4) & 0x03);
  8284   0019E4  383D               	swapf	_clock_reg^0,w,c
  8285   0019E6  0B0F               	andlw	15
  8286   0019E8  0B03               	andlw	3
  8287   0019EA  0F30               	addlw	48
  8288   0019EC  6E4B               	movwf	_time^0,c
  8289                           
  8290                           ;ds1307.c: 106:   time[1] = '0' + (clock_reg[0] & 0x0F);
  8291   0019EE  503D               	movf	_clock_reg^0,w,c
  8292   0019F0  0B0F               	andlw	15
  8293   0019F2  0F30               	addlw	48
  8294   0019F4  6E4C               	movwf	(_time+1)^0,c
  8295   0019F6                     l3077:
  8296                           
  8297                           ;ds1307.c: 108:  time[2] = ':';
  8298   0019F6  0E3A               	movlw	58
  8299   0019F8  6E4D               	movwf	(_time+2)^0,c
  8300   0019FA                     
  8301                           ;ds1307.c: 109:  time[3] = '0' + ((clock_reg[1] >> 4) & 0x0F);
  8302   0019FA  383E               	swapf	(_clock_reg+1)^0,w,c
  8303   0019FC  0B0F               	andlw	15
  8304   0019FE  0B0F               	andlw	15
  8305   001A00  0F30               	addlw	48
  8306   001A02  6E4E               	movwf	(_time+3)^0,c
  8307   001A04                     
  8308                           ;ds1307.c: 110:  time[4] = '0' + (clock_reg[1] & 0x0F);
  8309   001A04  503E               	movf	(_clock_reg+1)^0,w,c
  8310   001A06  0B0F               	andlw	15
  8311   001A08  0F30               	addlw	48
  8312   001A0A  6E4F               	movwf	(_time+4)^0,c
  8313   001A0C                     
  8314                           ;ds1307.c: 111:  time[5] = ':';
  8315   001A0C  0E3A               	movlw	58
  8316   001A0E  6E50               	movwf	(_time+5)^0,c
  8317                           
  8318                           ;ds1307.c: 112:  time[6] = '0' + ((clock_reg[2] >> 4) & 0x0F);
  8319   001A10  383F               	swapf	(_clock_reg+2)^0,w,c
  8320   001A12  0B0F               	andlw	15
  8321   001A14  0B0F               	andlw	15
  8322   001A16  0F30               	addlw	48
  8323   001A18  6E51               	movwf	(_time+6)^0,c
  8324                           
  8325                           ;ds1307.c: 113:  time[7] = '0' + (clock_reg[2] & 0x0F);
  8326   001A1A  503F               	movf	(_clock_reg+2)^0,w,c
  8327   001A1C  0B0F               	andlw	15
  8328   001A1E  0F30               	addlw	48
  8329   001A20  6E52               	movwf	(_time+7)^0,c
  8330   001A22                     
  8331                           ;ds1307.c: 114:  time[8] = '\0';
  8332   001A22  6A53               	clrf	(_time+8)^0,c
  8333   001A24  0012               	return		;funcret
  8334   001A26                     __end_of_get_time:
  8335                           	callstack 0
  8336                           
  8337 ;; *************** function _clcd_putch *****************
  8338 ;; Defined at:
  8339 ;;		line 73 in file "clcd.c"
  8340 ;; Parameters:    Size  Location     Type
  8341 ;;  data            1    wreg     const unsigned char 
  8342 ;;  addr            1    2[COMRAM] unsigned char 
  8343 ;; Auto vars:     Size  Location     Type
  8344 ;;  data            1    3[COMRAM] const unsigned char 
  8345 ;; Return value:  Size  Location     Type
  8346 ;;                  1    wreg      void 
  8347 ;; Registers used:
  8348 ;;		wreg, status,2, cstack
  8349 ;; Tracked objects:
  8350 ;;		On entry : 0/0
  8351 ;;		On exit  : 0/0
  8352 ;;		Unchanged: 0/0
  8353 ;; Data sizes:     COMRAM   BANK0   BANK1   BANK2   BANK3   BANK4   BANK5
  8354 ;;      Params:         1       0       0       0       0       0       0
  8355 ;;      Locals:         1       0       0       0       0       0       0
  8356 ;;      Temps:          0       0       0       0       0       0       0
  8357 ;;      Totals:         2       0       0       0       0       0       0
  8358 ;;Total ram usage:        2 bytes
  8359 ;; Hardware stack levels used: 1
  8360 ;; Hardware stack levels required when called: 1
  8361 ;; This function calls:
  8362 ;;		_clcd_write
  8363 ;; This function is called by:
  8364 ;;		_view_log
  8365 ;;		_set_time
  8366 ;; This function uses a non-reentrant model
  8367 ;;
  8368                           
  8369                           	psect	text15
  8370   0014CE                     __ptext15:
  8371                           	callstack 0
  8372   0014CE                     _clcd_putch:
  8373                           	callstack 28
  8374                           
  8375                           ;incstack = 0
  8376                           ;clcd_putch@data stored from wreg
  8377   0014CE  6E04               	movwf	clcd_putch@data^0,c
  8378   0014D0                     
  8379                           ;clcd.c: 73: void clcd_putch(const unsigned char data, unsigned char addr);clcd.c: 74: {
      +                          ;clcd.c: 75:  clcd_write(addr, 0);
  8380   0014D0  0E00               	movlw	0
  8381   0014D2  6E01               	movwf	clcd_write@control_bit^0,c
  8382   0014D4  5003               	movf	clcd_putch@addr^0,w,c
  8383   0014D6  EC0D  F00B         	call	_clcd_write
  8384                           
  8385                           ;clcd.c: 76:  clcd_write(data, 1);
  8386   0014DA  0E01               	movlw	1
  8387   0014DC  6E01               	movwf	clcd_write@control_bit^0,c
  8388   0014DE  5004               	movf	clcd_putch@data^0,w,c
  8389   0014E0  EC0D  F00B         	call	_clcd_write
  8390   0014E4  0012               	return		;funcret
  8391   0014E6                     __end_of_clcd_putch:
  8392                           	callstack 0
  8393                           
  8394 ;; *************** function ___awmod *****************
  8395 ;; Defined at:
  8396 ;;		line 7 in file "C:\Program Files\Microchip\xc8\v3.00\pic\sources\c99\common\awmod.c"
  8397 ;; Parameters:    Size  Location     Type
  8398 ;;  dividend        2    0[COMRAM] int 
  8399 ;;  divisor         2    2[COMRAM] int 
  8400 ;; Auto vars:     Size  Location     Type
  8401 ;;  sign            1    5[COMRAM] unsigned char 
  8402 ;;  counter         1    4[COMRAM] unsigned char 
  8403 ;; Return value:  Size  Location     Type
  8404 ;;                  2    0[COMRAM] int 
  8405 ;; Registers used:
  8406 ;;		wreg, status,2, status,0
  8407 ;; Tracked objects:
  8408 ;;		On entry : 0/0
  8409 ;;		On exit  : 0/0
  8410 ;;		Unchanged: 0/0
  8411 ;; Data sizes:     COMRAM   BANK0   BANK1   BANK2   BANK3   BANK4   BANK5
  8412 ;;      Params:         4       0       0       0       0       0       0
  8413 ;;      Locals:         2       0       0       0       0       0       0
  8414 ;;      Temps:          0       0       0       0       0       0       0
  8415 ;;      Totals:         6       0       0       0       0       0       0
  8416 ;;Total ram usage:        6 bytes
  8417 ;; Hardware stack levels used: 1
  8418 ;; This function calls:
  8419 ;;		Nothing
  8420 ;; This function is called by:
  8421 ;;		_set_time
  8422 ;; This function uses a non-reentrant model
  8423 ;;
  8424                           
  8425                           	psect	text16
  8426   001CC6                     __ptext16:
  8427                           	callstack 0
  8428   001CC6                     ___awmod:
  8429                           	callstack 29
  8430   001CC6  6A06               	clrf	___awmod@sign^0,c
  8431   001CC8  BE02               	btfsc	(___awmod@dividend+1)^0,7,c
  8432   001CCA  EF6B  F00E         	goto	u2320
  8433   001CCE  EF69  F00E         	goto	u2321
  8434   001CD2                     u2321:
  8435   001CD2  EF71  F00E         	goto	l3241
  8436   001CD6                     u2320:
  8437   001CD6  6C01               	negf	___awmod@dividend^0,c
  8438   001CD8  1E02               	comf	(___awmod@dividend+1)^0,f,c
  8439   001CDA  B0D8               	btfsc	status,0,c
  8440   001CDC  2A02               	incf	(___awmod@dividend+1)^0,f,c
  8441   001CDE  0E01               	movlw	1
  8442   001CE0  6E06               	movwf	___awmod@sign^0,c
  8443   001CE2                     l3241:
  8444   001CE2  BE04               	btfsc	(___awmod@divisor+1)^0,7,c
  8445   001CE4  EF78  F00E         	goto	u2330
  8446   001CE8  EF76  F00E         	goto	u2331
  8447   001CEC                     u2331:
  8448   001CEC  EF7C  F00E         	goto	l3245
  8449   001CF0                     u2330:
  8450   001CF0  6C03               	negf	___awmod@divisor^0,c
  8451   001CF2  1E04               	comf	(___awmod@divisor+1)^0,f,c
  8452   001CF4  B0D8               	btfsc	status,0,c
  8453   001CF6  2A04               	incf	(___awmod@divisor+1)^0,f,c
  8454   001CF8                     l3245:
  8455   001CF8  5003               	movf	___awmod@divisor^0,w,c
  8456   001CFA  1004               	iorwf	(___awmod@divisor+1)^0,w,c
  8457   001CFC  B4D8               	btfsc	status,2,c
  8458   001CFE  EF83  F00E         	goto	u2341
  8459   001D02  EF85  F00E         	goto	u2340
  8460   001D06                     u2341:
  8461   001D06  EFA9  F00E         	goto	l3261
  8462   001D0A                     u2340:
  8463   001D0A  0E01               	movlw	1
  8464   001D0C  6E05               	movwf	___awmod@counter^0,c
  8465   001D0E  EF8D  F00E         	goto	l3251
  8466   001D12                     l3249:
  8467   001D12  90D8               	bcf	status,0,c
  8468   001D14  3603               	rlcf	___awmod@divisor^0,f,c
  8469   001D16  3604               	rlcf	(___awmod@divisor+1)^0,f,c
  8470   001D18  2A05               	incf	___awmod@counter^0,f,c
  8471   001D1A                     l3251:
  8472   001D1A  AE04               	btfss	(___awmod@divisor+1)^0,7,c
  8473   001D1C  EF92  F00E         	goto	u2351
  8474   001D20  EF94  F00E         	goto	u2350
  8475   001D24                     u2351:
  8476   001D24  EF89  F00E         	goto	l3249
  8477   001D28                     u2350:
  8478   001D28                     l3253:
  8479   001D28  5003               	movf	___awmod@divisor^0,w,c
  8480   001D2A  5C01               	subwf	___awmod@dividend^0,w,c
  8481   001D2C  5004               	movf	(___awmod@divisor+1)^0,w,c
  8482   001D2E  5802               	subwfb	(___awmod@dividend+1)^0,w,c
  8483   001D30  A0D8               	btfss	status,0,c
  8484   001D32  EF9D  F00E         	goto	u2361
  8485   001D36  EF9F  F00E         	goto	u2360
  8486   001D3A                     u2361:
  8487   001D3A  EFA3  F00E         	goto	l3257
  8488   001D3E                     u2360:
  8489   001D3E  5003               	movf	___awmod@divisor^0,w,c
  8490   001D40  5E01               	subwf	___awmod@dividend^0,f,c
  8491   001D42  5004               	movf	(___awmod@divisor+1)^0,w,c
  8492   001D44  5A02               	subwfb	(___awmod@dividend+1)^0,f,c
  8493   001D46                     l3257:
  8494   001D46  90D8               	bcf	status,0,c
  8495   001D48  3204               	rrcf	(___awmod@divisor+1)^0,f,c
  8496   001D4A  3203               	rrcf	___awmod@divisor^0,f,c
  8497   001D4C  2E05               	decfsz	___awmod@counter^0,f,c
  8498   001D4E  EF94  F00E         	goto	l3253
  8499   001D52                     l3261:
  8500   001D52  5006               	movf	___awmod@sign^0,w,c
  8501   001D54  B4D8               	btfsc	status,2,c
  8502   001D56  EFAF  F00E         	goto	u2371
  8503   001D5A  EFB1  F00E         	goto	u2370
  8504   001D5E                     u2371:
  8505   001D5E  EFB5  F00E         	goto	l3265
  8506   001D62                     u2370:
  8507   001D62  6C01               	negf	___awmod@dividend^0,c
  8508   001D64  1E02               	comf	(___awmod@dividend+1)^0,f,c
  8509   001D66  B0D8               	btfsc	status,0,c
  8510   001D68  2A02               	incf	(___awmod@dividend+1)^0,f,c
  8511   001D6A                     l3265:
  8512   001D6A  C001  F001         	movff	___awmod@dividend,?___awmod
  8513   001D6E  C002  F002         	movff	___awmod@dividend+1,?___awmod+1
  8514   001D72  0012               	return		;funcret
  8515   001D74                     __end_of___awmod:
  8516                           	callstack 0
  8517                           
  8518 ;; *************** function ___awdiv *****************
  8519 ;; Defined at:
  8520 ;;		line 7 in file "C:\Program Files\Microchip\xc8\v3.00\pic\sources\c99\common\awdiv.c"
  8521 ;; Parameters:    Size  Location     Type
  8522 ;;  dividend        2    0[COMRAM] int 
  8523 ;;  divisor         2    2[COMRAM] int 
  8524 ;; Auto vars:     Size  Location     Type
  8525 ;;  quotient        2    6[COMRAM] int 
  8526 ;;  sign            1    5[COMRAM] unsigned char 
  8527 ;;  counter         1    4[COMRAM] unsigned char 
  8528 ;; Return value:  Size  Location     Type
  8529 ;;                  2    0[COMRAM] int 
  8530 ;; Registers used:
  8531 ;;		wreg, status,2, status,0
  8532 ;; Tracked objects:
  8533 ;;		On entry : 0/0
  8534 ;;		On exit  : 0/0
  8535 ;;		Unchanged: 0/0
  8536 ;; Data sizes:     COMRAM   BANK0   BANK1   BANK2   BANK3   BANK4   BANK5
  8537 ;;      Params:         4       0       0       0       0       0       0
  8538 ;;      Locals:         4       0       0       0       0       0       0
  8539 ;;      Temps:          0       0       0       0       0       0       0
  8540 ;;      Totals:         8       0       0       0       0       0       0
  8541 ;;Total ram usage:        8 bytes
  8542 ;; Hardware stack levels used: 1
  8543 ;; This function calls:
  8544 ;;		Nothing
  8545 ;; This function is called by:
  8546 ;;		_set_time
  8547 ;; This function uses a non-reentrant model
  8548 ;;
  8549                           
  8550                           	psect	text17
  8551   001D74                     __ptext17:
  8552                           	callstack 0
  8553   001D74                     ___awdiv:
  8554                           	callstack 29
  8555   001D74  6A06               	clrf	___awdiv@sign^0,c
  8556   001D76  BE04               	btfsc	(___awdiv@divisor+1)^0,7,c
  8557   001D78  EFC2  F00E         	goto	u2260
  8558   001D7C  EFC0  F00E         	goto	u2261
  8559   001D80                     u2261:
  8560   001D80  EFC8  F00E         	goto	l3197
  8561   001D84                     u2260:
  8562   001D84  6C03               	negf	___awdiv@divisor^0,c
  8563   001D86  1E04               	comf	(___awdiv@divisor+1)^0,f,c
  8564   001D88  B0D8               	btfsc	status,0,c
  8565   001D8A  2A04               	incf	(___awdiv@divisor+1)^0,f,c
  8566   001D8C  0E01               	movlw	1
  8567   001D8E  6E06               	movwf	___awdiv@sign^0,c
  8568   001D90                     l3197:
  8569   001D90  BE02               	btfsc	(___awdiv@dividend+1)^0,7,c
  8570   001D92  EFCF  F00E         	goto	u2270
  8571   001D96  EFCD  F00E         	goto	u2271
  8572   001D9A                     u2271:
  8573   001D9A  EFD5  F00E         	goto	l3203
  8574   001D9E                     u2270:
  8575   001D9E  6C01               	negf	___awdiv@dividend^0,c
  8576   001DA0  1E02               	comf	(___awdiv@dividend+1)^0,f,c
  8577   001DA2  B0D8               	btfsc	status,0,c
  8578   001DA4  2A02               	incf	(___awdiv@dividend+1)^0,f,c
  8579   001DA6  0E01               	movlw	1
  8580   001DA8  1A06               	xorwf	___awdiv@sign^0,f,c
  8581   001DAA                     l3203:
  8582   001DAA  0E00               	movlw	0
  8583   001DAC  6E08               	movwf	(___awdiv@quotient+1)^0,c
  8584   001DAE  0E00               	movlw	0
  8585   001DB0  6E07               	movwf	___awdiv@quotient^0,c
  8586   001DB2  5003               	movf	___awdiv@divisor^0,w,c
  8587   001DB4  1004               	iorwf	(___awdiv@divisor+1)^0,w,c
  8588   001DB6  B4D8               	btfsc	status,2,c
  8589   001DB8  EFE0  F00E         	goto	u2281
  8590   001DBC  EFE2  F00E         	goto	u2280
  8591   001DC0                     u2281:
  8592   001DC0  EF0A  F00F         	goto	l3225
  8593   001DC4                     u2280:
  8594   001DC4  0E01               	movlw	1
  8595   001DC6  6E05               	movwf	___awdiv@counter^0,c
  8596   001DC8  EFEA  F00E         	goto	l3211
  8597   001DCC                     l3209:
  8598   001DCC  90D8               	bcf	status,0,c
  8599   001DCE  3603               	rlcf	___awdiv@divisor^0,f,c
  8600   001DD0  3604               	rlcf	(___awdiv@divisor+1)^0,f,c
  8601   001DD2  2A05               	incf	___awdiv@counter^0,f,c
  8602   001DD4                     l3211:
  8603   001DD4  AE04               	btfss	(___awdiv@divisor+1)^0,7,c
  8604   001DD6  EFEF  F00E         	goto	u2291
  8605   001DDA  EFF1  F00E         	goto	u2290
  8606   001DDE                     u2291:
  8607   001DDE  EFE6  F00E         	goto	l3209
  8608   001DE2                     u2290:
  8609   001DE2                     l3213:
  8610   001DE2  90D8               	bcf	status,0,c
  8611   001DE4  3607               	rlcf	___awdiv@quotient^0,f,c
  8612   001DE6  3608               	rlcf	(___awdiv@quotient+1)^0,f,c
  8613   001DE8  5003               	movf	___awdiv@divisor^0,w,c
  8614   001DEA  5C01               	subwf	___awdiv@dividend^0,w,c
  8615   001DEC  5004               	movf	(___awdiv@divisor+1)^0,w,c
  8616   001DEE  5802               	subwfb	(___awdiv@dividend+1)^0,w,c
  8617   001DF0  A0D8               	btfss	status,0,c
  8618   001DF2  EFFD  F00E         	goto	u2301
  8619   001DF6  EFFF  F00E         	goto	u2300
  8620   001DFA                     u2301:
  8621   001DFA  EF04  F00F         	goto	l3221
  8622   001DFE                     u2300:
  8623   001DFE  5003               	movf	___awdiv@divisor^0,w,c
  8624   001E00  5E01               	subwf	___awdiv@dividend^0,f,c
  8625   001E02  5004               	movf	(___awdiv@divisor+1)^0,w,c
  8626   001E04  5A02               	subwfb	(___awdiv@dividend+1)^0,f,c
  8627   001E06  8007               	bsf	___awdiv@quotient^0,0,c
  8628   001E08                     l3221:
  8629   001E08  90D8               	bcf	status,0,c
  8630   001E0A  3204               	rrcf	(___awdiv@divisor+1)^0,f,c
  8631   001E0C  3203               	rrcf	___awdiv@divisor^0,f,c
  8632   001E0E  2E05               	decfsz	___awdiv@counter^0,f,c
  8633   001E10  EFF1  F00E         	goto	l3213
  8634   001E14                     l3225:
  8635   001E14  5006               	movf	___awdiv@sign^0,w,c
  8636   001E16  B4D8               	btfsc	status,2,c
  8637   001E18  EF10  F00F         	goto	u2311
  8638   001E1C  EF12  F00F         	goto	u2310
  8639   001E20                     u2311:
  8640   001E20  EF16  F00F         	goto	l3229
  8641   001E24                     u2310:
  8642   001E24  6C07               	negf	___awdiv@quotient^0,c
  8643   001E26  1E08               	comf	(___awdiv@quotient+1)^0,f,c
  8644   001E28  B0D8               	btfsc	status,0,c
  8645   001E2A  2A08               	incf	(___awdiv@quotient+1)^0,f,c
  8646   001E2C                     l3229:
  8647   001E2C  C007  F001         	movff	___awdiv@quotient,?___awdiv
  8648   001E30  C008  F002         	movff	___awdiv@quotient+1,?___awdiv+1
  8649   001E34  0012               	return		;funcret
  8650   001E36                     __end_of___awdiv:
  8651                           	callstack 0
  8652                           
  8653 ;; *************** function _init_config *****************
  8654 ;; Defined at:
  8655 ;;		line 12 in file "main.c"
  8656 ;; Parameters:    Size  Location     Type
  8657 ;;		None
  8658 ;; Auto vars:     Size  Location     Type
  8659 ;;		None
  8660 ;; Return value:  Size  Location     Type
  8661 ;;                  1    wreg      void 
  8662 ;; Registers used:
  8663 ;;		wreg, status,2, status,0, cstack
  8664 ;; Tracked objects:
  8665 ;;		On entry : 0/0
  8666 ;;		On exit  : 0/0
  8667 ;;		Unchanged: 0/0
  8668 ;; Data sizes:     COMRAM   BANK0   BANK1   BANK2   BANK3   BANK4   BANK5
  8669 ;;      Params:         0       0       0       0       0       0       0
  8670 ;;      Locals:         0       0       0       0       0       0       0
  8671 ;;      Temps:          0       0       0       0       0       0       0
  8672 ;;      Totals:         0       0       0       0       0       0       0
  8673 ;;Total ram usage:        0 bytes
  8674 ;; Hardware stack levels used: 1
  8675 ;; Hardware stack levels required when called: 5
  8676 ;; This function calls:
  8677 ;;		_init_adc
  8678 ;;		_init_clcd
  8679 ;;		_init_ds1307
  8680 ;;		_init_i2c
  8681 ;;		_init_matrix_keypad
  8682 ;;		_init_uart
  8683 ;; This function is called by:
  8684 ;;		_main
  8685 ;; This function uses a non-reentrant model
  8686 ;;
  8687                           
  8688                           	psect	text18
  8689   00151C                     __ptext18:
  8690                           	callstack 0
  8691   00151C                     _init_config:
  8692                           	callstack 25
  8693   00151C                     
  8694                           ;main.c: 15:     state = e_dashboard;
  8695   00151C  6A49               	clrf	_state^0,c
  8696   00151E                     
  8697                           ;main.c: 16:     init_clcd();
  8698   00151E  EC65  F00D         	call	_init_clcd	;wreg free
  8699   001522                     
  8700                           ;main.c: 17:     init_adc();
  8701   001522  EC80  F00A         	call	_init_adc	;wreg free
  8702   001526                     
  8703                           ;main.c: 18:     init_i2c();
  8704   001526  EC50  F00A         	call	_init_i2c	;wreg free
  8705   00152A                     
  8706                           ;main.c: 19:     init_ds1307();
  8707   00152A  EC4D  F00B         	call	_init_ds1307	;wreg free
  8708   00152E                     
  8709                           ;main.c: 20:     init_matrix_keypad();
  8710   00152E  EC47  F00A         	call	_init_matrix_keypad	;wreg free
  8711   001532                     
  8712                           ;main.c: 21:     init_uart();
  8713   001532  ECAB  F00A         	call	_init_uart	;wreg free
  8714   001536  0012               	return		;funcret
  8715   001538                     __end_of_init_config:
  8716                           	callstack 0
  8717                           
  8718 ;; *************** function _init_uart *****************
  8719 ;; Defined at:
  8720 ;;		line 11 in file "uart.c"
  8721 ;; Parameters:    Size  Location     Type
  8722 ;;		None
  8723 ;; Auto vars:     Size  Location     Type
  8724 ;;		None
  8725 ;; Return value:  Size  Location     Type
  8726 ;;                  1    wreg      void 
  8727 ;; Registers used:
  8728 ;;		wreg, status,2
  8729 ;; Tracked objects:
  8730 ;;		On entry : 0/0
  8731 ;;		On exit  : 0/0
  8732 ;;		Unchanged: 0/0
  8733 ;; Data sizes:     COMRAM   BANK0   BANK1   BANK2   BANK3   BANK4   BANK5
  8734 ;;      Params:         0       0       0       0       0       0       0
  8735 ;;      Locals:         0       0       0       0       0       0       0
  8736 ;;      Temps:          0       0       0       0       0       0       0
  8737 ;;      Totals:         0       0       0       0       0       0       0
  8738 ;;Total ram usage:        0 bytes
  8739 ;; Hardware stack levels used: 1
  8740 ;; This function calls:
  8741 ;;		Nothing
  8742 ;; This function is called by:
  8743 ;;		_init_config
  8744 ;; This function uses a non-reentrant model
  8745 ;;
  8746                           
  8747                           	psect	text19
  8748   001556                     __ptext19:
  8749                           	callstack 0
  8750   001556                     _init_uart:
  8751                           	callstack 29
  8752   001556                     
  8753                           ;uart.c: 14:  TRISC7 = 1;
  8754   001556  8E94               	bsf	3988,7,c	;volatile
  8755                           
  8756                           ;uart.c: 15:  TRISC6 = 0;
  8757   001558  9C94               	bcf	3988,6,c	;volatile
  8758                           
  8759                           ;uart.c: 19:  TX9 = 0;
  8760   00155A  9CAC               	bcf	4012,6,c	;volatile
  8761                           
  8762                           ;uart.c: 21:  TXEN = 1;
  8763   00155C  8AAC               	bsf	4012,5,c	;volatile
  8764                           
  8765                           ;uart.c: 24:  SYNC = 0;
  8766   00155E  98AC               	bcf	4012,4,c	;volatile
  8767                           
  8768                           ;uart.c: 26:  SENDB = 0;
  8769   001560  96AC               	bcf	4012,3,c	;volatile
  8770                           
  8771                           ;uart.c: 29:  BRGH = 1;
  8772   001562  84AC               	bsf	4012,2,c	;volatile
  8773                           
  8774                           ;uart.c: 33:  SPEN = 1;
  8775   001564  8EAB               	bsf	4011,7,c	;volatile
  8776                           
  8777                           ;uart.c: 35:  RX9 = 0;
  8778   001566  9CAB               	bcf	4011,6,c	;volatile
  8779                           
  8780                           ;uart.c: 37:  CREN = 1;
  8781   001568  88AB               	bsf	4011,4,c	;volatile
  8782                           
  8783                           ;uart.c: 42:  BRG16 = 0;
  8784   00156A  96B8               	bcf	4024,3,c	;volatile
  8785   00156C                     
  8786                           ;uart.c: 47:  SPBRG = 129;
  8787   00156C  0E81               	movlw	129
  8788   00156E  6EAF               	movwf	175,c	;volatile
  8789   001570                     
  8790                           ;uart.c: 51:  TXIF = 0;
  8791   001570  989E               	bcf	3998,4,c	;volatile
  8792   001572                     
  8793                           ;uart.c: 54:  RCIF = 0;
  8794   001572  9A9E               	bcf	3998,5,c	;volatile
  8795   001574  0012               	return		;funcret
  8796   001576                     __end_of_init_uart:
  8797                           	callstack 0
  8798                           
  8799 ;; *************** function _init_matrix_keypad *****************
  8800 ;; Defined at:
  8801 ;;		line 9 in file "matrix_keypad.c"
  8802 ;; Parameters:    Size  Location     Type
  8803 ;;		None
  8804 ;; Auto vars:     Size  Location     Type
  8805 ;;		None
  8806 ;; Return value:  Size  Location     Type
  8807 ;;                  1    wreg      void 
  8808 ;; Registers used:
  8809 ;;		wreg, status,2, status,0
  8810 ;; Tracked objects:
  8811 ;;		On entry : 0/0
  8812 ;;		On exit  : 0/0
  8813 ;;		Unchanged: 0/0
  8814 ;; Data sizes:     COMRAM   BANK0   BANK1   BANK2   BANK3   BANK4   BANK5
  8815 ;;      Params:         0       0       0       0       0       0       0
  8816 ;;      Locals:         0       0       0       0       0       0       0
  8817 ;;      Temps:          0       0       0       0       0       0       0
  8818 ;;      Totals:         0       0       0       0       0       0       0
  8819 ;;Total ram usage:        0 bytes
  8820 ;; Hardware stack levels used: 1
  8821 ;; This function calls:
  8822 ;;		Nothing
  8823 ;; This function is called by:
  8824 ;;		_init_config
  8825 ;; This function uses a non-reentrant model
  8826 ;;
  8827                           
  8828                           	psect	text20
  8829   00148E                     __ptext20:
  8830                           	callstack 0
  8831   00148E                     _init_matrix_keypad:
  8832                           	callstack 29
  8833   00148E                     
  8834                           ;matrix_keypad.c: 12:  ADCON1 = 0x0F;
  8835   00148E  0E0F               	movlw	15
  8836   001490  6EC1               	movwf	193,c	;volatile
  8837                           
  8838                           ;matrix_keypad.c: 15:  TRISB = 0x1E;
  8839   001492  0E1E               	movlw	30
  8840   001494  6E93               	movwf	147,c	;volatile
  8841   001496                     
  8842                           ;matrix_keypad.c: 18:  RBPU = 0;
  8843   001496  9EF1               	bcf	4081,7,c	;volatile
  8844   001498                     
  8845                           ;matrix_keypad.c: 20:  PORTB = PORTB | 0xE0;
  8846   001498  5081               	movf	129,w,c	;volatile
  8847   00149A  09E0               	iorlw	224
  8848   00149C  6E81               	movwf	129,c	;volatile
  8849   00149E  0012               	return		;funcret
  8850   0014A0                     __end_of_init_matrix_keypad:
  8851                           	callstack 0
  8852                           
  8853 ;; *************** function _init_i2c *****************
  8854 ;; Defined at:
  8855 ;;		line 9 in file "i2c.c"
  8856 ;; Parameters:    Size  Location     Type
  8857 ;;		None
  8858 ;; Auto vars:     Size  Location     Type
  8859 ;;		None
  8860 ;; Return value:  Size  Location     Type
  8861 ;;                  1    wreg      void 
  8862 ;; Registers used:
  8863 ;;		wreg, status,2
  8864 ;; Tracked objects:
  8865 ;;		On entry : 0/0
  8866 ;;		On exit  : 0/0
  8867 ;;		Unchanged: 0/0
  8868 ;; Data sizes:     COMRAM   BANK0   BANK1   BANK2   BANK3   BANK4   BANK5
  8869 ;;      Params:         0       0       0       0       0       0       0
  8870 ;;      Locals:         0       0       0       0       0       0       0
  8871 ;;      Temps:          0       0       0       0       0       0       0
  8872 ;;      Totals:         0       0       0       0       0       0       0
  8873 ;;Total ram usage:        0 bytes
  8874 ;; Hardware stack levels used: 1
  8875 ;; This function calls:
  8876 ;;		Nothing
  8877 ;; This function is called by:
  8878 ;;		_init_config
  8879 ;; This function uses a non-reentrant model
  8880 ;;
  8881                           
  8882                           	psect	text21
  8883   0014A0                     __ptext21:
  8884                           	callstack 0
  8885   0014A0                     _init_i2c:
  8886                           	callstack 29
  8887   0014A0                     
  8888                           ;i2c.c: 12:  TRISC3 = 1;
  8889   0014A0  8694               	bsf	3988,3,c	;volatile
  8890                           
  8891                           ;i2c.c: 13:  TRISC4 = 1;
  8892   0014A2  8894               	bsf	3988,4,c	;volatile
  8893   0014A4                     
  8894                           ;i2c.c: 15:  SSPCON1 = 0x28;
  8895   0014A4  0E28               	movlw	40
  8896   0014A6  6EC6               	movwf	198,c	;volatile
  8897                           
  8898                           ;i2c.c: 17:  SSPADD = 0x31;
  8899   0014A8  0E31               	movlw	49
  8900   0014AA  6EC8               	movwf	200,c	;volatile
  8901   0014AC                     
  8902                           ;i2c.c: 19:  CKE = 0;
  8903   0014AC  9CC7               	bcf	4039,6,c	;volatile
  8904   0014AE                     
  8905                           ;i2c.c: 21:  SMP = 1;
  8906   0014AE  8EC7               	bsf	4039,7,c	;volatile
  8907   0014B0                     
  8908                           ;i2c.c: 23:  SSPIF = 0;
  8909   0014B0  969E               	bcf	3998,3,c	;volatile
  8910   0014B2                     
  8911                           ;i2c.c: 25:  BCLIF = 0;
  8912   0014B2  96A1               	bcf	4001,3,c	;volatile
  8913   0014B4  0012               	return		;funcret
  8914   0014B6                     __end_of_init_i2c:
  8915                           	callstack 0
  8916                           
  8917 ;; *************** function _init_ds1307 *****************
  8918 ;; Defined at:
  8919 ;;		line 17 in file "ds1307.c"
  8920 ;; Parameters:    Size  Location     Type
  8921 ;;		None
  8922 ;; Auto vars:     Size  Location     Type
  8923 ;;  dummy           1   10[COMRAM] unsigned char 
  8924 ;; Return value:  Size  Location     Type
  8925 ;;                  1    wreg      void 
  8926 ;; Registers used:
  8927 ;;		wreg, status,2, status,0, cstack
  8928 ;; Tracked objects:
  8929 ;;		On entry : 0/0
  8930 ;;		On exit  : 0/0
  8931 ;;		Unchanged: 0/0
  8932 ;; Data sizes:     COMRAM   BANK0   BANK1   BANK2   BANK3   BANK4   BANK5
  8933 ;;      Params:         0       0       0       0       0       0       0
  8934 ;;      Locals:         1       0       0       0       0       0       0
  8935 ;;      Temps:          0       0       0       0       0       0       0
  8936 ;;      Totals:         1       0       0       0       0       0       0
  8937 ;;Total ram usage:        1 bytes
  8938 ;; Hardware stack levels used: 1
  8939 ;; Hardware stack levels required when called: 4
  8940 ;; This function calls:
  8941 ;;		_read_ds1307
  8942 ;;		_write_ds1307
  8943 ;; This function is called by:
  8944 ;;		_init_config
  8945 ;; This function uses a non-reentrant model
  8946 ;;
  8947                           
  8948                           	psect	text22
  8949   00169A                     __ptext22:
  8950                           	callstack 0
  8951   00169A                     _init_ds1307:
  8952                           	callstack 25
  8953   00169A                     
  8954                           ;ds1307.c: 19:  unsigned char dummy;;ds1307.c: 22:  dummy = read_ds1307(0x00);
  8955   00169A  0E00               	movlw	0
  8956   00169C  ECE1  F00A         	call	_read_ds1307
  8957   0016A0  6E0B               	movwf	init_ds1307@dummy^0,c
  8958   0016A2                     
  8959                           ;ds1307.c: 23:  write_ds1307(0x00, dummy | 0x80);
  8960   0016A2  500B               	movf	init_ds1307@dummy^0,w,c
  8961   0016A4  0980               	iorlw	128
  8962   0016A6  6E09               	movwf	write_ds1307@data^0,c
  8963   0016A8  0E00               	movlw	0
  8964   0016AA  EC9C  F00A         	call	_write_ds1307
  8965   0016AE                     
  8966                           ;ds1307.c: 26:  dummy = read_ds1307(0x02);
  8967   0016AE  0E02               	movlw	2
  8968   0016B0  ECE1  F00A         	call	_read_ds1307
  8969   0016B4  6E0B               	movwf	init_ds1307@dummy^0,c
  8970                           
  8971                           ;ds1307.c: 27:  write_ds1307(0x02, dummy | 0x40);
  8972   0016B6  500B               	movf	init_ds1307@dummy^0,w,c
  8973   0016B8  0940               	iorlw	64
  8974   0016BA  6E09               	movwf	write_ds1307@data^0,c
  8975   0016BC  0E02               	movlw	2
  8976   0016BE  EC9C  F00A         	call	_write_ds1307
  8977   0016C2                     
  8978                           ;ds1307.c: 42:  write_ds1307(0x07, 0x93);
  8979   0016C2  0E93               	movlw	147
  8980   0016C4  6E09               	movwf	write_ds1307@data^0,c
  8981   0016C6  0E07               	movlw	7
  8982   0016C8  EC9C  F00A         	call	_write_ds1307
  8983   0016CC                     
  8984                           ;ds1307.c: 45:  dummy = read_ds1307(0x00);
  8985   0016CC  0E00               	movlw	0
  8986   0016CE  ECE1  F00A         	call	_read_ds1307
  8987   0016D2  6E0B               	movwf	init_ds1307@dummy^0,c
  8988                           
  8989                           ;ds1307.c: 46:  write_ds1307(0x00, dummy & 0x7F);
  8990   0016D4  500B               	movf	init_ds1307@dummy^0,w,c
  8991   0016D6  0B7F               	andlw	127
  8992   0016D8  6E09               	movwf	write_ds1307@data^0,c
  8993   0016DA  0E00               	movlw	0
  8994   0016DC  EC9C  F00A         	call	_write_ds1307
  8995   0016E0  0012               	return		;funcret
  8996   0016E2                     __end_of_init_ds1307:
  8997                           	callstack 0
  8998                           
  8999 ;; *************** function _write_ds1307 *****************
  9000 ;; Defined at:
  9001 ;;		line 50 in file "ds1307.c"
  9002 ;; Parameters:    Size  Location     Type
  9003 ;;  address         1    wreg     unsigned char 
  9004 ;;  data            1    8[COMRAM] unsigned char 
  9005 ;; Auto vars:     Size  Location     Type
  9006 ;;  address         1    9[COMRAM] unsigned char 
  9007 ;; Return value:  Size  Location     Type
  9008 ;;                  1    wreg      void 
  9009 ;; Registers used:
  9010 ;;		wreg, status,2, cstack
  9011 ;; Tracked objects:
  9012 ;;		On entry : 0/0
  9013 ;;		On exit  : 0/0
  9014 ;;		Unchanged: 0/0
  9015 ;; Data sizes:     COMRAM   BANK0   BANK1   BANK2   BANK3   BANK4   BANK5
  9016 ;;      Params:         1       0       0       0       0       0       0
  9017 ;;      Locals:         1       0       0       0       0       0       0
  9018 ;;      Temps:          0       0       0       0       0       0       0
  9019 ;;      Totals:         2       0       0       0       0       0       0
  9020 ;;Total ram usage:        2 bytes
  9021 ;; Hardware stack levels used: 1
  9022 ;; Hardware stack levels required when called: 2
  9023 ;; This function calls:
  9024 ;;		_i2c_start
  9025 ;;		_i2c_stop
  9026 ;;		_i2c_write
  9027 ;; This function is called by:
  9028 ;;		_init_ds1307
  9029 ;;		_set_time
  9030 ;; This function uses a non-reentrant model
  9031 ;;
  9032                           
  9033                           	psect	text23
  9034   001538                     __ptext23:
  9035                           	callstack 0
  9036   001538                     _write_ds1307:
  9037                           	callstack 27
  9038                           
  9039                           ;incstack = 0
  9040                           ;write_ds1307@address stored from wreg
  9041   001538  6E0A               	movwf	write_ds1307@address^0,c
  9042   00153A                     
  9043                           ;ds1307.c: 50: void write_ds1307(unsigned char address, unsigned char data);ds1307.c: 51
      +                          : {;ds1307.c: 52:  i2c_start();
  9044   00153A  EC1A  F00A         	call	_i2c_start	;wreg free
  9045   00153E                     
  9046                           ;ds1307.c: 53:  i2c_write(0xD0);
  9047   00153E  0ED0               	movlw	208
  9048   001540  EC2A  F00A         	call	_i2c_write
  9049   001544                     
  9050                           ;ds1307.c: 54:  i2c_write(address);
  9051   001544  500A               	movf	write_ds1307@address^0,w,c
  9052   001546  EC2A  F00A         	call	_i2c_write
  9053   00154A                     
  9054                           ;ds1307.c: 55:  i2c_write(data);
  9055   00154A  5009               	movf	write_ds1307@data^0,w,c
  9056   00154C  EC2A  F00A         	call	_i2c_write
  9057   001550                     
  9058                           ;ds1307.c: 56:  i2c_stop();
  9059   001550  EC1E  F00A         	call	_i2c_stop	;wreg free
  9060   001554  0012               	return		;funcret
  9061   001556                     __end_of_write_ds1307:
  9062                           	callstack 0
  9063                           
  9064 ;; *************** function _read_ds1307 *****************
  9065 ;; Defined at:
  9066 ;;		line 59 in file "ds1307.c"
  9067 ;; Parameters:    Size  Location     Type
  9068 ;;  address         1    wreg     unsigned char 
  9069 ;; Auto vars:     Size  Location     Type
  9070 ;;  address         1    1[COMRAM] unsigned char 
  9071 ;;  data            1    2[COMRAM] unsigned char 
  9072 ;; Return value:  Size  Location     Type
  9073 ;;                  1    wreg      unsigned char 
  9074 ;; Registers used:
  9075 ;;		wreg, status,2, cstack
  9076 ;; Tracked objects:
  9077 ;;		On entry : 0/0
  9078 ;;		On exit  : 0/0
  9079 ;;		Unchanged: 0/0
  9080 ;; Data sizes:     COMRAM   BANK0   BANK1   BANK2   BANK3   BANK4   BANK5
  9081 ;;      Params:         0       0       0       0       0       0       0
  9082 ;;      Locals:         2       0       0       0       0       0       0
  9083 ;;      Temps:          0       0       0       0       0       0       0
  9084 ;;      Totals:         2       0       0       0       0       0       0
  9085 ;;Total ram usage:        2 bytes
  9086 ;; Hardware stack levels used: 1
  9087 ;; Hardware stack levels required when called: 3
  9088 ;; This function calls:
  9089 ;;		_i2c_read
  9090 ;;		_i2c_rep_start
  9091 ;;		_i2c_start
  9092 ;;		_i2c_stop
  9093 ;;		_i2c_write
  9094 ;; This function is called by:
  9095 ;;		_init_ds1307
  9096 ;;		_get_time
  9097 ;; This function uses a non-reentrant model
  9098 ;;
  9099                           
  9100                           	psect	text24
  9101   0015C2                     __ptext24:
  9102                           	callstack 0
  9103   0015C2                     _read_ds1307:
  9104                           	callstack 25
  9105                           
  9106                           ;incstack = 0
  9107                           ;read_ds1307@address stored from wreg
  9108   0015C2  6E02               	movwf	read_ds1307@address^0,c
  9109   0015C4                     
  9110                           ;ds1307.c: 59: unsigned char read_ds1307(unsigned char address);ds1307.c: 60: {;ds1307.c
      +                          : 61:  unsigned char data;;ds1307.c: 63:  i2c_start();
  9111   0015C4  EC1A  F00A         	call	_i2c_start	;wreg free
  9112   0015C8                     
  9113                           ;ds1307.c: 64:  i2c_write(0xD0);
  9114   0015C8  0ED0               	movlw	208
  9115   0015CA  EC2A  F00A         	call	_i2c_write
  9116   0015CE                     
  9117                           ;ds1307.c: 65:  i2c_write(address);
  9118   0015CE  5002               	movf	read_ds1307@address^0,w,c
  9119   0015D0  EC2A  F00A         	call	_i2c_write
  9120   0015D4                     
  9121                           ;ds1307.c: 66:  i2c_rep_start();
  9122   0015D4  EC26  F00A         	call	_i2c_rep_start	;wreg free
  9123   0015D8                     
  9124                           ;ds1307.c: 67:  i2c_write(0xD1);
  9125   0015D8  0ED1               	movlw	209
  9126   0015DA  EC2A  F00A         	call	_i2c_write
  9127                           
  9128                           ;ds1307.c: 68:  data = i2c_read();
  9129   0015DE  EC30  F00A         	call	_i2c_read	;wreg free
  9130   0015E2  6E03               	movwf	read_ds1307@data^0,c
  9131   0015E4                     
  9132                           ;ds1307.c: 69:  i2c_stop();
  9133   0015E4  EC1E  F00A         	call	_i2c_stop	;wreg free
  9134                           
  9135                           ;ds1307.c: 71:  return data;
  9136   0015E8  5003               	movf	read_ds1307@data^0,w,c
  9137   0015EA  0012               	return		;funcret
  9138   0015EC                     __end_of_read_ds1307:
  9139                           	callstack 0
  9140                           
  9141 ;; *************** function _init_clcd *****************
  9142 ;; Defined at:
  9143 ;;		line 33 in file "clcd.c"
  9144 ;; Parameters:    Size  Location     Type
  9145 ;;		None
  9146 ;; Auto vars:     Size  Location     Type
  9147 ;;		None
  9148 ;; Return value:  Size  Location     Type
  9149 ;;                  1    wreg      void 
  9150 ;; Registers used:
  9151 ;;		wreg, status,2, status,0, cstack
  9152 ;; Tracked objects:
  9153 ;;		On entry : 0/0
  9154 ;;		On exit  : 0/0
  9155 ;;		Unchanged: 0/0
  9156 ;; Data sizes:     COMRAM   BANK0   BANK1   BANK2   BANK3   BANK4   BANK5
  9157 ;;      Params:         0       0       0       0       0       0       0
  9158 ;;      Locals:         0       0       0       0       0       0       0
  9159 ;;      Temps:          1       0       0       0       0       0       0
  9160 ;;      Totals:         1       0       0       0       0       0       0
  9161 ;;Total ram usage:        1 bytes
  9162 ;; Hardware stack levels used: 1
  9163 ;; Hardware stack levels required when called: 1
  9164 ;; This function calls:
  9165 ;;		_clcd_write
  9166 ;; This function is called by:
  9167 ;;		_init_config
  9168 ;; This function uses a non-reentrant model
  9169 ;;
  9170                           
  9171                           	psect	text25
  9172   001ACA                     __ptext25:
  9173                           	callstack 0
  9174   001ACA                     _init_clcd:
  9175                           	callstack 28
  9176   001ACA                     
  9177                           ;clcd.c: 36:  TRISD = 0x00;
  9178   001ACA  6A95               	clrf	149,c	;volatile
  9179   001ACC                     
  9180                           ;clcd.c: 38:  TRISC = TRISC & 0xF8;
  9181   001ACC  5094               	movf	148,w,c	;volatile
  9182   001ACE  0BF8               	andlw	248
  9183   001AD0  6E94               	movwf	148,c	;volatile
  9184   001AD2                     
  9185                           ;clcd.c: 40:  RC0 = 0;
  9186   001AD2  9082               	bcf	3970,0,c	;volatile
  9187   001AD4                     
  9188                           ;clcd.c: 44:     _delay((unsigned long)((30)*(20000000/4000.0)));
  9189   001AD4  0EC3               	movlw	195
  9190   001AD6  6E03               	movwf	??_init_clcd^0,c
  9191   001AD8  0ECD               	movlw	205
  9192   001ADA                     u2777:
  9193   001ADA  2EE8               	decfsz	wreg,f,c
  9194   001ADC  D7FE               	bra	u2777
  9195   001ADE  2E03               	decfsz	??_init_clcd^0,f,c
  9196   001AE0  D7FC               	bra	u2777
  9197   001AE2  0000               	nop	
  9198   001AE4                     
  9199                           ;clcd.c: 47:     clcd_write(0x33, 0 );
  9200   001AE4  0E00               	movlw	0
  9201   001AE6  6E01               	movwf	clcd_write@control_bit^0,c
  9202   001AE8  0E33               	movlw	51
  9203   001AEA  EC0D  F00B         	call	_clcd_write
  9204   001AEE                     
  9205                           ;clcd.c: 48:     _delay((unsigned long)((4100)*(20000000/4000000.0)));
  9206   001AEE  0E1B               	movlw	27
  9207   001AF0  6E03               	movwf	??_init_clcd^0,c
  9208   001AF2  0E9E               	movlw	158
  9209   001AF4                     u2787:
  9210   001AF4  2EE8               	decfsz	wreg,f,c
  9211   001AF6  D7FE               	bra	u2787
  9212   001AF8  2E03               	decfsz	??_init_clcd^0,f,c
  9213   001AFA  D7FC               	bra	u2787
  9214   001AFC  D000               	nop2	
  9215   001AFE                     
  9216                           ;clcd.c: 49:     clcd_write(0x33, 0 );
  9217   001AFE  0E00               	movlw	0
  9218   001B00  6E01               	movwf	clcd_write@control_bit^0,c
  9219   001B02  0E33               	movlw	51
  9220   001B04  EC0D  F00B         	call	_clcd_write
  9221   001B08                     
  9222                           ;clcd.c: 50:     _delay((unsigned long)((100)*(20000000/4000000.0)));
  9223   001B08  0EA6               	movlw	166
  9224   001B0A                     u2797:
  9225   001B0A  2EE8               	decfsz	wreg,f,c
  9226   001B0C  D7FE               	bra	u2797
  9227   001B0E  D000               	nop2	
  9228   001B10                     
  9229                           ;clcd.c: 51:     clcd_write(0x33, 0 );
  9230   001B10  0E00               	movlw	0
  9231   001B12  6E01               	movwf	clcd_write@control_bit^0,c
  9232   001B14  0E33               	movlw	51
  9233   001B16  EC0D  F00B         	call	_clcd_write
  9234   001B1A                     
  9235                           ;clcd.c: 52:     _delay((unsigned long)((1)*(20000000/4000000.0)));
  9236   001B1A  D000               	nop2		;2 cycle nop
  9237   001B1C  D000               	nop2		;2 cycle nop
  9238   001B1E  0000               	nop	
  9239   001B20                     
  9240                           ;clcd.c: 54:     clcd_write(0x02, 0);
  9241   001B20  0E00               	movlw	0
  9242   001B22  6E01               	movwf	clcd_write@control_bit^0,c
  9243   001B24  0E02               	movlw	2
  9244   001B26  EC0D  F00B         	call	_clcd_write
  9245   001B2A                     
  9246                           ;clcd.c: 55:     _delay((unsigned long)((100)*(20000000/4000000.0)));
  9247   001B2A  0EA6               	movlw	166
  9248   001B2C                     u2807:
  9249   001B2C  2EE8               	decfsz	wreg,f,c
  9250   001B2E  D7FE               	bra	u2807
  9251   001B30  D000               	nop2	
  9252   001B32                     
  9253                           ;clcd.c: 56:     clcd_write(0x38, 0);
  9254   001B32  0E00               	movlw	0
  9255   001B34  6E01               	movwf	clcd_write@control_bit^0,c
  9256   001B36  0E38               	movlw	56
  9257   001B38  EC0D  F00B         	call	_clcd_write
  9258   001B3C                     
  9259                           ;clcd.c: 57:     _delay((unsigned long)((100)*(20000000/4000000.0)));
  9260   001B3C  0EA6               	movlw	166
  9261   001B3E                     u2817:
  9262   001B3E  2EE8               	decfsz	wreg,f,c
  9263   001B40  D7FE               	bra	u2817
  9264   001B42  D000               	nop2	
  9265   001B44                     
  9266                           ;clcd.c: 58:     clcd_write(0x01, 0);
  9267   001B44  0E00               	movlw	0
  9268   001B46  6E01               	movwf	clcd_write@control_bit^0,c
  9269   001B48  0E01               	movlw	1
  9270   001B4A  EC0D  F00B         	call	_clcd_write
  9271   001B4E                     
  9272                           ;clcd.c: 59:     _delay((unsigned long)((500)*(20000000/4000000.0)));
  9273   001B4E  0E04               	movlw	4
  9274   001B50  6E03               	movwf	??_init_clcd^0,c
  9275   001B52  0E3E               	movlw	62
  9276   001B54                     u2827:
  9277   001B54  2EE8               	decfsz	wreg,f,c
  9278   001B56  D7FE               	bra	u2827
  9279   001B58  2E03               	decfsz	??_init_clcd^0,f,c
  9280   001B5A  D7FC               	bra	u2827
  9281   001B5C                     
  9282                           ;clcd.c: 60:     clcd_write(0x0C, 0);
  9283   001B5C  0E00               	movlw	0
  9284   001B5E  6E01               	movwf	clcd_write@control_bit^0,c
  9285   001B60  0E0C               	movlw	12
  9286   001B62  EC0D  F00B         	call	_clcd_write
  9287   001B66                     
  9288                           ;clcd.c: 61:     _delay((unsigned long)((100)*(20000000/4000000.0)));
  9289   001B66  0EA6               	movlw	166
  9290   001B68                     u2837:
  9291   001B68  2EE8               	decfsz	wreg,f,c
  9292   001B6A  D7FE               	bra	u2837
  9293   001B6C  D000               	nop2	
  9294   001B6E  0012               	return		;funcret
  9295   001B70                     __end_of_init_clcd:
  9296                           	callstack 0
  9297                           
  9298 ;; *************** function _init_adc *****************
  9299 ;; Defined at:
  9300 ;;		line 9 in file "adc.c"
  9301 ;; Parameters:    Size  Location     Type
  9302 ;;		None
  9303 ;; Auto vars:     Size  Location     Type
  9304 ;;		None
  9305 ;; Return value:  Size  Location     Type
  9306 ;;                  1    wreg      void 
  9307 ;; Registers used:
  9308 ;;		None
  9309 ;; Tracked objects:
  9310 ;;		On entry : 0/0
  9311 ;;		On exit  : 0/0
  9312 ;;		Unchanged: 0/0
  9313 ;; Data sizes:     COMRAM   BANK0   BANK1   BANK2   BANK3   BANK4   BANK5
  9314 ;;      Params:         0       0       0       0       0       0       0
  9315 ;;      Locals:         0       0       0       0       0       0       0
  9316 ;;      Temps:          0       0       0       0       0       0       0
  9317 ;;      Totals:         0       0       0       0       0       0       0
  9318 ;;Total ram usage:        0 bytes
  9319 ;; Hardware stack levels used: 1
  9320 ;; This function calls:
  9321 ;;		Nothing
  9322 ;; This function is called by:
  9323 ;;		_init_config
  9324 ;; This function uses a non-reentrant model
  9325 ;;
  9326                           
  9327                           	psect	text26
  9328   001500                     __ptext26:
  9329                           	callstack 0
  9330   001500                     _init_adc:
  9331                           	callstack 29
  9332   001500                     
  9333                           ;adc.c: 12:  ADFM = 1;
  9334   001500  8EC0               	bsf	4032,7,c	;volatile
  9335                           
  9336                           ;adc.c: 18:  ACQT2 = 0;
  9337   001502  9AC0               	bcf	4032,5,c	;volatile
  9338                           
  9339                           ;adc.c: 19:  ACQT1 = 1;
  9340   001504  88C0               	bsf	4032,4,c	;volatile
  9341                           
  9342                           ;adc.c: 20:  ACQT0 = 0;
  9343   001506  96C0               	bcf	4032,3,c	;volatile
  9344                           
  9345                           ;adc.c: 26:  ADCS0 = 0;
  9346   001508  90C0               	bcf	4032,0,c	;volatile
  9347                           
  9348                           ;adc.c: 27:  ADCS1 = 1;
  9349   00150A  82C0               	bsf	4032,1,c	;volatile
  9350                           
  9351                           ;adc.c: 28:  ADCS2 = 0;
  9352   00150C  94C0               	bcf	4032,2,c	;volatile
  9353                           
  9354                           ;adc.c: 31:  GODONE = 0;
  9355   00150E  92C2               	bcf	4034,1,c	;volatile
  9356                           
  9357                           ;adc.c: 36:  VCFG1 = 0;
  9358   001510  9AC1               	bcf	4033,5,c	;volatile
  9359                           
  9360                           ;adc.c: 38:  VCFG0 = 0;
  9361   001512  98C1               	bcf	4033,4,c	;volatile
  9362                           
  9363                           ;adc.c: 41:  ADRESH = 0;
  9364   001514  6AC4               	clrf	196,c	;volatile
  9365                           
  9366                           ;adc.c: 42:  ADRESL = 0;
  9367   001516  6AC3               	clrf	195,c	;volatile
  9368                           
  9369                           ;adc.c: 45:  ADON = 1;
  9370   001518  80C2               	bsf	4034,0,c	;volatile
  9371   00151A  0012               	return		;funcret
  9372   00151C                     __end_of_init_adc:
  9373                           	callstack 0
  9374                           
  9375 ;; *************** function _download_log *****************
  9376 ;; Defined at:
  9377 ;;		line 65 in file "menu_options.c"
  9378 ;; Parameters:    Size  Location     Type
  9379 ;;		None
  9380 ;; Auto vars:     Size  Location     Type
  9381 ;;  ind             1   17[COMRAM] unsigned char 
  9382 ;;  stored_log_c    1   16[COMRAM] unsigned char 
  9383 ;;  addr            1    0        unsigned char 
  9384 ;; Return value:  Size  Location     Type
  9385 ;;                  1    wreg      void 
  9386 ;; Registers used:
  9387 ;;		wreg, fsr0l, fsr0h, fsr2l, fsr2h, status,2, status,0, tblptrl, tblptrh, tblptru, prodl, prodh, cstack
  9388 ;; Tracked objects:
  9389 ;;		On entry : 0/0
  9390 ;;		On exit  : 0/0
  9391 ;;		Unchanged: 0/0
  9392 ;; Data sizes:     COMRAM   BANK0   BANK1   BANK2   BANK3   BANK4   BANK5
  9393 ;;      Params:         0       0       0       0       0       0       0
  9394 ;;      Locals:         2       0       0       0       0       0       0
  9395 ;;      Temps:          2       0       0       0       0       0       0
  9396 ;;      Totals:         4       0       0       0       0       0       0
  9397 ;;Total ram usage:        4 bytes
  9398 ;; Hardware stack levels used: 1
  9399 ;; Hardware stack levels required when called: 5
  9400 ;; This function calls:
  9401 ;;		_event_reader
  9402 ;;		_putch
  9403 ;;		_puts
  9404 ;;		_read_external_eeprom
  9405 ;; This function is called by:
  9406 ;;		_main
  9407 ;; This function uses a non-reentrant model
  9408 ;;
  9409                           
  9410                           	psect	text27
  9411   001B70                     __ptext27:
  9412                           	callstack 0
  9413   001B70                     _download_log:
  9414                           	callstack 25
  9415   001B70                     
  9416                           ;menu_options.c: 67:      unsigned char stored_log_count, ind = 0, addr;
  9417   001B70  6A12               	clrf	download_log@ind^0,c
  9418   001B72                     
  9419                           ;menu_options.c: 68:      stored_log_count = read_external_eeprom(130);
  9420   001B72  0E82               	movlw	130
  9421   001B74  ECCC  F00A         	call	_read_external_eeprom
  9422   001B78  6E11               	movwf	download_log@stored_log_count^0,c
  9423   001B7A                     
  9424                           ;menu_options.c: 69:      if(stored_log_count == 0)
  9425   001B7A  5011               	movf	download_log@stored_log_count^0,w,c
  9426   001B7C  A4D8               	btfss	status,2,c
  9427   001B7E  EFC3  F00D         	goto	u2521
  9428   001B82  EFC5  F00D         	goto	u2520
  9429   001B86                     u2521:
  9430   001B86  EFDA  F00D         	goto	l3415
  9431   001B8A                     u2520:
  9432   001B8A                     
  9433                           ;menu_options.c: 70:      {;menu_options.c: 71:          puts("No logs available\n\r");
  9434   001B8A  0E1E               	movlw	low STR_103
  9435   001B8C  6E02               	movwf	puts@s^0,c
  9436   001B8E  0E2F               	movlw	high STR_103
  9437   001B90  6E03               	movwf	(puts@s+1)^0,c
  9438   001B92  EC98  F00B         	call	_puts	;wreg free
  9439   001B96                     
  9440                           ;menu_options.c: 72:          _delay((unsigned long)((2000)*(20000000/4000.0)));
  9441   001B96  0E33               	movlw	51
  9442   001B98  6E10               	movwf	(??_download_log+1)^0,c
  9443   001B9A  0EBB               	movlw	187
  9444   001B9C  6E0F               	movwf	??_download_log^0,c
  9445   001B9E  0EE0               	movlw	224
  9446   001BA0                     u2847:
  9447   001BA0  2EE8               	decfsz	wreg,f,c
  9448   001BA2  D7FE               	bra	u2847
  9449   001BA4  2E0F               	decfsz	??_download_log^0,f,c
  9450   001BA6  D7FC               	bra	u2847
  9451   001BA8  2E10               	decfsz	(??_download_log+1)^0,f,c
  9452   001BAA  D7FA               	bra	u2847
  9453   001BAC                     l3411:
  9454                           
  9455                           ;menu_options.c: 73:          state = e_main_menu;
  9456   001BAC  0E01               	movlw	1
  9457   001BAE  6E49               	movwf	_state^0,c
  9458   001BB0  EF0C  F00E         	goto	l574
  9459   001BB4                     l3415:
  9460                           
  9461                           ;menu_options.c: 77:      puts("E.No   TIME   EV SP \n\r");
  9462   001BB4  0E07               	movlw	low STR_104
  9463   001BB6  6E02               	movwf	puts@s^0,c
  9464   001BB8  0E2F               	movlw	high STR_104
  9465   001BBA  6E03               	movwf	(puts@s+1)^0,c
  9466   001BBC  EC98  F00B         	call	_puts	;wreg free
  9467                           
  9468                           ;menu_options.c: 78:      for( ; ind < stored_log_count; ind++ )
  9469   001BC0  EF01  F00E         	goto	l3435
  9470   001BC4                     l3417:
  9471                           
  9472                           ;menu_options.c: 79:      {;menu_options.c: 80:          event_reader(ind);
  9473   001BC4  5012               	movf	download_log@ind^0,w,c
  9474   001BC6  EC87  F010         	call	_event_reader
  9475   001BCA                     
  9476                           ;menu_options.c: 81:          putch(' ');
  9477   001BCA  0E20               	movlw	32
  9478   001BCC  EC5B  F00A         	call	_putch
  9479   001BD0                     
  9480                           ;menu_options.c: 82:          putch(ind+48);
  9481   001BD0  5012               	movf	download_log@ind^0,w,c
  9482   001BD2  0F30               	addlw	48
  9483   001BD4  EC5B  F00A         	call	_putch
  9484   001BD8                     
  9485                           ;menu_options.c: 83:          putch(' ');
  9486   001BD8  0E20               	movlw	32
  9487   001BDA  EC5B  F00A         	call	_putch
  9488   001BDE                     
  9489                           ;menu_options.c: 84:          putch(' ');
  9490   001BDE  0E20               	movlw	32
  9491   001BE0  EC5B  F00A         	call	_putch
  9492   001BE4                     
  9493                           ;menu_options.c: 85:          putch(' ');
  9494   001BE4  0E20               	movlw	32
  9495   001BE6  EC5B  F00A         	call	_putch
  9496   001BEA                     
  9497                           ;menu_options.c: 86:          puts(data);
  9498   001BEA  0E7A               	movlw	low _data
  9499   001BEC  6E02               	movwf	puts@s^0,c
  9500   001BEE  6A03               	clrf	(puts@s+1)^0,c
  9501   001BF0  EC98  F00B         	call	_puts	;wreg free
  9502   001BF4                     
  9503                           ;menu_options.c: 87:          puts("\n\r");
  9504   001BF4  0E1B               	movlw	low (STR_104+20)
  9505   001BF6  6E02               	movwf	puts@s^0,c
  9506   001BF8  0E2F               	movlw	high (STR_104+20)
  9507   001BFA  6E03               	movwf	(puts@s+1)^0,c
  9508   001BFC  EC98  F00B         	call	_puts	;wreg free
  9509   001C00                     
  9510                           ;menu_options.c: 88:      }
  9511   001C00  2A12               	incf	download_log@ind^0,f,c
  9512   001C02                     l3435:
  9513   001C02  5011               	movf	download_log@stored_log_count^0,w,c
  9514   001C04  5C12               	subwf	download_log@ind^0,w,c
  9515   001C06  A0D8               	btfss	status,0,c
  9516   001C08  EF08  F00E         	goto	u2531
  9517   001C0C  EF0A  F00E         	goto	u2530
  9518   001C10                     u2531:
  9519   001C10  EFE2  F00D         	goto	l3417
  9520   001C14                     u2530:
  9521   001C14  EFD6  F00D         	goto	l3411
  9522   001C18                     l574:
  9523   001C18  0012               	return		;funcret
  9524   001C1A                     __end_of_download_log:
  9525                           	callstack 0
  9526                           
  9527 ;; *************** function _puts *****************
  9528 ;; Defined at:
  9529 ;;		line 69 in file "uart.c"
  9530 ;; Parameters:    Size  Location     Type
  9531 ;;  s               2    1[COMRAM] PTR const unsigned char 
  9532 ;;		 -> STR_105(3), STR_104(23), STR_103(20), data(17), 
  9533 ;; Auto vars:     Size  Location     Type
  9534 ;;		None
  9535 ;; Return value:  Size  Location     Type
  9536 ;;                  2    1[COMRAM] int 
  9537 ;; Registers used:
  9538 ;;		wreg, fsr0l, fsr0h, status,2, status,0, tblptrl, tblptrh, tblptru, cstack
  9539 ;; Tracked objects:
  9540 ;;		On entry : 0/0
  9541 ;;		On exit  : 0/0
  9542 ;;		Unchanged: 0/0
  9543 ;; Data sizes:     COMRAM   BANK0   BANK1   BANK2   BANK3   BANK4   BANK5
  9544 ;;      Params:         2       0       0       0       0       0       0
  9545 ;;      Locals:         0       0       0       0       0       0       0
  9546 ;;      Temps:          0       0       0       0       0       0       0
  9547 ;;      Totals:         2       0       0       0       0       0       0
  9548 ;;Total ram usage:        2 bytes
  9549 ;; Hardware stack levels used: 1
  9550 ;; Hardware stack levels required when called: 1
  9551 ;; This function calls:
  9552 ;;		_putch
  9553 ;; This function is called by:
  9554 ;;		_download_log
  9555 ;; This function uses a non-reentrant model
  9556 ;;
  9557                           
  9558                           	psect	text28
  9559   001730                     __ptext28:
  9560                           	callstack 0
  9561   001730                     _puts:
  9562                           	callstack 28
  9563   001730                     
  9564                           ;uart.c: 69: int puts(const char *s);uart.c: 70: {;uart.c: 71:  while(*s)
  9565   001730  EFAE  F00B         	goto	l3187
  9566   001734                     l3183:
  9567                           
  9568                           ;uart.c: 72:  {;uart.c: 73:   putch(*s++);
  9569   001734  C002  FFF6         	movff	puts@s,tblptrl
  9570   001738  C003  FFF7         	movff	puts@s+1,tblptrh
  9571   00173C  6AF8               	clrf	tblptru,c
  9572   00173E  0E05               	movlw	(high __ramtop+-1)
  9573   001740  64F7               	cpfsgt	tblptrh,c
  9574   001742  D003               	bra	u2237
  9575   001744  0008               	tblrd		*
  9576   001746  50F5               	movf	tablat,w,c
  9577   001748  D005               	bra	u2230
  9578   00174A                     u2237:
  9579   00174A  CFF6 FFE9          	movff	tblptrl,fsr0l
  9580   00174E  CFF7 FFEA          	movff	tblptrh,fsr0h
  9581   001752  50EF               	movf	indf0,w,c
  9582   001754                     u2230:
  9583   001754  EC5B  F00A         	call	_putch
  9584   001758  4A02               	infsnz	puts@s^0,f,c
  9585   00175A  2A03               	incf	(puts@s+1)^0,f,c
  9586   00175C                     l3187:
  9587                           
  9588                           ;uart.c: 71:  while(*s)
  9589   00175C  C002  FFF6         	movff	puts@s,tblptrl
  9590   001760  C003  FFF7         	movff	puts@s+1,tblptrh
  9591   001764  6AF8               	clrf	tblptru,c
  9592   001766  0E05               	movlw	(high __ramtop+-1)
  9593   001768  64F7               	cpfsgt	tblptrh,c
  9594   00176A  D003               	bra	u2247
  9595   00176C  0008               	tblrd		*
  9596   00176E  50F5               	movf	tablat,w,c
  9597   001770  D005               	bra	u2240
  9598   001772                     u2247:
  9599   001772  CFF6 FFE9          	movff	tblptrl,fsr0l
  9600   001776  CFF7 FFEA          	movff	tblptrh,fsr0h
  9601   00177A  50EF               	movf	indf0,w,c
  9602   00177C                     u2240:
  9603   00177C  0900               	iorlw	0
  9604   00177E  A4D8               	btfss	status,2,c
  9605   001780  EFC4  F00B         	goto	u2251
  9606   001784  EFC6  F00B         	goto	u2250
  9607   001788                     u2251:
  9608   001788  EF9A  F00B         	goto	l3183
  9609   00178C                     u2250:
  9610   00178C  0012               	return		;funcret
  9611   00178E                     __end_of_puts:
  9612                           	callstack 0
  9613                           
  9614 ;; *************** function _putch *****************
  9615 ;; Defined at:
  9616 ;;		line 57 in file "uart.c"
  9617 ;; Parameters:    Size  Location     Type
  9618 ;;  byte            1    wreg     unsigned char 
  9619 ;; Auto vars:     Size  Location     Type
  9620 ;;  byte            1    0[COMRAM] unsigned char 
  9621 ;; Return value:  Size  Location     Type
  9622 ;;                  1    wreg      void 
  9623 ;; Registers used:
  9624 ;;		wreg
  9625 ;; Tracked objects:
  9626 ;;		On entry : 0/0
  9627 ;;		On exit  : 0/0
  9628 ;;		Unchanged: 0/0
  9629 ;; Data sizes:     COMRAM   BANK0   BANK1   BANK2   BANK3   BANK4   BANK5
  9630 ;;      Params:         0       0       0       0       0       0       0
  9631 ;;      Locals:         1       0       0       0       0       0       0
  9632 ;;      Temps:          0       0       0       0       0       0       0
  9633 ;;      Totals:         1       0       0       0       0       0       0
  9634 ;;Total ram usage:        1 bytes
  9635 ;; Hardware stack levels used: 1
  9636 ;; This function calls:
  9637 ;;		Nothing
  9638 ;; This function is called by:
  9639 ;;		_download_log
  9640 ;;		_puts
  9641 ;;		_getche
  9642 ;; This function uses a non-reentrant model
  9643 ;;
  9644                           
  9645                           	psect	text29
  9646   0014B6                     __ptext29:
  9647                           	callstack 0
  9648   0014B6                     _putch:
  9649                           	callstack 28
  9650                           
  9651                           ;incstack = 0
  9652                           ;putch@byte stored from wreg
  9653   0014B6  6E01               	movwf	putch@byte^0,c
  9654   0014B8                     l669:
  9655                           
  9656                           ;uart.c: 61:  while(!TXIF)
  9657   0014B8  A89E               	btfss	3998,4,c	;volatile
  9658   0014BA  EF61  F00A         	goto	u1621
  9659   0014BE  EF63  F00A         	goto	u1620
  9660   0014C2                     u1621:
  9661   0014C2  EF5C  F00A         	goto	l669
  9662   0014C6                     u1620:
  9663   0014C6                     
  9664                           ;uart.c: 65:  TXIF = 0;
  9665   0014C6  989E               	bcf	3998,4,c	;volatile
  9666   0014C8                     
  9667                           ;uart.c: 66:  TXREG = byte;
  9668   0014C8  C001  FFAD         	movff	putch@byte,4013	;volatile
  9669   0014CC  0012               	return		;funcret
  9670   0014CE                     __end_of_putch:
  9671                           	callstack 0
  9672                           
  9673 ;; *************** function _event_reader *****************
  9674 ;; Defined at:
  9675 ;;		line 92 in file "menu_options.c"
  9676 ;; Parameters:    Size  Location     Type
  9677 ;;  event_pos       1    wreg     unsigned char 
  9678 ;; Auto vars:     Size  Location     Type
  9679 ;;  event_pos       1    7[COMRAM] unsigned char 
  9680 ;;  ind             2   12[COMRAM] int 
  9681 ;;  addr            2   10[COMRAM] unsigned int 
  9682 ;;  i               2    8[COMRAM] int 
  9683 ;;  stored_log_c    2    5[COMRAM] unsigned int 
  9684 ;; Return value:  Size  Location     Type
  9685 ;;                  1    wreg      void 
  9686 ;; Registers used:
  9687 ;;		wreg, fsr2l, fsr2h, status,2, status,0, prodl, prodh, cstack
  9688 ;; Tracked objects:
  9689 ;;		On entry : 0/0
  9690 ;;		On exit  : 0/0
  9691 ;;		Unchanged: 0/0
  9692 ;; Data sizes:     COMRAM   BANK0   BANK1   BANK2   BANK3   BANK4   BANK5
  9693 ;;      Params:         0       0       0       0       0       0       0
  9694 ;;      Locals:         9       0       0       0       0       0       0
  9695 ;;      Temps:          2       0       0       0       0       0       0
  9696 ;;      Totals:        11       0       0       0       0       0       0
  9697 ;;Total ram usage:       11 bytes
  9698 ;; Hardware stack levels used: 1
  9699 ;; Hardware stack levels required when called: 4
  9700 ;; This function calls:
  9701 ;;		_read_external_eeprom
  9702 ;; This function is called by:
  9703 ;;		_view_log
  9704 ;;		_download_log
  9705 ;; This function uses a non-reentrant model
  9706 ;;
  9707                           
  9708                           	psect	text30
  9709   00210E                     __ptext30:
  9710                           	callstack 0
  9711   00210E                     _event_reader:
  9712                           	callstack 25
  9713                           
  9714                           ;incstack = 0
  9715                           ;event_reader@event_pos stored from wreg
  9716   00210E  6E08               	movwf	event_reader@event_pos^0,c
  9717   002110                     
  9718                           ;menu_options.c: 96:     stored_log_count = read_external_eeprom(130);
  9719   002110  0E82               	movlw	130
  9720   002112  ECCC  F00A         	call	_read_external_eeprom
  9721   002116  6E04               	movwf	??_event_reader^0,c
  9722   002118  5004               	movf	??_event_reader^0,w,c
  9723   00211A  6E06               	movwf	event_reader@stored_log_count^0,c
  9724   00211C  6A07               	clrf	(event_reader@stored_log_count+1)^0,c
  9725   00211E                     
  9726                           ;menu_options.c: 98:     int i, ind = 0;
  9727   00211E  0E00               	movlw	0
  9728   002120  6E0E               	movwf	(event_reader@ind+1)^0,c
  9729   002122  0E00               	movlw	0
  9730   002124  6E0D               	movwf	event_reader@ind^0,c
  9731   002126                     
  9732                           ;menu_options.c: 100:     addr = event_pos * 13;
  9733   002126  5008               	movf	event_reader@event_pos^0,w,c
  9734   002128  0D0D               	mullw	13
  9735   00212A  CFF3 F00B          	movff	prodl,event_reader@addr
  9736   00212E  CFF4 F00C          	movff	prodh,event_reader@addr+1
  9737   002132                     
  9738                           ;menu_options.c: 102:     if(event_pos < stored_log_count)
  9739   002132  5008               	movf	event_reader@event_pos^0,w,c
  9740   002134  6E04               	movwf	??_event_reader^0,c
  9741   002136  6A05               	clrf	(??_event_reader+1)^0,c
  9742   002138  5006               	movf	event_reader@stored_log_count^0,w,c
  9743   00213A  5C04               	subwf	??_event_reader^0,w,c
  9744   00213C  5007               	movf	(event_reader@stored_log_count+1)^0,w,c
  9745   00213E  5805               	subwfb	(??_event_reader+1)^0,w,c
  9746   002140  B0D8               	btfsc	status,0,c
  9747   002142  EFA5  F010         	goto	u2201
  9748   002146  EFA7  F010         	goto	u2200
  9749   00214A                     u2201:
  9750   00214A  EF14  F011         	goto	l585
  9751   00214E                     u2200:
  9752   00214E                     
  9753                           ;menu_options.c: 103:     {;menu_options.c: 104:         for(i = 0; i < 8; i++)
  9754   00214E  0E00               	movlw	0
  9755   002150  6E0A               	movwf	(event_reader@i+1)^0,c
  9756   002152  0E00               	movlw	0
  9757   002154  6E09               	movwf	event_reader@i^0,c
  9758   002156                     l3135:
  9759                           
  9760                           ;menu_options.c: 105:             data[ind++] = read_external_eeprom(addr++);
  9761   002156  500D               	movf	event_reader@ind^0,w,c
  9762   002158  0F7A               	addlw	low _data
  9763   00215A  6ED9               	movwf	fsr2l,c
  9764   00215C  6ADA               	clrf	fsr2h,c
  9765   00215E  500B               	movf	event_reader@addr^0,w,c
  9766   002160  ECCC  F00A         	call	_read_external_eeprom
  9767   002164  6EDF               	movwf	indf2,c
  9768   002166  4A0B               	infsnz	event_reader@addr^0,f,c
  9769   002168  2A0C               	incf	(event_reader@addr+1)^0,f,c
  9770   00216A  4A0D               	infsnz	event_reader@ind^0,f,c
  9771   00216C  2A0E               	incf	(event_reader@ind+1)^0,f,c
  9772   00216E  4A09               	infsnz	event_reader@i^0,f,c
  9773   002170  2A0A               	incf	(event_reader@i+1)^0,f,c
  9774   002172  BE0A               	btfsc	(event_reader@i+1)^0,7,c
  9775   002174  EFC5  F010         	goto	u2211
  9776   002178  500A               	movf	(event_reader@i+1)^0,w,c
  9777   00217A  E109               	bnz	u2210
  9778   00217C  0E08               	movlw	8
  9779   00217E  5C09               	subwf	event_reader@i^0,w,c
  9780   002180  A0D8               	btfss	status,0,c
  9781   002182  EFC5  F010         	goto	u2211
  9782   002186  EFC7  F010         	goto	u2210
  9783   00218A                     u2211:
  9784   00218A  EFAB  F010         	goto	l3135
  9785   00218E                     u2210:
  9786   00218E                     
  9787                           ;menu_options.c: 107:         data[ind++] = ' ';
  9788   00218E  500D               	movf	event_reader@ind^0,w,c
  9789   002190  0F7A               	addlw	low _data
  9790   002192  6ED9               	movwf	fsr2l,c
  9791   002194  6ADA               	clrf	fsr2h,c
  9792   002196  0E20               	movlw	32
  9793   002198  6EDF               	movwf	indf2,c
  9794   00219A  4A0D               	infsnz	event_reader@ind^0,f,c
  9795   00219C  2A0E               	incf	(event_reader@ind+1)^0,f,c
  9796   00219E                     
  9797                           ;menu_options.c: 109:         data[ind++] = read_external_eeprom(addr++);
  9798   00219E  500D               	movf	event_reader@ind^0,w,c
  9799   0021A0  0F7A               	addlw	low _data
  9800   0021A2  6ED9               	movwf	fsr2l,c
  9801   0021A4  6ADA               	clrf	fsr2h,c
  9802   0021A6  500B               	movf	event_reader@addr^0,w,c
  9803   0021A8  ECCC  F00A         	call	_read_external_eeprom
  9804   0021AC  6EDF               	movwf	indf2,c
  9805   0021AE  4A0B               	infsnz	event_reader@addr^0,f,c
  9806   0021B0  2A0C               	incf	(event_reader@addr+1)^0,f,c
  9807   0021B2  4A0D               	infsnz	event_reader@ind^0,f,c
  9808   0021B4  2A0E               	incf	(event_reader@ind+1)^0,f,c
  9809   0021B6                     
  9810                           ;menu_options.c: 110:         data[ind++] = read_external_eeprom(addr++);
  9811   0021B6  500D               	movf	event_reader@ind^0,w,c
  9812   0021B8  0F7A               	addlw	low _data
  9813   0021BA  6ED9               	movwf	fsr2l,c
  9814   0021BC  6ADA               	clrf	fsr2h,c
  9815   0021BE  500B               	movf	event_reader@addr^0,w,c
  9816   0021C0  ECCC  F00A         	call	_read_external_eeprom
  9817   0021C4  6EDF               	movwf	indf2,c
  9818   0021C6  4A0B               	infsnz	event_reader@addr^0,f,c
  9819   0021C8  2A0C               	incf	(event_reader@addr+1)^0,f,c
  9820   0021CA  4A0D               	infsnz	event_reader@ind^0,f,c
  9821   0021CC  2A0E               	incf	(event_reader@ind+1)^0,f,c
  9822   0021CE                     
  9823                           ;menu_options.c: 112:         data[ind++] = ' ';
  9824   0021CE  500D               	movf	event_reader@ind^0,w,c
  9825   0021D0  0F7A               	addlw	low _data
  9826   0021D2  6ED9               	movwf	fsr2l,c
  9827   0021D4  6ADA               	clrf	fsr2h,c
  9828   0021D6  0E20               	movlw	32
  9829   0021D8  6EDF               	movwf	indf2,c
  9830   0021DA  4A0D               	infsnz	event_reader@ind^0,f,c
  9831   0021DC  2A0E               	incf	(event_reader@ind+1)^0,f,c
  9832   0021DE                     
  9833                           ;menu_options.c: 114:         for(i = 0; i < 3; i++)
  9834   0021DE  0E00               	movlw	0
  9835   0021E0  6E0A               	movwf	(event_reader@i+1)^0,c
  9836   0021E2  0E00               	movlw	0
  9837   0021E4  6E09               	movwf	event_reader@i^0,c
  9838   0021E6                     l3169:
  9839                           
  9840                           ;menu_options.c: 115:             data[ind++] = read_external_eeprom(addr++);
  9841   0021E6  500D               	movf	event_reader@ind^0,w,c
  9842   0021E8  0F7A               	addlw	low _data
  9843   0021EA  6ED9               	movwf	fsr2l,c
  9844   0021EC  6ADA               	clrf	fsr2h,c
  9845   0021EE  500B               	movf	event_reader@addr^0,w,c
  9846   0021F0  ECCC  F00A         	call	_read_external_eeprom
  9847   0021F4  6EDF               	movwf	indf2,c
  9848   0021F6  4A0B               	infsnz	event_reader@addr^0,f,c
  9849   0021F8  2A0C               	incf	(event_reader@addr+1)^0,f,c
  9850   0021FA  4A0D               	infsnz	event_reader@ind^0,f,c
  9851   0021FC  2A0E               	incf	(event_reader@ind+1)^0,f,c
  9852   0021FE  4A09               	infsnz	event_reader@i^0,f,c
  9853   002200  2A0A               	incf	(event_reader@i+1)^0,f,c
  9854   002202  BE0A               	btfsc	(event_reader@i+1)^0,7,c
  9855   002204  EF0D  F011         	goto	u2221
  9856   002208  500A               	movf	(event_reader@i+1)^0,w,c
  9857   00220A  E109               	bnz	u2220
  9858   00220C  0E03               	movlw	3
  9859   00220E  5C09               	subwf	event_reader@i^0,w,c
  9860   002210  A0D8               	btfss	status,0,c
  9861   002212  EF0D  F011         	goto	u2221
  9862   002216  EF0F  F011         	goto	u2220
  9863   00221A                     u2221:
  9864   00221A  EFF3  F010         	goto	l3169
  9865   00221E                     u2220:
  9866   00221E                     
  9867                           ;menu_options.c: 117:         data[ind] = '\0';
  9868   00221E  500D               	movf	event_reader@ind^0,w,c
  9869   002220  0F7A               	addlw	low _data
  9870   002222  6ED9               	movwf	fsr2l,c
  9871   002224  6ADA               	clrf	fsr2h,c
  9872   002226  6ADF               	clrf	indf2,c
  9873   002228                     l585:
  9874   002228  0012               	return		;funcret
  9875   00222A                     __end_of_event_reader:
  9876                           	callstack 0
  9877                           
  9878 ;; *************** function _read_external_eeprom *****************
  9879 ;; Defined at:
  9880 ;;		line 20 in file "external_eeprom.c"
  9881 ;; Parameters:    Size  Location     Type
  9882 ;;  address         1    wreg     unsigned char 
  9883 ;; Auto vars:     Size  Location     Type
  9884 ;;  address         1    1[COMRAM] unsigned char 
  9885 ;;  data            1    2[COMRAM] unsigned char 
  9886 ;; Return value:  Size  Location     Type
  9887 ;;                  1    wreg      unsigned char 
  9888 ;; Registers used:
  9889 ;;		wreg, status,2, cstack
  9890 ;; Tracked objects:
  9891 ;;		On entry : 0/0
  9892 ;;		On exit  : 0/0
  9893 ;;		Unchanged: 0/0
  9894 ;; Data sizes:     COMRAM   BANK0   BANK1   BANK2   BANK3   BANK4   BANK5
  9895 ;;      Params:         0       0       0       0       0       0       0
  9896 ;;      Locals:         2       0       0       0       0       0       0
  9897 ;;      Temps:          0       0       0       0       0       0       0
  9898 ;;      Totals:         2       0       0       0       0       0       0
  9899 ;;Total ram usage:        2 bytes
  9900 ;; Hardware stack levels used: 1
  9901 ;; Hardware stack levels required when called: 3
  9902 ;; This function calls:
  9903 ;;		_i2c_read
  9904 ;;		_i2c_rep_start
  9905 ;;		_i2c_start
  9906 ;;		_i2c_stop
  9907 ;;		_i2c_write
  9908 ;; This function is called by:
  9909 ;;		_view_log
  9910 ;;		_download_log
  9911 ;;		_event_reader
  9912 ;; This function uses a non-reentrant model
  9913 ;;
  9914                           
  9915                           	psect	text31
  9916   001598                     __ptext31:
  9917                           	callstack 0
  9918   001598                     _read_external_eeprom:
  9919                           	callstack 26
  9920                           
  9921                           ;incstack = 0
  9922                           ;read_external_eeprom@address stored from wreg
  9923   001598  6E02               	movwf	read_external_eeprom@address^0,c
  9924   00159A                     
  9925                           ;external_eeprom.c: 20: unsigned char read_external_eeprom(unsigned char address);extern
      +                          al_eeprom.c: 21: {;external_eeprom.c: 22:  unsigned char data;;external_eeprom.c: 24:  i
      +                          2c_start();
  9926   00159A  EC1A  F00A         	call	_i2c_start	;wreg free
  9927   00159E                     
  9928                           ;external_eeprom.c: 25:  i2c_write(0xA0);
  9929   00159E  0EA0               	movlw	160
  9930   0015A0  EC2A  F00A         	call	_i2c_write
  9931   0015A4                     
  9932                           ;external_eeprom.c: 26:  i2c_write(address);
  9933   0015A4  5002               	movf	read_external_eeprom@address^0,w,c
  9934   0015A6  EC2A  F00A         	call	_i2c_write
  9935   0015AA                     
  9936                           ;external_eeprom.c: 27:  i2c_rep_start();
  9937   0015AA  EC26  F00A         	call	_i2c_rep_start	;wreg free
  9938   0015AE                     
  9939                           ;external_eeprom.c: 28:  i2c_write(0xA1);
  9940   0015AE  0EA1               	movlw	161
  9941   0015B0  EC2A  F00A         	call	_i2c_write
  9942                           
  9943                           ;external_eeprom.c: 29:  data = i2c_read();
  9944   0015B4  EC30  F00A         	call	_i2c_read	;wreg free
  9945   0015B8  6E03               	movwf	read_external_eeprom@data^0,c
  9946   0015BA                     
  9947                           ;external_eeprom.c: 30:  i2c_stop();
  9948   0015BA  EC1E  F00A         	call	_i2c_stop	;wreg free
  9949                           
  9950                           ;external_eeprom.c: 33:  return data;
  9951   0015BE  5003               	movf	read_external_eeprom@data^0,w,c
  9952   0015C0  0012               	return		;funcret
  9953   0015C2                     __end_of_read_external_eeprom:
  9954                           	callstack 0
  9955                           
  9956 ;; *************** function _i2c_rep_start *****************
  9957 ;; Defined at:
  9958 ;;		line 54 in file "i2c.c"
  9959 ;; Parameters:    Size  Location     Type
  9960 ;;		None
  9961 ;; Auto vars:     Size  Location     Type
  9962 ;;		None
  9963 ;; Return value:  Size  Location     Type
  9964 ;;                  1    wreg      void 
  9965 ;; Registers used:
  9966 ;;		cstack
  9967 ;; Tracked objects:
  9968 ;;		On entry : 0/0
  9969 ;;		On exit  : 0/0
  9970 ;;		Unchanged: 0/0
  9971 ;; Data sizes:     COMRAM   BANK0   BANK1   BANK2   BANK3   BANK4   BANK5
  9972 ;;      Params:         0       0       0       0       0       0       0
  9973 ;;      Locals:         0       0       0       0       0       0       0
  9974 ;;      Temps:          0       0       0       0       0       0       0
  9975 ;;      Totals:         0       0       0       0       0       0       0
  9976 ;;Total ram usage:        0 bytes
  9977 ;; Hardware stack levels used: 1
  9978 ;; Hardware stack levels required when called: 1
  9979 ;; This function calls:
  9980 ;;		_i2c_idle
  9981 ;; This function is called by:
  9982 ;;		_read_ds1307
  9983 ;;		_read_external_eeprom
  9984 ;; This function uses a non-reentrant model
  9985 ;;
  9986                           
  9987                           	psect	text32
  9988   00144C                     __ptext32:
  9989                           	callstack 0
  9990   00144C                     _i2c_rep_start:
  9991                           	callstack 27
  9992   00144C                     
  9993                           ;i2c.c: 56:  RSEN = 1;
  9994   00144C  82C5               	bsf	4037,1,c	;volatile
  9995   00144E                     
  9996                           ;i2c.c: 57:  i2c_idle();
  9997   00144E  EC3E  F00A         	call	_i2c_idle	;wreg free
  9998   001452  0012               	return		;funcret
  9999   001454                     __end_of_i2c_rep_start:
 10000                           	callstack 0
 10001                           
 10002 ;; *************** function _i2c_read *****************
 10003 ;; Defined at:
 10004 ;;		line 78 in file "i2c.c"
 10005 ;; Parameters:    Size  Location     Type
 10006 ;;		None
 10007 ;; Auto vars:     Size  Location     Type
 10008 ;;		None
 10009 ;; Return value:  Size  Location     Type
 10010 ;;                  1    wreg      unsigned char 
 10011 ;; Registers used:
 10012 ;;		wreg, status,2, cstack
 10013 ;; Tracked objects:
 10014 ;;		On entry : 0/0
 10015 ;;		On exit  : 0/0
 10016 ;;		Unchanged: 0/0
 10017 ;; Data sizes:     COMRAM   BANK0   BANK1   BANK2   BANK3   BANK4   BANK5
 10018 ;;      Params:         0       0       0       0       0       0       0
 10019 ;;      Locals:         0       0       0       0       0       0       0
 10020 ;;      Temps:          0       0       0       0       0       0       0
 10021 ;;      Totals:         0       0       0       0       0       0       0
 10022 ;;Total ram usage:        0 bytes
 10023 ;; Hardware stack levels used: 1
 10024 ;; Hardware stack levels required when called: 2
 10025 ;; This function calls:
 10026 ;;		_i2c_no_ack
 10027 ;;		_i2c_rx_mode
 10028 ;; This function is called by:
 10029 ;;		_read_ds1307
 10030 ;;		_read_external_eeprom
 10031 ;; This function uses a non-reentrant model
 10032 ;;
 10033                           
 10034                           	psect	text33
 10035   001460                     __ptext33:
 10036                           	callstack 0
 10037   001460                     _i2c_read:
 10038                           	callstack 26
 10039   001460                     
 10040                           ;i2c.c: 80:  i2c_rx_mode();
 10041   001460  EC22  F00A         	call	_i2c_rx_mode	;wreg free
 10042                           
 10043                           ;i2c.c: 81:  i2c_no_ack();
 10044   001464  EC17  F00A         	call	_i2c_no_ack	;wreg free
 10045   001468                     
 10046                           ;i2c.c: 83:  return SSPBUF;
 10047   001468  50C9               	movf	201,w,c	;volatile
 10048   00146A  0012               	return		;funcret
 10049   00146C                     __end_of_i2c_read:
 10050                           	callstack 0
 10051                           
 10052 ;; *************** function _i2c_rx_mode *****************
 10053 ;; Defined at:
 10054 ;;		line 66 in file "i2c.c"
 10055 ;; Parameters:    Size  Location     Type
 10056 ;;		None
 10057 ;; Auto vars:     Size  Location     Type
 10058 ;;		None
 10059 ;; Return value:  Size  Location     Type
 10060 ;;                  1    wreg      void 
 10061 ;; Registers used:
 10062 ;;		cstack
 10063 ;; Tracked objects:
 10064 ;;		On entry : 0/0
 10065 ;;		On exit  : 0/0
 10066 ;;		Unchanged: 0/0
 10067 ;; Data sizes:     COMRAM   BANK0   BANK1   BANK2   BANK3   BANK4   BANK5
 10068 ;;      Params:         0       0       0       0       0       0       0
 10069 ;;      Locals:         0       0       0       0       0       0       0
 10070 ;;      Temps:          0       0       0       0       0       0       0
 10071 ;;      Totals:         0       0       0       0       0       0       0
 10072 ;;Total ram usage:        0 bytes
 10073 ;; Hardware stack levels used: 1
 10074 ;; Hardware stack levels required when called: 1
 10075 ;; This function calls:
 10076 ;;		_i2c_idle
 10077 ;; This function is called by:
 10078 ;;		_i2c_read
 10079 ;; This function uses a non-reentrant model
 10080 ;;
 10081                           
 10082                           	psect	text34
 10083   001444                     __ptext34:
 10084                           	callstack 0
 10085   001444                     _i2c_rx_mode:
 10086                           	callstack 26
 10087   001444                     
 10088                           ;i2c.c: 68:  RCEN = 1;
 10089   001444  86C5               	bsf	4037,3,c	;volatile
 10090   001446                     
 10091                           ;i2c.c: 69:  i2c_idle();
 10092   001446  EC3E  F00A         	call	_i2c_idle	;wreg free
 10093   00144A  0012               	return		;funcret
 10094   00144C                     __end_of_i2c_rx_mode:
 10095                           	callstack 0
 10096                           
 10097 ;; *************** function _i2c_no_ack *****************
 10098 ;; Defined at:
 10099 ;;		line 72 in file "i2c.c"
 10100 ;; Parameters:    Size  Location     Type
 10101 ;;		None
 10102 ;; Auto vars:     Size  Location     Type
 10103 ;;		None
 10104 ;; Return value:  Size  Location     Type
 10105 ;;                  1    wreg      void 
 10106 ;; Registers used:
 10107 ;;		None
 10108 ;; Tracked objects:
 10109 ;;		On entry : 0/0
 10110 ;;		On exit  : 0/0
 10111 ;;		Unchanged: 0/0
 10112 ;; Data sizes:     COMRAM   BANK0   BANK1   BANK2   BANK3   BANK4   BANK5
 10113 ;;      Params:         0       0       0       0       0       0       0
 10114 ;;      Locals:         0       0       0       0       0       0       0
 10115 ;;      Temps:          0       0       0       0       0       0       0
 10116 ;;      Totals:         0       0       0       0       0       0       0
 10117 ;;Total ram usage:        0 bytes
 10118 ;; Hardware stack levels used: 1
 10119 ;; This function calls:
 10120 ;;		Nothing
 10121 ;; This function is called by:
 10122 ;;		_i2c_read
 10123 ;; This function uses a non-reentrant model
 10124 ;;
 10125                           
 10126                           	psect	text35
 10127   00142E                     __ptext35:
 10128                           	callstack 0
 10129   00142E                     _i2c_no_ack:
 10130                           	callstack 27
 10131   00142E                     
 10132                           ;i2c.c: 74:  ACKDT = 1;
 10133   00142E  8AC5               	bsf	4037,5,c	;volatile
 10134                           
 10135                           ;i2c.c: 75:  ACKEN = 1;
 10136   001430  88C5               	bsf	4037,4,c	;volatile
 10137   001432  0012               	return		;funcret
 10138   001434                     __end_of_i2c_no_ack:
 10139                           	callstack 0
 10140                           
 10141 ;; *************** function _display_main_menu *****************
 10142 ;; Defined at:
 10143 ;;		line 3 in file "main_menu.c"
 10144 ;; Parameters:    Size  Location     Type
 10145 ;;		None
 10146 ;; Auto vars:     Size  Location     Type
 10147 ;;  menu            8    7[COMRAM] PTR unsigned char [4]
 10148 ;;		 -> STR_77(9), STR_76(10), STR_75(13), STR_74(9), 
 10149 ;;  arrow           1   15[COMRAM] unsigned char 
 10150 ;; Return value:  Size  Location     Type
 10151 ;;                  1    wreg      void 
 10152 ;; Registers used:
 10153 ;;		wreg, fsr0l, fsr0h, fsr1l, fsr1h, fsr2l, fsr2h, status,2, status,0, tblptrl, tblptrh, tblptru, prodl, prodh, cstack
 10154 ;; Tracked objects:
 10155 ;;		On entry : 0/0
 10156 ;;		On exit  : 0/0
 10157 ;;		Unchanged: 0/0
 10158 ;; Data sizes:     COMRAM   BANK0   BANK1   BANK2   BANK3   BANK4   BANK5
 10159 ;;      Params:         0       0       0       0       0       0       0
 10160 ;;      Locals:         9       0       0       0       0       0       0
 10161 ;;      Temps:          2       0       0       0       0       0       0
 10162 ;;      Totals:        11       0       0       0       0       0       0
 10163 ;;Total ram usage:       11 bytes
 10164 ;; Hardware stack levels used: 1
 10165 ;; Hardware stack levels required when called: 2
 10166 ;; This function calls:
 10167 ;;		_clcd_print
 10168 ;;		_clcd_write
 10169 ;;		_read_switches
 10170 ;; This function is called by:
 10171 ;;		_main
 10172 ;; This function uses a non-reentrant model
 10173 ;;
 10174                           
 10175                           	psect	text36
 10176   002480                     __ptext36:
 10177                           	callstack 0
 10178   002480                     _display_main_menu:
 10179                           	callstack 28
 10180   002480                     
 10181                           ;main_menu.c: 5:     clcd_write(0x01, 0);
 10182   002480  0E00               	movlw	0
 10183   002482  6E01               	movwf	clcd_write@control_bit^0,c
 10184   002484  0E01               	movlw	1
 10185   002486  EC0D  F00B         	call	_clcd_write
 10186   00248A                     
 10187                           ;main_menu.c: 6:     unsigned char arrow = 0;
 10188   00248A  6A10               	clrf	display_main_menu@arrow^0,c
 10189   00248C                     
 10190                           ;main_menu.c: 7:     char *menu[] = {"View Log","Download Log","Clear Log","Set Time"};
 10191   00248C  EE20  F072         	lfsr	2,display_main_menu@F10524
 10192   002490  EE10  F008         	lfsr	1,display_main_menu@menu
 10193   002494  0E07               	movlw	7
 10194   002496                     u2381:
 10195   002496  CFDB FFE3          	movff	plusw2,plusw1
 10196   00249A  06E8               	decf	wreg,f,c
 10197   00249C  E2FC               	bc	u2381
 10198   00249E                     l3299:
 10199                           
 10200                           ;main_menu.c: 10:     {;main_menu.c: 11:         key = read_switches(1);
 10201   00249E  0E01               	movlw	1
 10202   0024A0  EC60  F00C         	call	_read_switches
 10203   0024A4  6E4A               	movwf	_key^0,c
 10204   0024A6                     
 10205                           ;main_menu.c: 13:         if(key == 5)
 10206   0024A6  0E05               	movlw	5
 10207   0024A8  184A               	xorwf	_key^0,w,c
 10208   0024AA  A4D8               	btfss	status,2,c
 10209   0024AC  EF5A  F012         	goto	u2391
 10210   0024B0  EF5C  F012         	goto	u2390
 10211   0024B4                     u2391:
 10212   0024B4  EF6C  F012         	goto	l3309
 10213   0024B8                     u2390:
 10214   0024B8                     
 10215                           ;main_menu.c: 14:         {;main_menu.c: 15:             if(arrow < 3)
 10216   0024B8  0E03               	movlw	3
 10217   0024BA  6010               	cpfslt	display_main_menu@arrow^0,c
 10218   0024BC  EF62  F012         	goto	u2401
 10219   0024C0  EF64  F012         	goto	u2400
 10220   0024C4                     u2401:
 10221   0024C4  EFC4  F012         	goto	l3347
 10222   0024C8                     u2400:
 10223   0024C8                     
 10224                           ;main_menu.c: 16:             {;main_menu.c: 17:                 clcd_write(0x01, 0);
 10225   0024C8  0E00               	movlw	0
 10226   0024CA  6E01               	movwf	clcd_write@control_bit^0,c
 10227   0024CC  0E01               	movlw	1
 10228   0024CE  EC0D  F00B         	call	_clcd_write
 10229   0024D2                     
 10230                           ;main_menu.c: 18:                 arrow++;
 10231   0024D2  2A10               	incf	display_main_menu@arrow^0,f,c
 10232   0024D4  EFC4  F012         	goto	l3347
 10233   0024D8                     l3309:
 10234   0024D8  0E06               	movlw	6
 10235   0024DA  184A               	xorwf	_key^0,w,c
 10236   0024DC  A4D8               	btfss	status,2,c
 10237   0024DE  EF73  F012         	goto	u2411
 10238   0024E2  EF75  F012         	goto	u2410
 10239   0024E6                     u2411:
 10240   0024E6  EF85  F012         	goto	l3317
 10241   0024EA                     u2410:
 10242   0024EA                     
 10243                           ;main_menu.c: 22:         {;main_menu.c: 23:             if(arrow > 0)
 10244   0024EA  5010               	movf	display_main_menu@arrow^0,w,c
 10245   0024EC  B4D8               	btfsc	status,2,c
 10246   0024EE  EF7B  F012         	goto	u2421
 10247   0024F2  EF7D  F012         	goto	u2420
 10248   0024F6                     u2421:
 10249   0024F6  EFC4  F012         	goto	l3347
 10250   0024FA                     u2420:
 10251   0024FA                     
 10252                           ;main_menu.c: 24:             {;main_menu.c: 25:                 clcd_write(0x01, 0);
 10253   0024FA  0E00               	movlw	0
 10254   0024FC  6E01               	movwf	clcd_write@control_bit^0,c
 10255   0024FE  0E01               	movlw	1
 10256   002500  EC0D  F00B         	call	_clcd_write
 10257   002504                     
 10258                           ;main_menu.c: 26:                 arrow--;
 10259   002504  0610               	decf	display_main_menu@arrow^0,f,c
 10260   002506  EFC4  F012         	goto	l3347
 10261   00250A                     l3317:
 10262   00250A  0E07               	movlw	7
 10263   00250C  184A               	xorwf	_key^0,w,c
 10264   00250E  A4D8               	btfss	status,2,c
 10265   002510  EF8C  F012         	goto	u2431
 10266   002514  EF8E  F012         	goto	u2430
 10267   002518                     u2431:
 10268   002518  EFB3  F012         	goto	l3341
 10269   00251C                     u2430:
 10270   00251C  EFA0  F012         	goto	l3339
 10271   002520                     l3321:
 10272                           
 10273                           ;main_menu.c: 35:                     state = e_view_log;
 10274   002520  0E02               	movlw	2
 10275   002522  6E49               	movwf	_state^0,c
 10276   002524  EF0D  F013         	goto	l465
 10277   002528                     l3325:
 10278                           
 10279                           ;main_menu.c: 40:                     state = e_download_log;
 10280   002528  0E04               	movlw	4
 10281   00252A  6E49               	movwf	_state^0,c
 10282   00252C  EF0D  F013         	goto	l465
 10283   002530                     l3329:
 10284                           
 10285                           ;main_menu.c: 45:                     state = e_clear_log;
 10286   002530  0E05               	movlw	5
 10287   002532  6E49               	movwf	_state^0,c
 10288   002534  EF0D  F013         	goto	l465
 10289   002538                     l3333:
 10290                           
 10291                           ;main_menu.c: 50:                     state = e_set_time;
 10292   002538  0E03               	movlw	3
 10293   00253A  6E49               	movwf	_state^0,c
 10294   00253C  EF0D  F013         	goto	l465
 10295   002540                     l3339:
 10296   002540  5010               	movf	display_main_menu@arrow^0,w,c
 10297                           
 10298                           ; Switch size 1, requested type "simple"
 10299                           ; Number of cases is 4, Range of values is 0 to 3
 10300                           ; switch strategies available:
 10301                           ; Name         Instructions Cycles
 10302                           ; simple_byte           13     7 (average)
 10303                           ;	Chosen strategy is simple_byte
 10304   002542  0A00               	xorlw	0	; case 0
 10305   002544  B4D8               	btfsc	status,2,c
 10306   002546  EF90  F012         	goto	l3321
 10307   00254A  0A01               	xorlw	1	; case 1
 10308   00254C  B4D8               	btfsc	status,2,c
 10309   00254E  EF94  F012         	goto	l3325
 10310   002552  0A03               	xorlw	3	; case 2
 10311   002554  B4D8               	btfsc	status,2,c
 10312   002556  EF98  F012         	goto	l3329
 10313   00255A  0A01               	xorlw	1	; case 3
 10314   00255C  B4D8               	btfsc	status,2,c
 10315   00255E  EF9C  F012         	goto	l3333
 10316   002562  EFC4  F012         	goto	l3347
 10317   002566                     l3341:
 10318   002566  0E08               	movlw	8
 10319   002568  184A               	xorwf	_key^0,w,c
 10320   00256A  A4D8               	btfss	status,2,c
 10321   00256C  EFBA  F012         	goto	u2441
 10322   002570  EFBC  F012         	goto	u2440
 10323   002574                     u2441:
 10324   002574  EFC4  F012         	goto	l3347
 10325   002578                     u2440:
 10326   002578                     
 10327                           ;main_menu.c: 56:         {;main_menu.c: 57:             state = e_dashboard;
 10328   002578  6A49               	clrf	_state^0,c
 10329   00257A                     
 10330                           ;main_menu.c: 58:             clcd_write(0x01, 0);
 10331   00257A  0E00               	movlw	0
 10332   00257C  6E01               	movwf	clcd_write@control_bit^0,c
 10333   00257E  0E01               	movlw	1
 10334   002580  EC0D  F00B         	call	_clcd_write
 10335                           
 10336                           ;main_menu.c: 59:             break;
 10337   002584  EF0D  F013         	goto	l465
 10338   002588                     l3347:
 10339                           
 10340                           ;main_menu.c: 62:         clcd_print("-> ",(0x80 + (0)));
 10341   002588  0EDC               	movlw	low STR_78
 10342   00258A  6E03               	movwf	clcd_print@data^0,c
 10343   00258C  0E2F               	movlw	high STR_78
 10344   00258E  6E04               	movwf	(clcd_print@data+1)^0,c
 10345   002590  0E80               	movlw	128
 10346   002592  6E05               	movwf	clcd_print@addr^0,c
 10347   002594  EC2A  F00C         	call	_clcd_print	;wreg free
 10348   002598                     
 10349                           ;main_menu.c: 63:         clcd_print(menu[arrow],(0x80 + (2)));
 10350   002598  5010               	movf	display_main_menu@arrow^0,w,c
 10351   00259A  0D02               	mullw	2
 10352   00259C  50F3               	movf	243,w,c
 10353   00259E  0F08               	addlw	low display_main_menu@menu
 10354   0025A0  6ED9               	movwf	fsr2l,c
 10355   0025A2  6ADA               	clrf	fsr2h,c
 10356   0025A4  CFDE F003          	movff	postinc2,clcd_print@data
 10357   0025A8  CFDD F004          	movff	postdec2,clcd_print@data+1
 10358   0025AC  0E82               	movlw	130
 10359   0025AE  6E05               	movwf	clcd_print@addr^0,c
 10360   0025B0  EC2A  F00C         	call	_clcd_print	;wreg free
 10361   0025B4                     
 10362                           ;main_menu.c: 65:         if(arrow+1 < 4)
 10363   0025B4  5010               	movf	display_main_menu@arrow^0,w,c
 10364   0025B6  6E06               	movwf	??_display_main_menu^0,c
 10365   0025B8  6A07               	clrf	(??_display_main_menu+1)^0,c
 10366   0025BA  0E01               	movlw	1
 10367   0025BC  2606               	addwf	??_display_main_menu^0,f,c
 10368   0025BE  0E00               	movlw	0
 10369   0025C0  2207               	addwfc	(??_display_main_menu+1)^0,f,c
 10370   0025C2  BE07               	btfsc	(??_display_main_menu+1)^0,7,c
 10371   0025C4  EFEF  F012         	goto	u2450
 10372   0025C8  5007               	movf	(??_display_main_menu+1)^0,w,c
 10373   0025CA  E107               	bnz	u2451
 10374   0025CC  0E04               	movlw	4
 10375   0025CE  5C06               	subwf	??_display_main_menu^0,w,c
 10376   0025D0  B0D8               	btfsc	status,0,c
 10377   0025D2  EFED  F012         	goto	u2451
 10378   0025D6  EFEF  F012         	goto	u2450
 10379   0025DA                     u2451:
 10380   0025DA  EF03  F013         	goto	l3355
 10381   0025DE                     u2450:
 10382   0025DE                     
 10383                           ;main_menu.c: 66:         {;main_menu.c: 67:             clcd_print(menu[arrow + 1],(0xC
      +                          0 + (2)));
 10384   0025DE  5010               	movf	display_main_menu@arrow^0,w,c
 10385   0025E0  0D02               	mullw	2
 10386   0025E2  CFF3 F006          	movff	prodl,??_display_main_menu
 10387   0025E6  0E02               	movlw	2
 10388   0025E8  2606               	addwf	??_display_main_menu^0,f,c
 10389   0025EA  5006               	movf	??_display_main_menu^0,w,c
 10390   0025EC  0F08               	addlw	low display_main_menu@menu
 10391   0025EE  6ED9               	movwf	fsr2l,c
 10392   0025F0  6ADA               	clrf	fsr2h,c
 10393   0025F2  CFDE F003          	movff	postinc2,clcd_print@data
 10394   0025F6  CFDD F004          	movff	postdec2,clcd_print@data+1
 10395   0025FA  0EC2               	movlw	194
 10396   0025FC  6E05               	movwf	clcd_print@addr^0,c
 10397   0025FE  EC2A  F00C         	call	_clcd_print	;wreg free
 10398                           
 10399                           ;main_menu.c: 68:         }
 10400   002602  EF4F  F012         	goto	l3299
 10401   002606                     l3355:
 10402                           
 10403                           ;main_menu.c: 70:         {;main_menu.c: 71:             clcd_print("             ",(0xC
      +                          0 + (2)));
 10404   002606  0E98               	movlw	low STR_79
 10405   002608  6E03               	movwf	clcd_print@data^0,c
 10406   00260A  0E2F               	movlw	high STR_79
 10407   00260C  6E04               	movwf	(clcd_print@data+1)^0,c
 10408   00260E  0EC2               	movlw	194
 10409   002610  6E05               	movwf	clcd_print@addr^0,c
 10410   002612  EC2A  F00C         	call	_clcd_print	;wreg free
 10411   002616  EF4F  F012         	goto	l3299
 10412   00261A                     l465:
 10413   00261A  0012               	return		;funcret
 10414   00261C                     __end_of_display_main_menu:
 10415                           	callstack 0
 10416                           
 10417 ;; *************** function _read_switches *****************
 10418 ;; Defined at:
 10419 ;;		line 93 in file "matrix_keypad.c"
 10420 ;; Parameters:    Size  Location     Type
 10421 ;;  detection_ty    1    wreg     unsigned char 
 10422 ;; Auto vars:     Size  Location     Type
 10423 ;;  detection_ty    1    0[COMRAM] unsigned char 
 10424 ;; Return value:  Size  Location     Type
 10425 ;;                  1    wreg      unsigned char 
 10426 ;; Registers used:
 10427 ;;		wreg, status,2, status,0, cstack
 10428 ;; Tracked objects:
 10429 ;;		On entry : 0/0
 10430 ;;		On exit  : 0/0
 10431 ;;		Unchanged: 0/0
 10432 ;; Data sizes:     COMRAM   BANK0   BANK1   BANK2   BANK3   BANK4   BANK5
 10433 ;;      Params:         0       0       0       0       0       0       0
 10434 ;;      Locals:         1       0       0       0       0       0       0
 10435 ;;      Temps:          0       0       0       0       0       0       0
 10436 ;;      Totals:         1       0       0       0       0       0       0
 10437 ;;Total ram usage:        1 bytes
 10438 ;; Hardware stack levels used: 1
 10439 ;; Hardware stack levels required when called: 1
 10440 ;; This function calls:
 10441 ;;		_scan_key
 10442 ;; This function is called by:
 10443 ;;		_main
 10444 ;;		_display_main_menu
 10445 ;;		_view_log
 10446 ;;		_set_time
 10447 ;; This function uses a non-reentrant model
 10448 ;;
 10449                           
 10450                           	psect	text37
 10451   0018C0                     __ptext37:
 10452                           	callstack 0
 10453   0018C0                     _read_switches:
 10454                           	callstack 28
 10455                           
 10456                           ;incstack = 0
 10457                           ;read_switches@detection_type stored from wreg
 10458   0018C0  6E01               	movwf	read_switches@detection_type^0,c
 10459   0018C2                     
 10460                           ;matrix_keypad.c: 93: unsigned char read_switches(unsigned char detection_type);matrix_k
      +                          eypad.c: 94: {;matrix_keypad.c: 95:  static unsigned char once = 1, key;;matrix_keypad.c
      +                          : 97:  if (detection_type == 1)
 10461   0018C2  0401               	decf	read_switches@detection_type^0,w,c
 10462   0018C4  A4D8               	btfss	status,2,c
 10463   0018C6  EF67  F00C         	goto	u2091
 10464   0018CA  EF69  F00C         	goto	u2090
 10465   0018CE                     u2091:
 10466   0018CE  EF8C  F00C         	goto	l3059
 10467   0018D2                     u2090:
 10468   0018D2                     
 10469                           ;matrix_keypad.c: 98:  {;matrix_keypad.c: 99:   key = scan_key();
 10470   0018D2  EC03  F010         	call	_scan_key	;wreg free
 10471   0018D6  6E48               	movwf	read_switches@key^0,c
 10472   0018D8                     
 10473                           ;matrix_keypad.c: 100:   if(key != 0xFF && once )
 10474   0018D8  2848               	incf	read_switches@key^0,w,c
 10475   0018DA  B4D8               	btfsc	status,2,c
 10476   0018DC  EF72  F00C         	goto	u2101
 10477   0018E0  EF74  F00C         	goto	u2100
 10478   0018E4                     u2101:
 10479   0018E4  EF80  F00C         	goto	l3055
 10480   0018E8                     u2100:
 10481   0018E8  5054               	movf	read_switches@once^0,w,c
 10482   0018EA  B4D8               	btfsc	status,2,c
 10483   0018EC  EF7A  F00C         	goto	u2111
 10484   0018F0  EF7C  F00C         	goto	u2110
 10485   0018F4                     u2111:
 10486   0018F4  EF80  F00C         	goto	l3055
 10487   0018F8                     u2110:
 10488   0018F8                     
 10489                           ;matrix_keypad.c: 101:   {;matrix_keypad.c: 102:    once = 0;
 10490   0018F8  6A54               	clrf	read_switches@once^0,c
 10491   0018FA                     
 10492                           ;matrix_keypad.c: 103:    return key;
 10493   0018FA  5048               	movf	read_switches@key^0,w,c
 10494   0018FC  EF99  F00C         	goto	l236
 10495   001900                     l3055:
 10496   001900  2848               	incf	read_switches@key^0,w,c
 10497   001902  A4D8               	btfss	status,2,c
 10498   001904  EF86  F00C         	goto	u2121
 10499   001908  EF88  F00C         	goto	u2120
 10500   00190C                     u2121:
 10501   00190C  EF98  F00C         	goto	l3065
 10502   001910                     u2120:
 10503   001910                     
 10504                           ;matrix_keypad.c: 106:   {;matrix_keypad.c: 107:    once = 1;
 10505   001910  0E01               	movlw	1
 10506   001912  6E54               	movwf	read_switches@once^0,c
 10507   001914  EF98  F00C         	goto	l3065
 10508   001918                     l3059:
 10509   001918  5001               	movf	read_switches@detection_type^0,w,c
 10510   00191A  A4D8               	btfss	status,2,c
 10511   00191C  EF92  F00C         	goto	u2131
 10512   001920  EF94  F00C         	goto	u2130
 10513   001924                     u2131:
 10514   001924  EF98  F00C         	goto	l3065
 10515   001928                     u2130:
 10516   001928                     
 10517                           ;matrix_keypad.c: 111:  {;matrix_keypad.c: 112:   return scan_key();
 10518   001928  EC03  F010         	call	_scan_key	;wreg free
 10519   00192C  EF99  F00C         	goto	l236
 10520   001930                     l3065:
 10521                           
 10522                           ;matrix_keypad.c: 115:  return 0xFF;
 10523   001930  0EFF               	movlw	255
 10524   001932                     l236:
 10525   001932  0012               	return		;funcret
 10526   001934                     __end_of_read_switches:
 10527                           	callstack 0
 10528                           
 10529 ;; *************** function _scan_key *****************
 10530 ;; Defined at:
 10531 ;;		line 23 in file "matrix_keypad.c"
 10532 ;; Parameters:    Size  Location     Type
 10533 ;;		None
 10534 ;; Auto vars:     Size  Location     Type
 10535 ;;		None
 10536 ;; Return value:  Size  Location     Type
 10537 ;;                  1    wreg      unsigned char 
 10538 ;; Registers used:
 10539 ;;		wreg
 10540 ;; Tracked objects:
 10541 ;;		On entry : 0/0
 10542 ;;		On exit  : 0/0
 10543 ;;		Unchanged: 0/0
 10544 ;; Data sizes:     COMRAM   BANK0   BANK1   BANK2   BANK3   BANK4   BANK5
 10545 ;;      Params:         0       0       0       0       0       0       0
 10546 ;;      Locals:         0       0       0       0       0       0       0
 10547 ;;      Temps:          0       0       0       0       0       0       0
 10548 ;;      Totals:         0       0       0       0       0       0       0
 10549 ;;Total ram usage:        0 bytes
 10550 ;; Hardware stack levels used: 1
 10551 ;; This function calls:
 10552 ;;		Nothing
 10553 ;; This function is called by:
 10554 ;;		_read_switches
 10555 ;; This function uses a non-reentrant model
 10556 ;;
 10557                           
 10558                           	psect	text38
 10559   002006                     __ptext38:
 10560                           	callstack 0
 10561   002006                     _scan_key:
 10562                           	callstack 28
 10563   002006                     
 10564                           ;matrix_keypad.c: 25:  PORTBbits.RB5 = 0;
 10565   002006  9A81               	bcf	129,5,c	;volatile
 10566                           
 10567                           ;matrix_keypad.c: 26:  PORTBbits.RB6 = 1;
 10568   002008  8C81               	bsf	129,6,c	;volatile
 10569                           
 10570                           ;matrix_keypad.c: 27:  PORTBbits.RB7 = 1;
 10571   00200A  8E81               	bsf	129,7,c	;volatile
 10572                           
 10573                           ;matrix_keypad.c: 29:  if (PORTBbits.RB1 == 0)
 10574   00200C  B281               	btfsc	129,1,c	;volatile
 10575   00200E  EF0B  F010         	goto	u1501
 10576   002012  EF0D  F010         	goto	u1500
 10577   002016                     u1501:
 10578   002016  EF10  F010         	goto	l206
 10579   00201A                     u1500:
 10580   00201A                     
 10581                           ;matrix_keypad.c: 30:  {;matrix_keypad.c: 31:   return 1;
 10582   00201A  0E01               	movlw	1
 10583   00201C  EF86  F010         	goto	l207
 10584   002020                     l206:
 10585   002020  B481               	btfsc	129,2,c	;volatile
 10586   002022  EF15  F010         	goto	u1511
 10587   002026  EF17  F010         	goto	u1510
 10588   00202A                     u1511:
 10589   00202A  EF1A  F010         	goto	l209
 10590   00202E                     u1510:
 10591   00202E                     
 10592                           ;matrix_keypad.c: 34:  {;matrix_keypad.c: 35:   return 4;
 10593   00202E  0E04               	movlw	4
 10594   002030  EF86  F010         	goto	l207
 10595   002034                     l209:
 10596   002034  B681               	btfsc	129,3,c	;volatile
 10597   002036  EF1F  F010         	goto	u1521
 10598   00203A  EF21  F010         	goto	u1520
 10599   00203E                     u1521:
 10600   00203E  EF24  F010         	goto	l211
 10601   002042                     u1520:
 10602   002042                     
 10603                           ;matrix_keypad.c: 38:  {;matrix_keypad.c: 39:   return 7;
 10604   002042  0E07               	movlw	7
 10605   002044  EF86  F010         	goto	l207
 10606   002048                     l211:
 10607   002048  B881               	btfsc	129,4,c	;volatile
 10608   00204A  EF29  F010         	goto	u1531
 10609   00204E  EF2B  F010         	goto	u1530
 10610   002052                     u1531:
 10611   002052  EF2E  F010         	goto	l208
 10612   002056                     u1530:
 10613   002056                     
 10614                           ;matrix_keypad.c: 42:  {;matrix_keypad.c: 43:   return 10;
 10615   002056  0E0A               	movlw	10
 10616   002058  EF86  F010         	goto	l207
 10617   00205C                     l208:
 10618                           
 10619                           ;matrix_keypad.c: 46:  PORTBbits.RB5 = 1;
 10620   00205C  8A81               	bsf	129,5,c	;volatile
 10621                           
 10622                           ;matrix_keypad.c: 47:  PORTBbits.RB6 = 0;
 10623   00205E  9C81               	bcf	129,6,c	;volatile
 10624                           
 10625                           ;matrix_keypad.c: 48:  PORTBbits.RB7 = 1;
 10626   002060  8E81               	bsf	129,7,c	;volatile
 10627                           
 10628                           ;matrix_keypad.c: 50:  if (PORTBbits.RB1 == 0)
 10629   002062  B281               	btfsc	129,1,c	;volatile
 10630   002064  EF36  F010         	goto	u1541
 10631   002068  EF38  F010         	goto	u1540
 10632   00206C                     u1541:
 10633   00206C  EF3B  F010         	goto	l214
 10634   002070                     u1540:
 10635   002070                     
 10636                           ;matrix_keypad.c: 51:  {;matrix_keypad.c: 52:   return 2;
 10637   002070  0E02               	movlw	2
 10638   002072  EF86  F010         	goto	l207
 10639   002076                     l214:
 10640   002076  B481               	btfsc	129,2,c	;volatile
 10641   002078  EF40  F010         	goto	u1551
 10642   00207C  EF42  F010         	goto	u1550
 10643   002080                     u1551:
 10644   002080  EF45  F010         	goto	l216
 10645   002084                     u1550:
 10646   002084                     
 10647                           ;matrix_keypad.c: 55:  {;matrix_keypad.c: 56:   return 5;
 10648   002084  0E05               	movlw	5
 10649   002086  EF86  F010         	goto	l207
 10650   00208A                     l216:
 10651   00208A  B681               	btfsc	129,3,c	;volatile
 10652   00208C  EF4A  F010         	goto	u1561
 10653   002090  EF4C  F010         	goto	u1560
 10654   002094                     u1561:
 10655   002094  EF4F  F010         	goto	l218
 10656   002098                     u1560:
 10657   002098                     
 10658                           ;matrix_keypad.c: 59:  {;matrix_keypad.c: 60:   return 8;
 10659   002098  0E08               	movlw	8
 10660   00209A  EF86  F010         	goto	l207
 10661   00209E                     l218:
 10662   00209E  B881               	btfsc	129,4,c	;volatile
 10663   0020A0  EF54  F010         	goto	u1571
 10664   0020A4  EF56  F010         	goto	u1570
 10665   0020A8                     u1571:
 10666   0020A8  EF59  F010         	goto	l215
 10667   0020AC                     u1570:
 10668   0020AC                     
 10669                           ;matrix_keypad.c: 63:  {;matrix_keypad.c: 64:   return 11;
 10670   0020AC  0E0B               	movlw	11
 10671   0020AE  EF86  F010         	goto	l207
 10672   0020B2                     l215:
 10673                           
 10674                           ;matrix_keypad.c: 67:  PORTBbits.RB5 = 1;
 10675   0020B2  8A81               	bsf	129,5,c	;volatile
 10676                           
 10677                           ;matrix_keypad.c: 68:  PORTBbits.RB6 = 1;
 10678   0020B4  8C81               	bsf	129,6,c	;volatile
 10679                           
 10680                           ;matrix_keypad.c: 69:  PORTBbits.RB7 = 0;
 10681   0020B6  9E81               	bcf	129,7,c	;volatile
 10682                           
 10683                           ;matrix_keypad.c: 71:  PORTBbits.RB7 = 0;
 10684   0020B8  9E81               	bcf	129,7,c	;volatile
 10685                           
 10686                           ;matrix_keypad.c: 73:  if (PORTBbits.RB1 == 0)
 10687   0020BA  B281               	btfsc	129,1,c	;volatile
 10688   0020BC  EF62  F010         	goto	u1581
 10689   0020C0  EF64  F010         	goto	u1580
 10690   0020C4                     u1581:
 10691   0020C4  EF67  F010         	goto	l221
 10692   0020C8                     u1580:
 10693   0020C8                     
 10694                           ;matrix_keypad.c: 74:  {;matrix_keypad.c: 75:   return 3;
 10695   0020C8  0E03               	movlw	3
 10696   0020CA  EF86  F010         	goto	l207
 10697   0020CE                     l221:
 10698   0020CE  B481               	btfsc	129,2,c	;volatile
 10699   0020D0  EF6C  F010         	goto	u1591
 10700   0020D4  EF6E  F010         	goto	u1590
 10701   0020D8                     u1591:
 10702   0020D8  EF71  F010         	goto	l223
 10703   0020DC                     u1590:
 10704   0020DC                     
 10705                           ;matrix_keypad.c: 78:  {;matrix_keypad.c: 79:   return 6;
 10706   0020DC  0E06               	movlw	6
 10707   0020DE  EF86  F010         	goto	l207
 10708   0020E2                     l223:
 10709   0020E2  B681               	btfsc	129,3,c	;volatile
 10710   0020E4  EF76  F010         	goto	u1601
 10711   0020E8  EF78  F010         	goto	u1600
 10712   0020EC                     u1601:
 10713   0020EC  EF7B  F010         	goto	l225
 10714   0020F0                     u1600:
 10715   0020F0                     
 10716                           ;matrix_keypad.c: 82:  {;matrix_keypad.c: 83:   return 9;
 10717   0020F0  0E09               	movlw	9
 10718   0020F2  EF86  F010         	goto	l207
 10719   0020F6                     l225:
 10720   0020F6  B881               	btfsc	129,4,c	;volatile
 10721   0020F8  EF80  F010         	goto	u1611
 10722   0020FC  EF82  F010         	goto	u1610
 10723   002100                     u1611:
 10724   002100  EF85  F010         	goto	l224
 10725   002104                     u1610:
 10726   002104                     
 10727                           ;matrix_keypad.c: 86:  {;matrix_keypad.c: 87:   return 12;
 10728   002104  0E0C               	movlw	12
 10729   002106  EF86  F010         	goto	l207
 10730   00210A                     l224:
 10731   00210A                     
 10732                           ;matrix_keypad.c: 90:  return 0xFF;
 10733   00210A  0EFF               	movlw	255
 10734   00210C                     l207:
 10735   00210C  0012               	return		;funcret
 10736   00210E                     __end_of_scan_key:
 10737                           	callstack 0
 10738                           
 10739 ;; *************** function _clear_log *****************
 10740 ;; Defined at:
 10741 ;;		line 55 in file "menu_options.c"
 10742 ;; Parameters:    Size  Location     Type
 10743 ;;		None
 10744 ;; Auto vars:     Size  Location     Type
 10745 ;;		None
 10746 ;; Return value:  Size  Location     Type
 10747 ;;                  1    wreg      void 
 10748 ;; Registers used:
 10749 ;;		wreg, fsr0l, fsr0h, status,2, status,0, tblptrl, tblptrh, tblptru, cstack
 10750 ;; Tracked objects:
 10751 ;;		On entry : 0/0
 10752 ;;		On exit  : 0/0
 10753 ;;		Unchanged: 0/0
 10754 ;; Data sizes:     COMRAM   BANK0   BANK1   BANK2   BANK3   BANK4   BANK5
 10755 ;;      Params:         0       0       0       0       0       0       0
 10756 ;;      Locals:         0       0       0       0       0       0       0
 10757 ;;      Temps:          2       0       0       0       0       0       0
 10758 ;;      Totals:         2       0       0       0       0       0       0
 10759 ;;Total ram usage:        2 bytes
 10760 ;; Hardware stack levels used: 1
 10761 ;; Hardware stack levels required when called: 3
 10762 ;; This function calls:
 10763 ;;		_clcd_print
 10764 ;;		_write_external_eeprom
 10765 ;; This function is called by:
 10766 ;;		_main
 10767 ;; This function uses a non-reentrant model
 10768 ;;
 10769                           
 10770                           	psect	text39
 10771   0016E2                     __ptext39:
 10772                           	callstack 0
 10773   0016E2                     _clear_log:
 10774                           	callstack 27
 10775   0016E2                     
 10776                           ;menu_options.c: 57:     clcd_print("Logs are cleared", (0x80 + (0)));
 10777   0016E2  0E76               	movlw	low STR_101
 10778   0016E4  6E03               	movwf	clcd_print@data^0,c
 10779   0016E6  0E2F               	movlw	high STR_101
 10780   0016E8  6E04               	movwf	(clcd_print@data+1)^0,c
 10781   0016EA  0E80               	movlw	128
 10782   0016EC  6E05               	movwf	clcd_print@addr^0,c
 10783   0016EE  EC2A  F00C         	call	_clcd_print	;wreg free
 10784                           
 10785                           ;menu_options.c: 58:     clcd_print("  successfully! ", (0xC0 + (0)));
 10786   0016F2  0E54               	movlw	low STR_102
 10787   0016F4  6E03               	movwf	clcd_print@data^0,c
 10788   0016F6  0E2F               	movlw	high STR_102
 10789   0016F8  6E04               	movwf	(clcd_print@data+1)^0,c
 10790   0016FA  0EC0               	movlw	192
 10791   0016FC  6E05               	movwf	clcd_print@addr^0,c
 10792   0016FE  EC2A  F00C         	call	_clcd_print	;wreg free
 10793   001702                     
 10794                           ;menu_options.c: 59:     _delay((unsigned long)((2000)*(20000000/4000.0)));
 10795   001702  0E33               	movlw	51
 10796   001704  6E07               	movwf	(??_clear_log+1)^0,c
 10797   001706  0EBB               	movlw	187
 10798   001708  6E06               	movwf	??_clear_log^0,c
 10799   00170A  0EE0               	movlw	224
 10800   00170C                     u2857:
 10801   00170C  2EE8               	decfsz	wreg,f,c
 10802   00170E  D7FE               	bra	u2857
 10803   001710  2E06               	decfsz	??_clear_log^0,f,c
 10804   001712  D7FC               	bra	u2857
 10805   001714  2E07               	decfsz	(??_clear_log+1)^0,f,c
 10806   001716  D7FA               	bra	u2857
 10807   001718                     
 10808                           ;menu_options.c: 60:     log_count = 0;
 10809   001718  0E00               	movlw	0
 10810   00171A  6E43               	movwf	(_log_count+1)^0,c
 10811   00171C  0E00               	movlw	0
 10812   00171E  6E42               	movwf	_log_count^0,c
 10813   001720                     
 10814                           ;menu_options.c: 61:     write_external_eeprom(130, log_count);
 10815   001720  C042  F002         	movff	_log_count,write_external_eeprom@data
 10816   001724  0E82               	movlw	130
 10817   001726  ECF6  F00A         	call	_write_external_eeprom
 10818   00172A                     
 10819                           ;menu_options.c: 62:     state = e_main_menu;
 10820   00172A  0E01               	movlw	1
 10821   00172C  6E49               	movwf	_state^0,c
 10822   00172E  0012               	return		;funcret
 10823   001730                     __end_of_clear_log:
 10824                           	callstack 0
 10825                           
 10826 ;; *************** function _write_external_eeprom *****************
 10827 ;; Defined at:
 10828 ;;		line 10 in file "external_eeprom.c"
 10829 ;; Parameters:    Size  Location     Type
 10830 ;;  address         1    wreg     unsigned char 
 10831 ;;  data            1    1[COMRAM] unsigned char 
 10832 ;; Auto vars:     Size  Location     Type
 10833 ;;  address         1    3[COMRAM] unsigned char 
 10834 ;; Return value:  Size  Location     Type
 10835 ;;                  1    wreg      void 
 10836 ;; Registers used:
 10837 ;;		wreg, status,2, cstack
 10838 ;; Tracked objects:
 10839 ;;		On entry : 0/0
 10840 ;;		On exit  : 0/0
 10841 ;;		Unchanged: 0/0
 10842 ;; Data sizes:     COMRAM   BANK0   BANK1   BANK2   BANK3   BANK4   BANK5
 10843 ;;      Params:         1       0       0       0       0       0       0
 10844 ;;      Locals:         1       0       0       0       0       0       0
 10845 ;;      Temps:          1       0       0       0       0       0       0
 10846 ;;      Totals:         3       0       0       0       0       0       0
 10847 ;;Total ram usage:        3 bytes
 10848 ;; Hardware stack levels used: 1
 10849 ;; Hardware stack levels required when called: 2
 10850 ;; This function calls:
 10851 ;;		_i2c_start
 10852 ;;		_i2c_stop
 10853 ;;		_i2c_write
 10854 ;; This function is called by:
 10855 ;;		_event_store
 10856 ;;		_clear_log
 10857 ;; This function uses a non-reentrant model
 10858 ;;
 10859                           
 10860                           	psect	text40
 10861   0015EC                     __ptext40:
 10862                           	callstack 0
 10863   0015EC                     _write_external_eeprom:
 10864                           	callstack 25
 10865                           
 10866                           ;incstack = 0
 10867                           ;write_external_eeprom@address stored from wreg
 10868   0015EC  6E04               	movwf	write_external_eeprom@address^0,c
 10869   0015EE                     
 10870                           ;external_eeprom.c: 10: void write_external_eeprom(unsigned char address, unsigned char 
      +                          data);external_eeprom.c: 11: {;external_eeprom.c: 12:  i2c_start();
 10871   0015EE  EC1A  F00A         	call	_i2c_start	;wreg free
 10872   0015F2                     
 10873                           ;external_eeprom.c: 13:  i2c_write(0xA0);
 10874   0015F2  0EA0               	movlw	160
 10875   0015F4  EC2A  F00A         	call	_i2c_write
 10876   0015F8                     
 10877                           ;external_eeprom.c: 14:  i2c_write(address);
 10878   0015F8  5004               	movf	write_external_eeprom@address^0,w,c
 10879   0015FA  EC2A  F00A         	call	_i2c_write
 10880   0015FE                     
 10881                           ;external_eeprom.c: 15:  i2c_write(data);
 10882   0015FE  5002               	movf	write_external_eeprom@data^0,w,c
 10883   001600  EC2A  F00A         	call	_i2c_write
 10884   001604                     
 10885                           ;external_eeprom.c: 16:  i2c_stop();
 10886   001604  EC1E  F00A         	call	_i2c_stop	;wreg free
 10887   001608                     
 10888                           ;external_eeprom.c: 17:    _delay((unsigned long)((5)*(20000000/4000.0)));
 10889   001608  0E21               	movlw	33
 10890   00160A  6E03               	movwf	??_write_external_eeprom^0,c
 10891   00160C  0E76               	movlw	118
 10892   00160E                     u2867:
 10893   00160E  2EE8               	decfsz	wreg,f,c
 10894   001610  D7FE               	bra	u2867
 10895   001612  2E03               	decfsz	??_write_external_eeprom^0,f,c
 10896   001614  D7FC               	bra	u2867
 10897   001616  D000               	nop2	
 10898   001618  0012               	return		;funcret
 10899   00161A                     __end_of_write_external_eeprom:
 10900                           	callstack 0
 10901                           
 10902 ;; *************** function _i2c_write *****************
 10903 ;; Defined at:
 10904 ;;		line 60 in file "i2c.c"
 10905 ;; Parameters:    Size  Location     Type
 10906 ;;  data            1    wreg     unsigned char 
 10907 ;; Auto vars:     Size  Location     Type
 10908 ;;  data            1    0[COMRAM] unsigned char 
 10909 ;; Return value:  Size  Location     Type
 10910 ;;                  1    wreg      void 
 10911 ;; Registers used:
 10912 ;;		wreg, cstack
 10913 ;; Tracked objects:
 10914 ;;		On entry : 0/0
 10915 ;;		On exit  : 0/0
 10916 ;;		Unchanged: 0/0
 10917 ;; Data sizes:     COMRAM   BANK0   BANK1   BANK2   BANK3   BANK4   BANK5
 10918 ;;      Params:         0       0       0       0       0       0       0
 10919 ;;      Locals:         1       0       0       0       0       0       0
 10920 ;;      Temps:          0       0       0       0       0       0       0
 10921 ;;      Totals:         1       0       0       0       0       0       0
 10922 ;;Total ram usage:        1 bytes
 10923 ;; Hardware stack levels used: 1
 10924 ;; Hardware stack levels required when called: 1
 10925 ;; This function calls:
 10926 ;;		_i2c_idle
 10927 ;; This function is called by:
 10928 ;;		_write_ds1307
 10929 ;;		_read_ds1307
 10930 ;;		_write_external_eeprom
 10931 ;;		_read_external_eeprom
 10932 ;; This function uses a non-reentrant model
 10933 ;;
 10934                           
 10935                           	psect	text41
 10936   001454                     __ptext41:
 10937                           	callstack 0
 10938   001454                     _i2c_write:
 10939                           	callstack 27
 10940                           
 10941                           ;incstack = 0
 10942                           ;i2c_write@data stored from wreg
 10943   001454  6E01               	movwf	i2c_write@data^0,c
 10944   001456                     
 10945                           ;i2c.c: 60: void i2c_write(unsigned char data);i2c.c: 61: {;i2c.c: 62:  SSPBUF = data;
 10946   001456  C001  FFC9         	movff	i2c_write@data,4041	;volatile
 10947   00145A                     
 10948                           ;i2c.c: 63:  i2c_idle();
 10949   00145A  EC3E  F00A         	call	_i2c_idle	;wreg free
 10950   00145E  0012               	return		;funcret
 10951   001460                     __end_of_i2c_write:
 10952                           	callstack 0
 10953                           
 10954 ;; *************** function _i2c_stop *****************
 10955 ;; Defined at:
 10956 ;;		line 48 in file "i2c.c"
 10957 ;; Parameters:    Size  Location     Type
 10958 ;;		None
 10959 ;; Auto vars:     Size  Location     Type
 10960 ;;		None
 10961 ;; Return value:  Size  Location     Type
 10962 ;;                  1    wreg      void 
 10963 ;; Registers used:
 10964 ;;		cstack
 10965 ;; Tracked objects:
 10966 ;;		On entry : 0/0
 10967 ;;		On exit  : 0/0
 10968 ;;		Unchanged: 0/0
 10969 ;; Data sizes:     COMRAM   BANK0   BANK1   BANK2   BANK3   BANK4   BANK5
 10970 ;;      Params:         0       0       0       0       0       0       0
 10971 ;;      Locals:         0       0       0       0       0       0       0
 10972 ;;      Temps:          0       0       0       0       0       0       0
 10973 ;;      Totals:         0       0       0       0       0       0       0
 10974 ;;Total ram usage:        0 bytes
 10975 ;; Hardware stack levels used: 1
 10976 ;; Hardware stack levels required when called: 1
 10977 ;; This function calls:
 10978 ;;		_i2c_idle
 10979 ;; This function is called by:
 10980 ;;		_write_ds1307
 10981 ;;		_read_ds1307
 10982 ;;		_write_external_eeprom
 10983 ;;		_read_external_eeprom
 10984 ;; This function uses a non-reentrant model
 10985 ;;
 10986                           
 10987                           	psect	text42
 10988   00143C                     __ptext42:
 10989                           	callstack 0
 10990   00143C                     _i2c_stop:
 10991                           	callstack 27
 10992   00143C                     
 10993                           ;i2c.c: 50:  PEN = 1;
 10994   00143C  84C5               	bsf	4037,2,c	;volatile
 10995   00143E                     
 10996                           ;i2c.c: 51:  i2c_idle();
 10997   00143E  EC3E  F00A         	call	_i2c_idle	;wreg free
 10998   001442  0012               	return		;funcret
 10999   001444                     __end_of_i2c_stop:
 11000                           	callstack 0
 11001                           
 11002 ;; *************** function _i2c_start *****************
 11003 ;; Defined at:
 11004 ;;		line 42 in file "i2c.c"
 11005 ;; Parameters:    Size  Location     Type
 11006 ;;		None
 11007 ;; Auto vars:     Size  Location     Type
 11008 ;;		None
 11009 ;; Return value:  Size  Location     Type
 11010 ;;                  1    wreg      void 
 11011 ;; Registers used:
 11012 ;;		cstack
 11013 ;; Tracked objects:
 11014 ;;		On entry : 0/0
 11015 ;;		On exit  : 0/0
 11016 ;;		Unchanged: 0/0
 11017 ;; Data sizes:     COMRAM   BANK0   BANK1   BANK2   BANK3   BANK4   BANK5
 11018 ;;      Params:         0       0       0       0       0       0       0
 11019 ;;      Locals:         0       0       0       0       0       0       0
 11020 ;;      Temps:          0       0       0       0       0       0       0
 11021 ;;      Totals:         0       0       0       0       0       0       0
 11022 ;;Total ram usage:        0 bytes
 11023 ;; Hardware stack levels used: 1
 11024 ;; Hardware stack levels required when called: 1
 11025 ;; This function calls:
 11026 ;;		_i2c_idle
 11027 ;; This function is called by:
 11028 ;;		_write_ds1307
 11029 ;;		_read_ds1307
 11030 ;;		_write_external_eeprom
 11031 ;;		_read_external_eeprom
 11032 ;; This function uses a non-reentrant model
 11033 ;;
 11034                           
 11035                           	psect	text43
 11036   001434                     __ptext43:
 11037                           	callstack 0
 11038   001434                     _i2c_start:
 11039                           	callstack 27
 11040   001434                     
 11041                           ;i2c.c: 44:  SEN = 1;
 11042   001434  80C5               	bsf	4037,0,c	;volatile
 11043   001436                     
 11044                           ;i2c.c: 45:  i2c_idle();
 11045   001436  EC3E  F00A         	call	_i2c_idle	;wreg free
 11046   00143A  0012               	return		;funcret
 11047   00143C                     __end_of_i2c_start:
 11048                           	callstack 0
 11049                           
 11050 ;; *************** function _i2c_idle *****************
 11051 ;; Defined at:
 11052 ;;		line 28 in file "i2c.c"
 11053 ;; Parameters:    Size  Location     Type
 11054 ;;		None
 11055 ;; Auto vars:     Size  Location     Type
 11056 ;;		None
 11057 ;; Return value:  Size  Location     Type
 11058 ;;                  1    wreg      void 
 11059 ;; Registers used:
 11060 ;;		None
 11061 ;; Tracked objects:
 11062 ;;		On entry : 0/0
 11063 ;;		On exit  : 0/0
 11064 ;;		Unchanged: 0/0
 11065 ;; Data sizes:     COMRAM   BANK0   BANK1   BANK2   BANK3   BANK4   BANK5
 11066 ;;      Params:         0       0       0       0       0       0       0
 11067 ;;      Locals:         0       0       0       0       0       0       0
 11068 ;;      Temps:          0       0       0       0       0       0       0
 11069 ;;      Totals:         0       0       0       0       0       0       0
 11070 ;;Total ram usage:        0 bytes
 11071 ;; Hardware stack levels used: 1
 11072 ;; This function calls:
 11073 ;;		Nothing
 11074 ;; This function is called by:
 11075 ;;		_i2c_start
 11076 ;;		_i2c_stop
 11077 ;;		_i2c_rep_start
 11078 ;;		_i2c_write
 11079 ;;		_i2c_rx_mode
 11080 ;; This function uses a non-reentrant model
 11081 ;;
 11082                           
 11083                           	psect	text44
 11084   00147C                     __ptext44:
 11085                           	callstack 0
 11086   00147C                     _i2c_idle:
 11087                           	callstack 27
 11088   00147C                     l349:
 11089   00147C  A69E               	btfss	3998,3,c	;volatile
 11090   00147E  EF43  F00A         	goto	u1381
 11091   001482  EF45  F00A         	goto	u1380
 11092   001486                     u1381:
 11093   001486  EF3E  F00A         	goto	l349
 11094   00148A                     u1380:
 11095   00148A                     
 11096                           ;i2c.c: 31:  SSPIF = 0;
 11097   00148A  969E               	bcf	3998,3,c	;volatile
 11098   00148C  0012               	return		;funcret
 11099   00148E                     __end_of_i2c_idle:
 11100                           	callstack 0
 11101                           
 11102 ;; *************** function _clcd_print *****************
 11103 ;; Defined at:
 11104 ;;		line 64 in file "clcd.c"
 11105 ;; Parameters:    Size  Location     Type
 11106 ;;  data            2    2[COMRAM] PTR const unsigned char 
 11107 ;;		 -> STR_118(3), STR_117(3), STR_116(3), STR_115(3), 
 11108 ;;		 -> STR_114(3), STR_113(3), STR_112(3), STR_111(3), 
 11109 ;;		 -> STR_110(3), STR_109(3), STR_108(3), STR_107(3), 
 11110 ;;		 -> STR_106(13), STR_102(17), STR_101(17), data(17), 
 11111 ;;		 -> STR_100(17), STR_99(17), STR_98(17), STR_97(3), 
 11112 ;;		 -> STR_96(3), STR_95(3), STR_94(3), STR_93(3), 
 11113 ;;		 -> STR_92(3), STR_91(3), STR_90(3), STR_89(3), 
 11114 ;;		 -> STR_88(3), STR_87(3), STR_86(3), STR_85(3), 
 11115 ;;		 -> STR_84(3), STR_83(3), STR_82(3), STR_81(3), 
 11116 ;;		 -> STR_80(3), STR_79(14), STR_78(4), STR_77(9), 
 11117 ;;		 -> STR_76(10), STR_75(13), STR_74(9), STR_73(3), 
 11118 ;;		 -> STR_72(3), STR_71(3), STR_70(3), STR_69(3), 
 11119 ;;		 -> STR_68(3), STR_67(3), STR_66(3), STR_65(3), 
 11120 ;;		 -> STR_64(3), STR_63(3), STR_62(3), STR_61(3), 
 11121 ;;		 -> STR_60(3), STR_59(3), STR_58(3), STR_57(3), 
 11122 ;;		 -> STR_56(3), STR_55(3), STR_54(3), STR_53(3), 
 11123 ;;		 -> STR_52(3), STR_51(3), STR_50(3), STR_49(3), 
 11124 ;;		 -> STR_48(3), STR_47(3), STR_46(3), STR_45(3), 
 11125 ;;		 -> STR_44(3), STR_43(3), STR_42(3), STR_41(3), 
 11126 ;;		 -> STR_40(3), STR_39(3), STR_38(3), STR_37(3), 
 11127 ;;		 -> STR_36(3), STR_35(3), STR_34(3), STR_33(3), 
 11128 ;;		 -> STR_32(3), STR_31(3), STR_30(3), STR_29(3), 
 11129 ;;		 -> STR_28(3), STR_27(3), STR_26(3), STR_25(3), 
 11130 ;;		 -> STR_24(3), STR_23(3), STR_22(3), STR_21(3), 
 11131 ;;		 -> STR_20(3), time(9), speed(4), STR_19(17), 
 11132 ;;		 -> STR_18(3), STR_17(3), STR_16(3), STR_15(3), 
 11133 ;;		 -> STR_14(3), STR_13(3), STR_12(3), STR_11(3), 
 11134 ;;		 -> STR_10(3), STR_9(3), STR_8(3), STR_7(3), 
 11135 ;;		 -> STR_6(3), STR_5(3), STR_4(3), STR_3(3), 
 11136 ;;		 -> STR_2(3), STR_1(3), 
 11137 ;;  addr            1    4[COMRAM] unsigned char 
 11138 ;; Auto vars:     Size  Location     Type
 11139 ;;		None
 11140 ;; Return value:  Size  Location     Type
 11141 ;;                  1    wreg      void 
 11142 ;; Registers used:
 11143 ;;		wreg, fsr0l, fsr0h, status,2, status,0, tblptrl, tblptrh, tblptru, cstack
 11144 ;; Tracked objects:
 11145 ;;		On entry : 0/0
 11146 ;;		On exit  : 0/0
 11147 ;;		Unchanged: 0/0
 11148 ;; Data sizes:     COMRAM   BANK0   BANK1   BANK2   BANK3   BANK4   BANK5
 11149 ;;      Params:         3       0       0       0       0       0       0
 11150 ;;      Locals:         0       0       0       0       0       0       0
 11151 ;;      Temps:          0       0       0       0       0       0       0
 11152 ;;      Totals:         3       0       0       0       0       0       0
 11153 ;;Total ram usage:        3 bytes
 11154 ;; Hardware stack levels used: 1
 11155 ;; Hardware stack levels required when called: 1
 11156 ;; This function calls:
 11157 ;;		_clcd_write
 11158 ;; This function is called by:
 11159 ;;		_view_dashboard
 11160 ;;		_display_speed
 11161 ;;		_display_gear_shifting
 11162 ;;		_display_time
 11163 ;;		_display_main_menu
 11164 ;;		_view_log
 11165 ;;		_clear_log
 11166 ;;		_set_time
 11167 ;; This function uses a non-reentrant model
 11168 ;;
 11169                           
 11170                           	psect	text45
 11171   001854                     __ptext45:
 11172                           	callstack 0
 11173   001854                     _clcd_print:
 11174                           	callstack 28
 11175   001854                     
 11176                           ;clcd.c: 64: void clcd_print(const unsigned char *data, unsigned char addr);clcd.c: 65: 
      +                          {;clcd.c: 66:  clcd_write(addr, 0);
 11177   001854  0E00               	movlw	0
 11178   001856  6E01               	movwf	clcd_write@control_bit^0,c
 11179   001858  5005               	movf	clcd_print@addr^0,w,c
 11180   00185A  EC0D  F00B         	call	_clcd_write
 11181                           
 11182                           ;clcd.c: 67:  while (*data != '\0')
 11183   00185E  EF47  F00C         	goto	l2559
 11184   001862                     l2555:
 11185                           
 11186                           ;clcd.c: 68:  {;clcd.c: 69:   clcd_write(*data++, 1);
 11187   001862  0E01               	movlw	1
 11188   001864  6E01               	movwf	clcd_write@control_bit^0,c
 11189   001866  C003  FFF6         	movff	clcd_print@data,tblptrl
 11190   00186A  C004  FFF7         	movff	clcd_print@data+1,tblptrh
 11191   00186E  6AF8               	clrf	tblptru,c
 11192   001870  0E05               	movlw	(high __ramtop+-1)
 11193   001872  64F7               	cpfsgt	tblptrh,c
 11194   001874  D003               	bra	u1427
 11195   001876  0008               	tblrd		*
 11196   001878  50F5               	movf	tablat,w,c
 11197   00187A  D005               	bra	u1420
 11198   00187C                     u1427:
 11199   00187C  CFF6 FFE9          	movff	tblptrl,fsr0l
 11200   001880  CFF7 FFEA          	movff	tblptrh,fsr0h
 11201   001884  50EF               	movf	indf0,w,c
 11202   001886                     u1420:
 11203   001886  EC0D  F00B         	call	_clcd_write
 11204   00188A  4A03               	infsnz	clcd_print@data^0,f,c
 11205   00188C  2A04               	incf	(clcd_print@data+1)^0,f,c
 11206   00188E                     l2559:
 11207                           
 11208                           ;clcd.c: 67:  while (*data != '\0')
 11209   00188E  C003  FFF6         	movff	clcd_print@data,tblptrl
 11210   001892  C004  FFF7         	movff	clcd_print@data+1,tblptrh
 11211   001896  6AF8               	clrf	tblptru,c
 11212   001898  0E05               	movlw	(high __ramtop+-1)
 11213   00189A  64F7               	cpfsgt	tblptrh,c
 11214   00189C  D003               	bra	u1437
 11215   00189E  0008               	tblrd		*
 11216   0018A0  50F5               	movf	tablat,w,c
 11217   0018A2  D005               	bra	u1430
 11218   0018A4                     u1437:
 11219   0018A4  CFF6 FFE9          	movff	tblptrl,fsr0l
 11220   0018A8  CFF7 FFEA          	movff	tblptrh,fsr0h
 11221   0018AC  50EF               	movf	indf0,w,c
 11222   0018AE                     u1430:
 11223   0018AE  0900               	iorlw	0
 11224   0018B0  A4D8               	btfss	status,2,c
 11225   0018B2  EF5D  F00C         	goto	u1441
 11226   0018B6  EF5F  F00C         	goto	u1440
 11227   0018BA                     u1441:
 11228   0018BA  EF31  F00C         	goto	l2555
 11229   0018BE                     u1440:
 11230   0018BE  0012               	return		;funcret
 11231   0018C0                     __end_of_clcd_print:
 11232                           	callstack 0
 11233                           
 11234 ;; *************** function _clcd_write *****************
 11235 ;; Defined at:
 11236 ;;		line 10 in file "clcd.c"
 11237 ;; Parameters:    Size  Location     Type
 11238 ;;  byte            1    wreg     unsigned char 
 11239 ;;  control_bit     1    0[COMRAM] unsigned char 
 11240 ;; Auto vars:     Size  Location     Type
 11241 ;;  byte            1    1[COMRAM] unsigned char 
 11242 ;; Return value:  Size  Location     Type
 11243 ;;                  1    wreg      void 
 11244 ;; Registers used:
 11245 ;;		wreg
 11246 ;; Tracked objects:
 11247 ;;		On entry : 0/0
 11248 ;;		On exit  : 0/0
 11249 ;;		Unchanged: 0/0
 11250 ;; Data sizes:     COMRAM   BANK0   BANK1   BANK2   BANK3   BANK4   BANK5
 11251 ;;      Params:         1       0       0       0       0       0       0
 11252 ;;      Locals:         1       0       0       0       0       0       0
 11253 ;;      Temps:          0       0       0       0       0       0       0
 11254 ;;      Totals:         2       0       0       0       0       0       0
 11255 ;;Total ram usage:        2 bytes
 11256 ;; Hardware stack levels used: 1
 11257 ;; This function calls:
 11258 ;;		Nothing
 11259 ;; This function is called by:
 11260 ;;		_init_clcd
 11261 ;;		_clcd_print
 11262 ;;		_clcd_putch
 11263 ;;		_display_main_menu
 11264 ;;		_view_log
 11265 ;;		_set_time
 11266 ;; This function uses a non-reentrant model
 11267 ;;
 11268                           
 11269                           	psect	text46
 11270   00161A                     __ptext46:
 11271                           	callstack 0
 11272   00161A                     _clcd_write:
 11273                           	callstack 29
 11274                           
 11275                           ;incstack = 0
 11276                           ;clcd_write@byte stored from wreg
 11277   00161A  6E02               	movwf	clcd_write@byte^0,c
 11278   00161C                     
 11279                           ;clcd.c: 10: void clcd_write(unsigned char byte, unsigned char control_bit);clcd.c: 11: 
      +                          {;clcd.c: 12:  RC1 = control_bit;
 11280   00161C  B001               	btfsc	clcd_write@control_bit^0,0,c
 11281   00161E  EF13  F00B         	goto	u1391
 11282   001622  EF16  F00B         	goto	u1390
 11283   001626                     u1391:
 11284   001626  8282               	bsf	3970,1,c	;volatile
 11285   001628  EF17  F00B         	goto	u1405
 11286   00162C                     u1390:
 11287   00162C  9282               	bcf	3970,1,c	;volatile
 11288   00162E                     u1405:
 11289   00162E                     
 11290                           ;clcd.c: 13:  PORTD = byte;
 11291   00162E  C002  FF83         	movff	clcd_write@byte,3971	;volatile
 11292   001632                     
 11293                           ;clcd.c: 16:  RC2 = 1;
 11294   001632  8482               	bsf	3970,2,c	;volatile
 11295   001634                     
 11296                           ;clcd.c: 17:  RC2 = 0;
 11297   001634  9482               	bcf	3970,2,c	;volatile
 11298   001636                     
 11299                           ;clcd.c: 19:  TRISD7 = 0xFF;
 11300   001636  8E95               	bsf	3989,7,c	;volatile
 11301   001638                     
 11302                           ;clcd.c: 20:  RC0 = 1;
 11303   001638  8082               	bsf	3970,0,c	;volatile
 11304   00163A                     
 11305                           ;clcd.c: 21:  RC1 = 0;
 11306   00163A  9282               	bcf	3970,1,c	;volatile
 11307   00163C                     l2537:
 11308                           
 11309                           ;clcd.c: 24:  {;clcd.c: 25:   RC2 = 1;
 11310   00163C  8482               	bsf	3970,2,c	;volatile
 11311   00163E                     
 11312                           ;clcd.c: 26:   RC2 = 0;
 11313   00163E  9482               	bcf	3970,2,c	;volatile
 11314   001640                     
 11315                           ;clcd.c: 27:  } while (RD7);
 11316   001640  BE83               	btfsc	3971,7,c	;volatile
 11317   001642  EF25  F00B         	goto	u1411
 11318   001646  EF27  F00B         	goto	u1410
 11319   00164A                     u1411:
 11320   00164A  EF1E  F00B         	goto	l2537
 11321   00164E                     u1410:
 11322   00164E                     
 11323                           ;clcd.c: 29:  RC0 = 0;
 11324   00164E  9082               	bcf	3970,0,c	;volatile
 11325                           
 11326                           ;clcd.c: 30:  TRISD7 = 0x00;
 11327   001650  9E95               	bcf	3989,7,c	;volatile
 11328   001652  0012               	return		;funcret
 11329   001654                     __end_of_clcd_write:
 11330                           	callstack 0
 11331                           
 11332                           	psect	rparam
 11333   000001                     ___rparam_used  equ	1
 11334   000000                     ___param_bank   equ	0
 11335   000000                     __Lparam        equ	__Lrparam
 11336   000000                     __Hparam        equ	__Hrparam
 11337                           
 11338                           	psect	idloc
 11339                           
 11340                           ;Config register IDLOC0 @ 0x200000
 11341                           ;	unspecified, using default values
 11342   200000                     	org	2097152
 11343   200000  FF                 	db	255
 11344                           
 11345                           ;Config register IDLOC1 @ 0x200001
 11346                           ;	unspecified, using default values
 11347   200001                     	org	2097153
 11348   200001  FF                 	db	255
 11349                           
 11350                           ;Config register IDLOC2 @ 0x200002
 11351                           ;	unspecified, using default values
 11352   200002                     	org	2097154
 11353   200002  FF                 	db	255
 11354                           
 11355                           ;Config register IDLOC3 @ 0x200003
 11356                           ;	unspecified, using default values
 11357   200003                     	org	2097155
 11358   200003  FF                 	db	255
 11359                           
 11360                           ;Config register IDLOC4 @ 0x200004
 11361                           ;	unspecified, using default values
 11362   200004                     	org	2097156
 11363   200004  FF                 	db	255
 11364                           
 11365                           ;Config register IDLOC5 @ 0x200005
 11366                           ;	unspecified, using default values
 11367   200005                     	org	2097157
 11368   200005  FF                 	db	255
 11369                           
 11370                           ;Config register IDLOC6 @ 0x200006
 11371                           ;	unspecified, using default values
 11372   200006                     	org	2097158
 11373   200006  FF                 	db	255
 11374                           
 11375                           ;Config register IDLOC7 @ 0x200007
 11376                           ;	unspecified, using default values
 11377   200007                     	org	2097159
 11378   200007  FF                 	db	255
 11379                           
 11380                           	psect	config
 11381                           
 11382                           ; Padding undefined space
 11383   300000                     	org	3145728
 11384   300000  FF                 	db	255
 11385                           
 11386                           ;Config register CONFIG1H @ 0x300001
 11387                           ;	unspecified, using default values
 11388                           ;	Oscillator Selection bits
 11389                           ;	OSC = 0x7, unprogrammed default
 11390                           ;	Fail-Safe Clock Monitor Enable bit
 11391                           ;	FCMEN = 0x0, unprogrammed default
 11392                           ;	Internal/External Oscillator Switchover bit
 11393                           ;	IESO = 0x0, unprogrammed default
 11394   300001                     	org	3145729
 11395   300001  07                 	db	7
 11396                           
 11397                           ;Config register CONFIG2L @ 0x300002
 11398                           ;	unspecified, using default values
 11399                           ;	Power-up Timer Enable bit
 11400                           ;	PWRT = 0x1, unprogrammed default
 11401                           ;	Brown-out Reset Enable bits
 11402                           ;	BOREN = 0x3, unprogrammed default
 11403                           ;	Brown-out Reset Voltage bits
 11404                           ;	BORV = 0x3, unprogrammed default
 11405   300002                     	org	3145730
 11406   300002  1F                 	db	31
 11407                           
 11408                           ;Config register CONFIG2H @ 0x300003
 11409                           ;	unspecified, using default values
 11410                           ;	Watchdog Timer Enable bit
 11411                           ;	WDT = 0x1, unprogrammed default
 11412                           ;	Watchdog Timer Postscale Select bits
 11413                           ;	WDTPS = 0xF, unprogrammed default
 11414   300003                     	org	3145731
 11415   300003  1F                 	db	31
 11416                           
 11417                           ; Padding undefined space
 11418   300004                     	org	3145732
 11419   300004  FF                 	db	255
 11420                           
 11421                           ;Config register CONFIG3H @ 0x300005
 11422                           ;	unspecified, using default values
 11423                           ;	PORTB A/D Enable bit
 11424                           ;	PBADEN = 0x1, unprogrammed default
 11425                           ;	Low-Power Timer 1 Oscillator Enable bit
 11426                           ;	LPT1OSC = 0x0, unprogrammed default
 11427                           ;	MCLR Pin Enable bit
 11428                           ;	MCLRE = 0x1, unprogrammed default
 11429   300005                     	org	3145733
 11430   300005  82                 	db	130
 11431                           
 11432                           ;Config register CONFIG4L @ 0x300006
 11433                           ;	unspecified, using default values
 11434                           ;	Stack Full/Underflow Reset Enable bit
 11435                           ;	STVREN = 0x1, unprogrammed default
 11436                           ;	Single-Supply ICSP Enable bit
 11437                           ;	LVP = 0x1, unprogrammed default
 11438                           ;	Boot Block Size Select bit
 11439                           ;	BBSIZ = 0x0, unprogrammed default
 11440                           ;	Extended Instruction Set Enable bit
 11441                           ;	XINST = 0x0, unprogrammed default
 11442                           ;	Background Debugger Enable bit
 11443                           ;	DEBUG = 0x1, unprogrammed default
 11444   300006                     	org	3145734
 11445   300006  85                 	db	133
 11446                           
 11447                           ; Padding undefined space
 11448   300007                     	org	3145735
 11449   300007  FF                 	db	255
 11450                           
 11451                           ;Config register CONFIG5L @ 0x300008
 11452                           ;	unspecified, using default values
 11453                           ;	Code Protection bit
 11454                           ;	CP0 = 0x1, unprogrammed default
 11455                           ;	Code Protection bit
 11456                           ;	CP1 = 0x1, unprogrammed default
 11457                           ;	Code Protection bit
 11458                           ;	CP2 = 0x1, unprogrammed default
 11459                           ;	Code Protection bit
 11460                           ;	CP3 = 0x1, unprogrammed default
 11461   300008                     	org	3145736
 11462   300008  0F                 	db	15
 11463                           
 11464                           ;Config register CONFIG5H @ 0x300009
 11465                           ;	unspecified, using default values
 11466                           ;	Boot Block Code Protection bit
 11467                           ;	CPB = 0x1, unprogrammed default
 11468                           ;	Data EEPROM Code Protection bit
 11469                           ;	CPD = 0x1, unprogrammed default
 11470   300009                     	org	3145737
 11471   300009  C0                 	db	192
 11472                           
 11473                           ;Config register CONFIG6L @ 0x30000A
 11474                           ;	unspecified, using default values
 11475                           ;	Write Protection bit
 11476                           ;	WRT0 = 0x1, unprogrammed default
 11477                           ;	Write Protection bit
 11478                           ;	WRT1 = 0x1, unprogrammed default
 11479                           ;	Write Protection bit
 11480                           ;	WRT2 = 0x1, unprogrammed default
 11481                           ;	Write Protection bit
 11482                           ;	WRT3 = 0x1, unprogrammed default
 11483   30000A                     	org	3145738
 11484   30000A  0F                 	db	15
 11485                           
 11486                           ;Config register CONFIG6H @ 0x30000B
 11487                           ;	unspecified, using default values
 11488                           ;	Configuration Register Write Protection bit
 11489                           ;	WRTC = 0x1, unprogrammed default
 11490                           ;	Boot Block Write Protection bit
 11491                           ;	WRTB = 0x1, unprogrammed default
 11492                           ;	Data EEPROM Write Protection bit
 11493                           ;	WRTD = 0x1, unprogrammed default
 11494   30000B                     	org	3145739
 11495   30000B  E0                 	db	224
 11496                           
 11497                           ;Config register CONFIG7L @ 0x30000C
 11498                           ;	unspecified, using default values
 11499                           ;	Table Read Protection bit
 11500                           ;	EBTR0 = 0x1, unprogrammed default
 11501                           ;	Table Read Protection bit
 11502                           ;	EBTR1 = 0x1, unprogrammed default
 11503                           ;	Table Read Protection bit
 11504                           ;	EBTR2 = 0x1, unprogrammed default
 11505                           ;	Table Read Protection bit
 11506                           ;	EBTR3 = 0x1, unprogrammed default
 11507   30000C                     	org	3145740
 11508   30000C  0F                 	db	15
 11509                           
 11510                           ;Config register CONFIG7H @ 0x30000D
 11511                           ;	unspecified, using default values
 11512                           ;	Boot Block Table Read Protection bit
 11513                           ;	EBTRB = 0x1, unprogrammed default
 11514   30000D                     	org	3145741
 11515   30000D  40                 	db	64
 11516                           tosu	equ	0xFFF
 11517                           tosh	equ	0xFFE
 11518                           tosl	equ	0xFFD
 11519                           stkptr	equ	0xFFC
 11520                           pclatu	equ	0xFFB
 11521                           pclath	equ	0xFFA
 11522                           pcl	equ	0xFF9
 11523                           tblptru	equ	0xFF8
 11524                           tblptrh	equ	0xFF7
 11525                           tblptrl	equ	0xFF6
 11526                           tablat	equ	0xFF5
 11527                           prodh	equ	0xFF4
 11528                           prodl	equ	0xFF3
 11529                           indf0	equ	0xFEF
 11530                           postinc0	equ	0xFEE
 11531                           postdec0	equ	0xFED
 11532                           preinc0	equ	0xFEC
 11533                           plusw0	equ	0xFEB
 11534                           fsr0h	equ	0xFEA
 11535                           fsr0l	equ	0xFE9
 11536                           wreg	equ	0xFE8
 11537                           indf1	equ	0xFE7
 11538                           postinc1	equ	0xFE6
 11539                           postdec1	equ	0xFE5
 11540                           preinc1	equ	0xFE4
 11541                           plusw1	equ	0xFE3
 11542                           fsr1h	equ	0xFE2
 11543                           fsr1l	equ	0xFE1
 11544                           bsr	equ	0xFE0
 11545                           indf2	equ	0xFDF
 11546                           postinc2	equ	0xFDE
 11547                           postdec2	equ	0xFDD
 11548                           preinc2	equ	0xFDC
 11549                           plusw2	equ	0xFDB
 11550                           fsr2h	equ	0xFDA
 11551                           fsr2l	equ	0xFD9
 11552                           status	equ	0xFD8

Data Sizes:
    Strings     244
    Constant    0
    Data        31
    BSS         40
    Persistent  0
    Stack       0

Auto Spaces:
    Space          Size  Autos    Used
    COMRAM           95     60      88
    BANK0           160      0      43
    BANK1           256      0       0
    BANK2           256      0       0
    BANK3           256      0       0
    BANK4           256      0       0
    BANK5           256      0       0

Pointer List with Targets:

    clcd_print@data	PTR const unsigned char  size(2) Largest target is 17
		 -> data(BANK0[17]), speed(COMRAM[4]), STR_1(CODE[3]), STR_10(CODE[3]), 
		 -> STR_100(CODE[17]), STR_101(CODE[17]), STR_102(CODE[17]), STR_106(CODE[13]), 
		 -> STR_107(CODE[3]), STR_108(CODE[3]), STR_109(CODE[3]), STR_11(CODE[3]), 
		 -> STR_110(CODE[3]), STR_111(CODE[3]), STR_112(CODE[3]), STR_113(CODE[3]), 
		 -> STR_114(CODE[3]), STR_115(CODE[3]), STR_116(CODE[3]), STR_117(CODE[3]), 
		 -> STR_118(CODE[3]), STR_12(CODE[3]), STR_13(CODE[3]), STR_14(CODE[3]), 
		 -> STR_15(CODE[3]), STR_16(CODE[3]), STR_17(CODE[3]), STR_18(CODE[3]), 
		 -> STR_19(CODE[17]), STR_2(CODE[3]), STR_20(CODE[3]), STR_21(CODE[3]), 
		 -> STR_22(CODE[3]), STR_23(CODE[3]), STR_24(CODE[3]), STR_25(CODE[3]), 
		 -> STR_26(CODE[3]), STR_27(CODE[3]), STR_28(CODE[3]), STR_29(CODE[3]), 
		 -> STR_3(CODE[3]), STR_30(CODE[3]), STR_31(CODE[3]), STR_32(CODE[3]), 
		 -> STR_33(CODE[3]), STR_34(CODE[3]), STR_35(CODE[3]), STR_36(CODE[3]), 
		 -> STR_37(CODE[3]), STR_38(CODE[3]), STR_39(CODE[3]), STR_4(CODE[3]), 
		 -> STR_40(CODE[3]), STR_41(CODE[3]), STR_42(CODE[3]), STR_43(CODE[3]), 
		 -> STR_44(CODE[3]), STR_45(CODE[3]), STR_46(CODE[3]), STR_47(CODE[3]), 
		 -> STR_48(CODE[3]), STR_49(CODE[3]), STR_5(CODE[3]), STR_50(CODE[3]), 
		 -> STR_51(CODE[3]), STR_52(CODE[3]), STR_53(CODE[3]), STR_54(CODE[3]), 
		 -> STR_55(CODE[3]), STR_56(CODE[3]), STR_57(CODE[3]), STR_58(CODE[3]), 
		 -> STR_59(CODE[3]), STR_6(CODE[3]), STR_60(CODE[3]), STR_61(CODE[3]), 
		 -> STR_62(CODE[3]), STR_63(CODE[3]), STR_64(CODE[3]), STR_65(CODE[3]), 
		 -> STR_66(CODE[3]), STR_67(CODE[3]), STR_68(CODE[3]), STR_69(CODE[3]), 
		 -> STR_7(CODE[3]), STR_70(CODE[3]), STR_71(CODE[3]), STR_72(CODE[3]), 
		 -> STR_73(CODE[3]), STR_74(CODE[9]), STR_75(CODE[13]), STR_76(CODE[10]), 
		 -> STR_77(CODE[9]), STR_78(CODE[4]), STR_79(CODE[14]), STR_8(CODE[3]), 
		 -> STR_80(CODE[3]), STR_81(CODE[3]), STR_82(CODE[3]), STR_83(CODE[3]), 
		 -> STR_84(CODE[3]), STR_85(CODE[3]), STR_86(CODE[3]), STR_87(CODE[3]), 
		 -> STR_88(CODE[3]), STR_89(CODE[3]), STR_9(CODE[3]), STR_90(CODE[3]), 
		 -> STR_91(CODE[3]), STR_92(CODE[3]), STR_93(CODE[3]), STR_94(CODE[3]), 
		 -> STR_95(CODE[3]), STR_96(CODE[3]), STR_97(CODE[3]), STR_98(CODE[17]), 
		 -> STR_99(CODE[17]), time(COMRAM[9]), 

    display_main_menu@F10524	PTR unsigned char [4] size(2) Largest target is 13
		 -> STR_74(CODE[9]), STR_75(CODE[13]), STR_76(CODE[10]), STR_77(CODE[9]), 

    display_main_menu@menu	PTR unsigned char [4] size(2) Largest target is 13
		 -> STR_74(CODE[9]), STR_75(CODE[13]), STR_76(CODE[10]), STR_77(CODE[9]), 

    events	PTR unsigned char [9] size(2) Largest target is 3
		 -> STR_1(CODE[3]), STR_10(CODE[3]), STR_11(CODE[3]), STR_110(CODE[3]), 
		 -> STR_111(CODE[3]), STR_112(CODE[3]), STR_113(CODE[3]), STR_114(CODE[3]), 
		 -> STR_115(CODE[3]), STR_116(CODE[3]), STR_117(CODE[3]), STR_118(CODE[3]), 
		 -> STR_12(CODE[3]), STR_13(CODE[3]), STR_14(CODE[3]), STR_15(CODE[3]), 
		 -> STR_16(CODE[3]), STR_17(CODE[3]), STR_18(CODE[3]), STR_2(CODE[3]), 
		 -> STR_20(CODE[3]), STR_21(CODE[3]), STR_22(CODE[3]), STR_23(CODE[3]), 
		 -> STR_24(CODE[3]), STR_25(CODE[3]), STR_26(CODE[3]), STR_27(CODE[3]), 
		 -> STR_28(CODE[3]), STR_29(CODE[3]), STR_3(CODE[3]), STR_30(CODE[3]), 
		 -> STR_31(CODE[3]), STR_32(CODE[3]), STR_33(CODE[3]), STR_34(CODE[3]), 
		 -> STR_35(CODE[3]), STR_36(CODE[3]), STR_37(CODE[3]), STR_38(CODE[3]), 
		 -> STR_39(CODE[3]), STR_4(CODE[3]), STR_40(CODE[3]), STR_41(CODE[3]), 
		 -> STR_42(CODE[3]), STR_43(CODE[3]), STR_44(CODE[3]), STR_45(CODE[3]), 
		 -> STR_46(CODE[3]), STR_47(CODE[3]), STR_48(CODE[3]), STR_49(CODE[3]), 
		 -> STR_5(CODE[3]), STR_50(CODE[3]), STR_51(CODE[3]), STR_52(CODE[3]), 
		 -> STR_53(CODE[3]), STR_54(CODE[3]), STR_55(CODE[3]), STR_56(CODE[3]), 
		 -> STR_57(CODE[3]), STR_58(CODE[3]), STR_59(CODE[3]), STR_6(CODE[3]), 
		 -> STR_60(CODE[3]), STR_61(CODE[3]), STR_62(CODE[3]), STR_63(CODE[3]), 
		 -> STR_64(CODE[3]), STR_65(CODE[3]), STR_66(CODE[3]), STR_67(CODE[3]), 
		 -> STR_68(CODE[3]), STR_69(CODE[3]), STR_7(CODE[3]), STR_70(CODE[3]), 
		 -> STR_71(CODE[3]), STR_72(CODE[3]), STR_73(CODE[3]), STR_8(CODE[3]), 
		 -> STR_80(CODE[3]), STR_81(CODE[3]), STR_82(CODE[3]), STR_83(CODE[3]), 
		 -> STR_84(CODE[3]), STR_85(CODE[3]), STR_86(CODE[3]), STR_87(CODE[3]), 
		 -> STR_88(CODE[3]), STR_89(CODE[3]), STR_9(CODE[3]), STR_90(CODE[3]), 
		 -> STR_91(CODE[3]), STR_92(CODE[3]), STR_93(CODE[3]), STR_94(CODE[3]), 
		 -> STR_95(CODE[3]), STR_96(CODE[3]), STR_97(CODE[3]), 

    puts@s	PTR const unsigned char  size(2) Largest target is 23
		 -> data(BANK0[17]), STR_103(CODE[20]), STR_104(CODE[23]), STR_105(CODE[3]), 


Critical Paths under _main in COMRAM

    _view_log->_event_reader
    _view_dashboard->_display_speed
    _display_time->_clcd_print
    _display_speed->___fltol
    ___xxtofl->_read_adc
    ___lwmod->___lwdiv
    ___fltol->___fldiv
    ___fldiv->___xxtofl
    _display_gear_shifting->_event_store
    _event_store->_write_external_eeprom
    _set_time->_write_ds1307
    _get_time->_read_ds1307
    _clcd_putch->_clcd_write
    _init_config->_init_ds1307
    _init_ds1307->_write_ds1307
    _write_ds1307->___awdiv
    _read_ds1307->_i2c_write
    _init_clcd->_clcd_write
    _download_log->_event_reader
    _puts->_putch
    _event_reader->_read_external_eeprom
    _read_external_eeprom->_i2c_write
    _display_main_menu->_clcd_print
    _clear_log->_clcd_print
    _write_external_eeprom->_i2c_write
    _clcd_print->_clcd_write

Critical Paths under _main in BANK0

    None.

Critical Paths under _main in BANK1

    None.

Critical Paths under _main in BANK2

    None.

Critical Paths under _main in BANK3

    None.

Critical Paths under _main in BANK4

    None.

Critical Paths under _main in BANK5

    None.

Call Graph Tables:

 ---------------------------------------------------------------------------------
 (Depth) Function   	        Calls       Base Space   Used Autos Params    Refs
 ---------------------------------------------------------------------------------
 (0) _main                                                 2     2      0    7734
                                             58 COMRAM     2     2      0
                          _clear_log
                  _display_main_menu
                       _download_log
                        _init_config
                      _read_switches
                           _set_time
                     _view_dashboard
                           _view_log
 ---------------------------------------------------------------------------------
 (1) _view_log                                             6     6      0    1060
                                             14 COMRAM     6     6      0
                         _clcd_print
                         _clcd_putch
                         _clcd_write
                       _event_reader
               _read_external_eeprom
                      _read_switches
 ---------------------------------------------------------------------------------
 (1) _view_dashboard                                       0     0      0    3126
                         _clcd_print
              _display_gear_shifting
                      _display_speed
                       _display_time
                           _get_time
 ---------------------------------------------------------------------------------
 (2) _display_time                                         0     0      0     171
                         _clcd_print
 ---------------------------------------------------------------------------------
 (2) _display_speed                                        2     2      0    2309
                                             56 COMRAM     2     2      0
                            ___fldiv
                            ___fltol
                            ___lwdiv
                            ___lwmod
                           ___xxtofl
                         _clcd_print
                           _read_adc
 ---------------------------------------------------------------------------------
 (3) _read_adc                                             7     5      2      52
                                              0 COMRAM     7     5      2
 ---------------------------------------------------------------------------------
 (3) ___xxtofl                                            14    10      4     337
                                              7 COMRAM    14    10      4
                           _read_adc (ARG)
 ---------------------------------------------------------------------------------
 (3) ___lwmod                                              5     1      4     163
                                              7 COMRAM     5     1      4
                            ___lwdiv (ARG)
 ---------------------------------------------------------------------------------
 (3) ___lwdiv                                              7     3      4     166
                                              0 COMRAM     7     3      4
 ---------------------------------------------------------------------------------
 (3) ___fltol                                             10     6      4     230
                                             46 COMRAM    10     6      4
                            ___fldiv (ARG)
                           ___xxtofl (ARG)
                           _read_adc (ARG)
 ---------------------------------------------------------------------------------
 (3) ___fldiv                                             25    17      8    1123
                                             21 COMRAM    25    17      8
                           ___xxtofl (ARG)
                           _read_adc (ARG)
 ---------------------------------------------------------------------------------
 (2) _display_gear_shifting                                0     0      0     394
                         _clcd_print
                        _event_store
 ---------------------------------------------------------------------------------
 (3) _event_store                                          6     6      0     223
                                              4 COMRAM     4     4      0
              _write_external_eeprom
 ---------------------------------------------------------------------------------
 (1) _set_time                                             6     6      0    1639
                                             10 COMRAM     6     6      0
                            ___awdiv
                            ___awmod
                         _clcd_print
                         _clcd_putch
                         _clcd_write
                           _get_time
                      _read_switches
                       _write_ds1307
 ---------------------------------------------------------------------------------
 (2) _get_time                                             0     0      0      81
                        _read_ds1307
 ---------------------------------------------------------------------------------
 (2) _clcd_putch                                           2     1      1     128
                                              2 COMRAM     2     1      1
                         _clcd_write
 ---------------------------------------------------------------------------------
 (2) ___awmod                                              6     2      4     308
                                              0 COMRAM     6     2      4
 ---------------------------------------------------------------------------------
 (2) ___awdiv                                              8     4      4     312
                                              0 COMRAM     8     4      4
 ---------------------------------------------------------------------------------
 (1) _init_config                                          0     0      0     305
                           _init_adc
                          _init_clcd
                        _init_ds1307
                           _init_i2c
                 _init_matrix_keypad
                          _init_uart
 ---------------------------------------------------------------------------------
 (2) _init_uart                                            0     0      0       0
 ---------------------------------------------------------------------------------
 (2) _init_matrix_keypad                                   0     0      0       0
 ---------------------------------------------------------------------------------
 (2) _init_i2c                                             0     0      0       0
 ---------------------------------------------------------------------------------
 (2) _init_ds1307                                          1     1      0     237
                                             10 COMRAM     1     1      0
                        _read_ds1307
                       _write_ds1307
 ---------------------------------------------------------------------------------
 (2) _write_ds1307                                         2     1      1      87
                                              8 COMRAM     2     1      1
                            ___awdiv (ARG)
                            ___awmod (ARG)
                          _i2c_start
                           _i2c_stop
                          _i2c_write
 ---------------------------------------------------------------------------------
 (3) _read_ds1307                                          2     2      0      81
                                              1 COMRAM     2     2      0
                           _i2c_read
                      _i2c_rep_start
                          _i2c_start
                           _i2c_stop
                          _i2c_write
 ---------------------------------------------------------------------------------
 (2) _init_clcd                                            1     1      0      68
                                              2 COMRAM     1     1      0
                         _clcd_write
 ---------------------------------------------------------------------------------
 (2) _init_adc                                             0     0      0       0
 ---------------------------------------------------------------------------------
 (1) _download_log                                         5     5      0     810
                                             14 COMRAM     4     4      0
                       _event_reader
                              _putch
                               _puts
               _read_external_eeprom
 ---------------------------------------------------------------------------------
 (2) _puts                                                 2     0      2      78
                                              1 COMRAM     2     0      2
                              _putch
 ---------------------------------------------------------------------------------
 (3) _putch                                                1     1      0      29
                                              0 COMRAM     1     1      0
 ---------------------------------------------------------------------------------
 (2) _event_reader                                        11    11      0     509
                                              3 COMRAM    11    11      0
               _read_external_eeprom
 ---------------------------------------------------------------------------------
 (2) _read_external_eeprom                                 2     2      0      81
                                              1 COMRAM     2     2      0
                           _i2c_read
                      _i2c_rep_start
                          _i2c_start
                           _i2c_stop
                          _i2c_write
 ---------------------------------------------------------------------------------
 (3) _i2c_rep_start                                        0     0      0       0
                           _i2c_idle
 ---------------------------------------------------------------------------------
 (3) _i2c_read                                             0     0      0       0
                         _i2c_no_ack
                        _i2c_rx_mode
 ---------------------------------------------------------------------------------
 (4) _i2c_rx_mode                                          0     0      0       0
                           _i2c_idle
 ---------------------------------------------------------------------------------
 (4) _i2c_no_ack                                           0     0      0       0
 ---------------------------------------------------------------------------------
 (1) _display_main_menu                                   11    11      0     479
                                              5 COMRAM    11    11      0
                         _clcd_print
                         _clcd_write
                      _read_switches
 ---------------------------------------------------------------------------------
 (2) _read_switches                                        1     1      0      58
                                              0 COMRAM     1     1      0
                           _scan_key
 ---------------------------------------------------------------------------------
 (3) _scan_key                                             0     0      0       0
 ---------------------------------------------------------------------------------
 (1) _clear_log                                            2     2      0     257
                                              5 COMRAM     2     2      0
                         _clcd_print
              _write_external_eeprom
 ---------------------------------------------------------------------------------
 (4) _write_external_eeprom                                3     2      1      86
                                              1 COMRAM     3     2      1
                          _i2c_start
                           _i2c_stop
                          _i2c_write
 ---------------------------------------------------------------------------------
 (3) _i2c_write                                            1     1      0      29
                                              0 COMRAM     1     1      0
                           _i2c_idle
 ---------------------------------------------------------------------------------
 (3) _i2c_stop                                             0     0      0       0
                           _i2c_idle
 ---------------------------------------------------------------------------------
 (3) _i2c_start                                            0     0      0       0
                           _i2c_idle
 ---------------------------------------------------------------------------------
 (4) _i2c_idle                                             0     0      0       0
 ---------------------------------------------------------------------------------
 (2) _clcd_print                                           3     0      3     171
                                              2 COMRAM     3     0      3
                         _clcd_write
 ---------------------------------------------------------------------------------
 (2) _clcd_write                                           2     1      1      68
                                              0 COMRAM     2     1      1
 ---------------------------------------------------------------------------------
 Estimated maximum stack depth 4
 ---------------------------------------------------------------------------------

 Call Graph Graphs:

 _main (ROOT)
   _clear_log
     _clcd_print
       _clcd_write
     _write_external_eeprom
       _i2c_start
         _i2c_idle
       _i2c_stop
         _i2c_idle
       _i2c_write
         _i2c_idle
   _display_main_menu
     _clcd_print
     _clcd_write
     _read_switches
       _scan_key
   _download_log
     _event_reader
       _read_external_eeprom
         _i2c_read
           _i2c_no_ack
           _i2c_rx_mode
             _i2c_idle
         _i2c_rep_start
           _i2c_idle
         _i2c_start
         _i2c_stop
         _i2c_write
     _putch
     _puts
       _putch
     _read_external_eeprom
   _init_config
     _init_adc
     _init_clcd
       _clcd_write
     _init_ds1307
       _read_ds1307
         _i2c_read
         _i2c_rep_start
         _i2c_start
         _i2c_stop
         _i2c_write
       _write_ds1307
         ___awdiv (ARG)
         ___awmod (ARG)
         _i2c_start (ARG)
         _i2c_stop (ARG)
         _i2c_write (ARG)
     _init_i2c
     _init_matrix_keypad
     _init_uart
   _read_switches
   _set_time
     ___awdiv
     ___awmod
     _clcd_print
     _clcd_putch
       _clcd_write
     _clcd_write
     _get_time
       _read_ds1307
     _read_switches
     _write_ds1307
   _view_dashboard
     _clcd_print
     _display_gear_shifting
       _clcd_print
       _event_store
         _write_external_eeprom
     _display_speed
       ___fldiv
         ___xxtofl (ARG)
           _read_adc (ARG)
         _read_adc (ARG)
       ___fltol
         ___fldiv (ARG)
         ___xxtofl (ARG)
         _read_adc (ARG)
       ___lwdiv
       ___lwmod
         ___lwdiv (ARG)
       ___xxtofl
       _clcd_print
       _read_adc
     _display_time
       _clcd_print
     _get_time
   _view_log
     _clcd_print
     _clcd_putch
     _clcd_write
     _event_reader
     _read_external_eeprom
     _read_switches

Address spaces:
Name               Size   Autos  Total    Usage
BIGRAM            1535      0       0      0.0%
BITBIGSFRlll       641      0       0      0.0%
BITBANK5           256      0       0      0.0%
BANK5              256      0       0      0.0%
BITBANK4           256      0       0      0.0%
BANK4              256      0       0      0.0%
BITBANK3           256      0       0      0.0%
BANK3              256      0       0      0.0%
BITBANK2           256      0       0      0.0%
BANK2              256      0       0      0.0%
BITBANK1           256      0       0      0.0%
BANK1              256      0       0      0.0%
BITBANK0           160      0       0      0.0%
BANK0              160      0      43     26.9%
BITCOMRAM           95      0       0      0.0%
COMRAM              95     60      88     92.6%
BITBIGSFRh          82      0       0      0.0%
BITBIGSFRllh        28      0       0      0.0%
BITBIGSFRlh         14      0       0      0.0%
STACK                0      0       0      0.0%
DATA                 0      0     131      0.0%


Microchip Technology PIC18 Macro Assembler V3.00 build 20241204225717 
Symbol Table                                                                                   Sat May 02 10:43:30 2026

 download_log@stored_log_count 0011                   ___fldiv@aexp 002E                   ___fldiv@bexp 002D  
                 ___fldiv@sign 0026          _write_external_eeprom 15EC                 clcd_print@addr 0005  
               clcd_print@data 0003                             l52 1A2A                             l47 1536  
                           _GO 7E11                             l99 1596                   ___awdiv@sign 0006  
           _init_matrix_keypad 148E                            l102 1EFE                            l112 1CC4  
                          l211 2048                            l203 149E                            l123 2344  
                          l221 20CE                            l214 2076                            l206 2020  
                          l223 20E2                            l215 20B2                            l207 210C  
                          l224 210A                            l216 208A                            l208 205C  
                          l161 164E                            l225 20F6                            l209 2034  
                          l162 1652                            l218 209E                            l171 18BE  
                          l236 1932                            l412 16E0                            l165 1B6E  
                          l421 147A                            l174 14E4                            l351 148A  
                          l415 1554                            l352 148C                            l362 1442  
                          l506 1618                            l418 15EA                            l346 14B4  
                          l426 1A24                            l371 144A                            l611 2E80  
                          l292 166C                            l349 147C                            l365 1452  
                          l509 15C0                            l605 2F04                            l374 1432  
                          l359 143A                            l295 1698                            l368 145E  
                          l465 261A                            l377 146A                            l289 151A  
                          l609 2E2E                            l570 172E                            l557 247E  
                          l574 1C18                            l671 14C6                            l672 14CC  
                          l585 2228                            l921 1E34                            l666 1574  
                          l594 2C2E                            l669 14B8                            l678 178C  
                          l934 1D72                            _CKE 7E3E                            l987 2004  
                          _RC0 7C10                            _RC1 7C11                            _RC2 7C12  
                          _RD7 7C1F                            _PEN 7E2A                            _SEN 7E28  
                          _RX9 7D5E                            _SMP 7E3F                            _TX9 7D66  
                ?_display_time 0001                            _key 004A                 clcd_putch@addr 0003  
                          _pos 0044                 clcd_putch@data 0004                   ___awmod@sign 0006  
                          wreg 0FE8            ?_init_matrix_keypad 0001         ?_display_gear_shifting 0001  
                 ___fltol@exp1 0038                ?_view_dashboard 0001                           l3001 1AE4  
                         l3011 1B1A                           l3003 1AEE                           l3021 1B44  
                         l3013 1B20                           l3005 1AFE                           l3101 1C80  
                         l1181 199E                           l3023 1B4E                           l3015 1B2A  
                         l3007 1B08                           l3031 16A2                           l3111 1CA8  
                         l1191 184A                           l1272 2B5E                           l1352 270A  
                         l3041 18D2                           l3121 2110                           l3025 1B5C  
                         l3017 1B32                           l3009 1B10                           l3033 16AE  
                         l3201 1DA6                           l3105 1C8A                           l1345 2672  
                         l3113 1E36                           l1274 29C2                           l3043 18D8  
                         l3123 211E                           l3027 1B66                           l3019 1B3C  
                         l3035 16C2                           l3211 1DD4                           l3203 1DAA  
                         l3107 1C9C                           l1283 2A08                           l3115 1EF0  
                         l1284 2A26                           l1188 19A6                           l1348 27CE  
                         l2501 1456                           l3061 1928                           l3045 18E8  
                         l3301 24A6                           l3141 216E                           l3125 2126  
                         l3037 16CC                           l3029 169A                           l3221 1E08  
                         l3213 1DE2                           l3205 1DB2                           l3117 14D0  
                         l1285 2A7E                           l1277 2986                           l1286 2A6C  
                         l1198 1852                           l2503 145A                           l2511 15EE  
                         l3047 18F8                           l3055 1900                           l3039 18C2  
                         l3311 24EA                           l3303 24B8                           l3151 21AE  
                         l3143 2172                           l3135 2156                           l3127 2132  
                         l3119 2110                           l3223 1E0E                           l3215 1DE8  
                         l3207 1DC4                           l3071 19C0                           l1359 2766  
                         l2521 1608                           l2513 15F2                           l3057 1910  
                         l3065 1930                           l3049 18FA                           l3321 2520  
                         l3313 24FA                           l3305 24C8                           l2505 1444  
                         l3161 21CE                           l3153 21B2                           l3145 218E  
                         l3137 2166                           l3129 214E                           l3401 1B70  
                         l3217 1DFE                           l3209 1DCC                           l3225 1E14  
                         l3241 1CE2                           l3233 1CC6                           l3081 1A04  
                         l3073 19CE                           l2601 22DE                           l2531 1636  
                         l2523 161C                           l2515 15F8                           l3059 1918  
                         l3315 2504                           l3307 24D2                           l2507 1446  
                         l3171 21F6                           l3163 21DE                           l3155 21B6  
                         l3147 219A                           l3139 216A                           l3411 1BAC  
                         l3403 1B72                           l3227 1E24                           l3219 1E06  
                         l3251 1D1A                           l3243 1CF0                           l3235 1CC8  
                         l3083 1A0C                           l3075 19E4                           l2611 2328  
                         l2603 22E2                           l3091 1C2A                           l2541 1640  
                         l2533 1638                           l2525 162E                           l2517 15FE  
                         l3333 2538                           l3325 2528                           l3341 2566  
                         l3317 250A                           l3309 24D8                           l2509 142E  
                         l3173 21FA                           l3157 21C6                           l3149 219E  
                         l3181 1730                           l3421 1BD0                           l3405 1B7A  
                         l1901 1500                           l2701 153A                           l3229 1E2C  
                         l3253 1D28                           l3261 1D52                           l3245 1CF8  
                         l3237 1CD6                           l3085 1A22                           l3077 19F6  
                         l3069 19A8                           l3501 2D22                           l2613 233C  
                         l2605 22FE                           l3093 1C46                           l2535 163A  
                         l2527 1632                           l2519 1604                           l2623 202E  
                         l2615 2006                           l3351 25B4                           l3343 2578  
                         l2543 144C                           l2711 159A                           l3175 21FE  
                         l3159 21CA                           l3183 1734                           l3431 1BF4  
                         l3423 1BD8                           l3407 1B8A                           l3415 1BB4  
                         l2703 153E                           l1911 14B0                           l1903 14A0  
                         l3271 151E                           l3191 1D76                           l3263 1D62  
                         l3255 1D3E                           l3247 1D0A                           l3239 1CDE  
                         l3079 19FA                           l3511 2D70                           l3503 2D34  
                         l2607 231A                           l3095 1C4A                           l3087 146C  
                         l2537 163C                           l2529 1634                           l2553 1854  
                         l3441 1702                           l2617 201A                           l3353 25DE  
                         l3345 257A                           l3329 2530                           l2545 144E  
                         l2721 15BA                           l2713 159E                           l3177 2202  
                         l3169 21E6                           l3185 1758                           l3433 1C00  
                         l3425 1BDE                           l3417 1BC4                           l3409 1B96  
                         l2705 1544                           l1913 14B2                           l1905 14A4  
                         l3281 1532                           l3273 1522                           l3193 1D84  
                         l3265 1D6A                           l3257 1D46                           l3249 1D12  
                         l3521 2DE6                           l3513 2D88                           l2609 231E  
                         l3097 1C52                           l3089 1C1A                           l2801 2976  
                         l2561 1656                           l3361 2360                           l2539 163E  
                         l2555 1862                           l2491 147C                           l3443 1718  
                         l2651 2098                           l2635 2056                           l3355 2606  
                         l3339 2540                           l3347 2588                           l2547 1460  
                         l2715 15A4                           l3179 221E                           l3187 175C  
                         l3427 1BE4                           l3419 1BCA                           l3435 1C02  
                         l2707 154A                           l1907 14AC                           l1931 1556  
                         l3275 1526                           l3195 1D8C                           l3259 1D4C  
                         l3531 2E48                           l3523 2DF6                           l3515 2DA0  
                         l3507 2D3C                           l3451 2B62                           l2571 222A  
                         l3099 1C64                           l2811 29C0                           l2803 2984  
                         l2731 27DC                           l2563 166A                           l3291 1592  
                         l3283 1576                           l3371 23C4                           l3363 2376  
                         l2557 188A                           l2493 1434                           l3445 1720  
                         l2661 20C8                           l2645 2084                           l2629 2042  
                         l3349 2598                           l3293 2480                           l2549 1468  
                         l2717 15AA                           l2725 14B8                           l3429 1BEA  
                         l2709 1550                           l1909 14AE                           l1925 148E  
                         l1933 156C                           l3277 152A                           l3269 151C  
                         l3197 1D90                           l3189 1D74                           l3541 2EAC  
                         l3533 2E58                           l3525 2E06                           l3517 2DD4  
                         l3509 2D6C                           l3461 2B94                           l3453 2B66  
                         l2581 2248                           l2821 2A06                           l2813 29D2  
                         l2805 2990                           l2741 281C                           l2733 27EA  
                         l2901 1FD4                           l2565 167A                           l3285 1586  
                         l3381 2416                           l3365 237E                           l3357 2346  
                         l2559 188E                           l2495 1436                           l3447 172A  
                         l3439 16E2                           l2639 2070                           l3295 248A  
                         l2719 15AE                           l2727 14C8                           l1927 1496  
                         l1935 1570                           l3279 152E                           l3199 1D9E  
                         l3543 2EC0                           l3535 2E6C                           l3527 2E1A  
                         l3519 2DD6                           l3471 2BD8                           l3463 2B9C  
                         l3455 2B72                           l2591 22C0                           l2583 224C  
                         l2831 2A8E                           l2815 29E8                           l2823 2A18  
                         l2807 29AE                           l2751 2840                           l2743 281E  
                         l2735 27EC                           l2903 1FE4                           l2911 193C  
                         l2567 1690                           l3287 158A                           l3383 241C  
                         l3367 238E                           l3375 23CC                           l3359 2350  
                         l3551 1A32                           l2497 143C                           l2673 20F0  
                         l2657 20AC                           l3297 248C                           l1929 1498  
                         l1937 1572                           l3545 2ED4                           l3537 2E8A  
                         l3529 2E38                           l3481 2C28                           l3473 2BE8  
                         l3465 2BAE                           l3457 2B7E                           l3449 2B60  
                         l2585 2268                           l2577 2232                           l2841 2AF0  
                         l2833 2A9A                           l2825 2A36                           l2817 29EE  
                         l2809 29B0                           l2761 2880                           l2753 284E  
                         l2737 27FC                           l2745 2824                           l2729 27D0  
                         l2905 1FF4                           l2921 1972                           l2913 194E  
                         l3289 158E                           l3385 242E                           l3377 23D4  
                         l3369 23AE                           l3561 1A64                           l3553 1A44  
                         l2499 143E                           l2683 210A                           l2667 20DC  
                         l3299 249E                           l2691 15CE                           l3547 2EEA  
                         l3539 2E9C                           l3491 2C5C                           l3475 2BFC  
                         l3467 2BBE                           l3483 2C32                           l3459 2B8A  
                         l2587 2288                           l2579 2244                           l2851 2B3E  
                         l2843 2B06                           l2835 2AA8                           l2827 2A64  
                         l2819 29F8                           l2771 28BE                           l2763 2882  
                         l2755 2850                           l2747 2834                           l2739 280C  
                         l2923 1988                           l2915 1956                           l2931 17F0  
                         l3387 243E                           l3395 245A                           l3379 23E6  
                         l3563 1A6C                           l3555 1A4C                           l2693 15D4  
                         l3493 2C6E                           l3485 2C44                           l3477 2C02  
                         l3469 2BD2                           l2597 22C8                           l2589 228C  
                         l2853 2B4C                           l2845 2B20                           l2837 2AD2  
                         l2781 28EE                           l2773 28C6                           l2757 2860  
                         l2765 2888                           l2749 283A                           l2925 1990  
                         l2917 195E                           l2909 1934                           l2941 1836  
                         l2933 1802                           l3397 2460                           l3389 2444  
                         l3565 1A74                           l3557 1A54                           l3549 1A26  
                         l2679 2104                           l2695 15D8                           l2687 15C4  
                         l3495 2D1C                           l3487 2C46                           l3479 2C14  
                         l2599 22DA                           l2855 2B52                           l2847 2B38  
                         l2839 2AD6                           l2791 292C                           l2783 28EE  
                         l2775 28CA                           l2767 2898                           l2759 2870  
                         l2871 1F2A                           l2927 1992                           l2919 196C  
                         l2943 183E                           l2935 180A                           l2951 263C  
                         l3399 246C                           l3583 1A90                           l3559 1A5C  
                         l2697 15E4                           l2689 15C8                           l3489 2C56  
                         l2857 2B54                           l2849 2B3A                           l2793 293C  
                         l2769 28AE                           l2881 1F78                           l2873 1F54  
                         l2865 1F00                           l2929 1998                           l2945 1844  
                         l2937 1812                           l2961 26B4                           l2953 2682  
                         l3569 1A7C                           l2795 294C                           l2787 2902  
                         l2779 28DE                           l2891 1FA4                           l2875 1F56  
                         l2867 1F16                           l2939 1820                           l2971 273C  
                         l2963 26C0                           l2955 2698                           l2947 261E  
                         l2797 2952                           l2789 291C                           l2877 1F66  
                         l2981 277A                           l2973 2748                           l2965 26F2  
                         l2949 262E                           l2799 2962                           l2887 1F90  
                         l2879 1F6A                           l2983 279E                           l2975 2756  
                         l2967 26F4                           l2959 26AC                           l2993 1ACA  
                         l2897 1FB8                           l2889 1F9A                           l2985 27AE  
                         l2977 2774                           l2969 2700                           l2995 1ACC  
                         l2899 1FC4                           l2987 27BC                           l2979 2776  
                         l2997 1AD2                           l2989 27BE                           l2999 1AD4  
                         _ADFM 7E07                           _ADON 7E10                           STR_1 2FF5  
                         STR_2 2FF2                           STR_3 2FE0                           STR_4 2FE3  
                         STR_5 2FE6                           STR_6 2FE9                           STR_7 2FEC  
                         STR_8 2FF8                           STR_9 2FEF                           _BRGH 7D62  
                         _CREN 7D5C                           u2000 263C                           u2001 2638  
                         u2010 2698                           u2011 2694                           u2100 18E8  
                         u2020 26EE                           u2101 18E4                           u2021 26EA  
                         u2110 18F8                           u2030 2738                           u2111 18F4  
                         u2031 2734                           u2120 1910                           u2200 214E  
                         u2040 2756                           u2121 190C                           u2201 214A  
                         u2041 2752                           u1410 164E                           u2130 1928  
                         u2210 218E                           u2050 2766                           u1411 164A  
                         u2131 1924                           u2211 218A                           u2051 2762  
                         u1420 1886                           u1500 201A                           u2220 221E  
                         u2300 1DFE                           u2140 19CE                           u2060 2774  
                         u1405 162E                           u1501 2016                           u2221 221A  
                         u2301 1DFA                           u2141 19CA                           u2061 2770  
                         u1430 18AE                           u1510 202E                           u2230 1754  
                         u2310 1E24                           u2150 1C2A                           u2070 27AE  
                         u1511 202A                           u2311 1E20                           u2151 1C26  
                         u2071 27AA                           u1440 18BE                           u1600 20F0  
                         u1520 2042                           u2400 24C8                           u2240 177C  
                         u2320 1CD6                           u2160 1C46                           u2080 27BC  
                         u1441 18BA                           u1601 20EC                           u1521 203E  
                         u2401 24C4                           u2321 1CD2                           u2161 1C42  
                         u2081 27B8                           u1610 2104                           u1530 2056  
                         u2090 18D2                           u2410 24EA                           u2250 178C  
                         u2330 1CF0                           u2170 1C64                           u1450 167A  
                         u1427 187C                           u1611 2100                           u1531 2052  
                         u2091 18CE                           u2411 24E6                           u2251 1788  
                         u2331 1CEC                           u2171 1C60                           u1451 1676  
                         u1380 148A                           u1540 2070                           u2420 24FA  
                         u1620 14C6                           u2260 1D84                           u2340 1D0A  
                         u1460 2268                           u2180 1C80                           u1700 28EE  
                         u2500 243E                           u1437 18A4                           u1381 1486  
                         u1541 206C                           u2421 24F6                           u1621 14C2  
                         u2237 174A                           u2261 1D80                           u2341 1D06  
                         u1461 2264                           u2181 1C7C                           u1701 28EA  
                         u2501 243A                           u1390 162C                           u1550 2084  
                         u2430 251C                           u2270 1D9E                           u2350 1D28  
                         u1470 22FE                           u2190 1C9C                           u1710 2962  
                         u1630 27EA                           u2510 2456                           u1391 1626  
                         u1551 2080                           u2431 2518                           u2247 1772  
                         u2271 1D9A                           u2351 1D24                           u1471 22FA  
                         u2191 1C98                           u1711 295E                           u1631 27E6  
                         u2511 2452                           u1560 2098                           u2440 2578  
                         u2520 1B8A                           u2280 1DC4                           u2360 1D3E  
                         u2600 2C28                           u1480 231A                           u1800 2A7A  
                         u1720 2984                           u1640 27FC                           u1561 2094  
                         u2441 2574                           u2521 1B86                           u2281 1DC0  
                         u2361 1D3A                           u2601 2C24                           u1481 2316  
                         u1801 2A76                           u1721 2980                           u1641 27F8  
                         u1570 20AC                           u2450 25DE                           u2530 1C14  
                         u2290 1DE2                           u2370 1D62                           u2610 2C44  
                         u1490 233C                           u1810 2A8E                           u1730 29AE  
                         u1650 280C                           u1571 20A8                           u2451 25DA  
                         u2531 1C10                           u2291 1DDE                           u2371 1D5E  
                         u2611 2C40                           u1491 2338                           u1811 2A8A  
                         u1731 29AA                           u1651 2808                           u1580 20C8  
                         u2700 2EAC                           u2620 2C56                           u2540 2BAE  
                         u1820 2AA8                           u1740 29D2                           u1660 284E  
                         u1900 1FB4                           u2460 238E                           u1581 20C4  
                         u2381 2496                           u2701 2EA8                           u2621 2C52  
                         u2541 2BAA                           u1821 2AA4                           u1741 29CE  
                         u1661 284A                           u1901 1FB0                           u2461 238A  
                         u1590 20DC                           u2390 24B8                           u2710 2EE6  
                         u2630 2C6E                           u2550 2BBE                           u1830 2AF0  
                         u1750 29E8                           u1670 2860                           u1910 1FD4  
                         u2470 23E6                           u1591 20D8                           u2391 24B4  
                         u2711 2EE0                           u2631 2C6A                           u2551 2BBA  
                         u1831 2AEC                           u1751 29E4                           u1671 285C  
                         u1911 1FD0                           u2471 23E2                           u2720 2EE8  
                         u2640 2D34                           u2560 2BD2                           u1840 2B20  
                         u1760 2A06                           u1680 2870                           u1920 1FE4  
                         u2480 2416                           u2641 2D30                           u2561 2BCE  
                         u1841 2B1C                           u1761 2A02                           u1681 286C  
                         u1921 1FE0                           u2481 2412                           u2650 2DF6  
                         u2570 2BE8                           u1850 2B4C                           u1770 2A26  
                         u1690 28AE                           u1930 194E                           u2490 242E  
                         u2730 1A44          ?_read_external_eeprom 0001                           u2651 2DF2  
                         u2571 2BE4                           u1851 2B48                           u1771 2A22  
                         u1691 28AA                           u1931 194A                           u2491 242A  
                         u2731 1A40                           u2660 2E06                           u2580 2BFC  
                         u1780 2A36                           u1860 1F16                           u1940 196C  
                         u2661 2E02                           u2581 2BF8                           u1781 2A32  
                         u1861 1F12                           u1941 1968                           u2670 2E48  
                         u2590 2C14                           u1790 2A64                           u1870 1F4A  
                         u1950 1988                           u2807 1B2C                           u2671 2E44  
                         u2591 2C10                           u1791 2A60                           u1951 1984  
                         u2680 2E58                           u1880 1F78                           u1960 1802  
                         u2817 1B3E                           u2681 2E54                           u1881 1F74  
                         u1961 17FE                           u2690 2E9C                           u1890 1F8C  
                         u1970 1820                           u2827 1B54                           u2691 2E98  
                         u1891 1F88                           u1875 1F40                           u1971 181C  
                         u2747 236A                           u1980 1836                           u2837 1B68  
                         u1981 1832                           u2757 23B8                           u1990 262E  
                         u2847 1BA0                           u2767 2EF4                           u1991 262A  
                         u2857 170C                           u2777 1ADA                           u2867 160E  
                         u2787 1AF4                           _RCEN 7E2B                           _RCIF 7CF5  
                         u2797 1B0A                           _RBPU 7F8F                           _SPEN 7D5F  
                         _RSEN 7E29                           _TXEN 7D65                           _TXIF 7CF4  
                         _SYNC 7D64                 ?_display_speed 0001                           _data 007A  
                         _main 1A26                           _time 004B                           fsr0h 0FEA  
                         indf0 0FEF                           fsr2h 0FDA                           fsr0l 0FE9  
                         indf2 0FDF                           fsr1l 0FE1                           fsr2l 0FD9  
                         _puts 1730                           prodh 0FF4                           prodl 0FF3  
                         start 2FFC                ___fldiv@new_exp 0027           ??_init_matrix_keypad 0001  
                 ___param_bank 0000                 clcd_write@byte 0002                  _i2c_rep_start 144C  
                ??_i2c_rx_mode 0001                   ?_init_ds1307 0001                   ?_event_store 0001  
                ___fltol@sign1 0037                          _ADCS0 7E00                          _ADCS1 7E01  
                        _ADCS2 7E02                          ?_main 0001                   ?_read_ds1307 0001  
                        _ACKEN 7E2C                          _ACKDT 7E2D                 ??_display_time 0006  
                        _BCLIF 7D0B                __end_of___fldiv 2B60                          _ACQT0 7E03  
                        _ACQT1 7E04                          _ACQT2 7E05                __end_of___awdiv 1E36  
                        _BRG16 7DC3                          STR_19 2F87                __end_of___awmod 1D74  
                        STR_74 2FD3                          STR_75 2FB3                          STR_76 2FC0  
                        STR_77 2FCA                          STR_78 2FDC                          STR_79 2F98  
                        STR_98 2F65                          STR_99 2F32                __end_of___fltol 2006  
                        ?_puts 0002                ___awdiv@divisor 0003                __end_of___lwdiv 19A8  
              __end_of___lwmod 1854                   ?_init_config 0001                ___awdiv@counter 0005  
                        _VCFG0 7E0C                          _VCFG1 7E0D                          _RCREG 0FAE  
                        _SENDB 7D63                          _SPBRG 0FAF                          _PORTB 0F81  
                        _PORTD 0F83                          _TRISB 0F93                          _TRISC 0F94  
                        _TRISD 0F95                          _SSPIF 7CF3                          _TXREG 0FAD  
    write_external_eeprom@data 0002                          _speed 0055                          _state 0049  
                        _putch 14B6                          tablat 0FF5                          plusw1 0FE3  
                        plusw2 0FDB                          puts@s 0002                          status 0FD8  
             init_ds1307@dummy 000B                     _i2c_no_ack 142E                __initialization 178E  
               ?_i2c_rep_start 0001         ?_write_external_eeprom 0002                   __end_of_main 1ACA  
              event_reader@ind 000D                   __end_of_puts 178E               __end_of_i2c_idle 148E  
             __end_of_i2c_read 146C               __end_of_i2c_stop 1444                  ?_download_log 0001  
                       ??_main 003B                         ??_puts 0004                  __activetblptr 0002  
          __end_of_i2c_rx_mode 144C                  ?_event_reader 0001                         _ADCON0 0FC2  
                       _ADCON1 0FC1               read_switches@key 0048         ??_read_external_eeprom 0002  
              ??_display_speed 0039                         STR_100 2F43                         STR_101 2F76  
                       STR_102 2F54                         STR_110 2FF5                         STR_103 2F1E  
                       STR_111 2FF2                         STR_104 2F07                         STR_112 2FE0  
                       STR_105 2F1B                         STR_113 2FE3                         STR_106 2FA6  
                       _ADRESH 0FC4                         STR_114 2FE6                         STR_107 2FA3  
                       STR_115 2FE9                         STR_108 2FA3                         STR_116 2FEC  
                       STR_109 2FA3                         STR_117 2FF8                         _ADRESL 0FC3  
                       STR_118 2FEF               ___awdiv@dividend 0001                         ?_putch 0001  
                       _GODONE 7E11                   _write_ds1307 1538                         _SSPADD 0FC8  
                       _TRISC3 7CA3                         _TRISC4 7CA4                         _TRISC6 7CA6  
                       _TRISC7 7CA7                         _TRISD7 7CAF                         _SSPBUF 0FC9  
             __end_of___xxtofl 27D0               __end_of_get_time 1A26   event_reader@stored_log_count 0006  
                    ??___fldiv 001E                      ??___awdiv 0005                      ??___awmod 0005  
                    ??___fltol 0033                      ??___lwdiv 0005                      ??___lwmod 000C  
             __end_of_init_i2c 14B6               __end_of_init_adc 151C                         _events 0060  
             __end_of_read_adc 169A                         clear_0 17D4                         clear_1 17E0  
               ??_download_log 000F               ___awdiv@quotient 0007                ___awmod@divisor 0003  
                       isa$std 0001               __end_of_scan_key 210E                ___awmod@counter 0005  
               ??_event_reader 0004                   __pdataCOMRAM 0054               __end_of_set_time 2F06  
                 __mediumconst 2F06                         tblptrh 0FF7                         tblptrl 0FF6  
                       tblptru 0FF8               __end_of_view_log 2480                event_store@addr 0040  
                 ___xxtofl@arg 0012                   ___xxtofl@exp 0011                   ___xxtofl@val 0008  
                   __accesstop 0060        __end_of__initialization 17E6           __end_of_display_time 147C  
                ___rparam_used 0001                     ___fltol@f1 002F                ??_i2c_rep_start 0001  
                  ?_i2c_no_ack 0001                 __pcstackCOMRAM 0001                   __pidataBANK0 14E6  
                  _i2c_rx_mode 1444               event_reader@addr 000B                  __end_of_putch 14CE  
            __end_of_i2c_start 143C              __end_of_i2c_write 1460               ??_view_dashboard 003B  
      ??_display_gear_shifting 0009                        ??_putch 0001                     __pbssBANK0 007A  
                    ?_i2c_idle 0001                      ?_i2c_read 0001                      ?_i2c_stop 0001  
                   _clcd_print 1854                     _clcd_putch 14CE                     _clcd_write 161A  
 write_external_eeprom@address 0004                read_ds1307@data 0003              read_switches@once 0054  
                      _ACKSTAT 7E2E         display_main_menu@arrow 0010                      ?___xxtofl 0008  
                      _SSPCON1 0FC6                      ?_get_time 0001                  _read_switches 18C0  
                   ??_i2c_idle 0001                     ??_i2c_read 0001                     ??_i2c_stop 0001  
                    ?_init_i2c 0001           __end_of_download_log 1C1A                      ?_init_adc 0001  
                    ?_read_adc 0001              __end_of_clear_log 1730                      ?_scan_key 0001  
      ??_write_external_eeprom 0003           __end_of_event_reader 222A                        __Hparam 0000  
                      __Lparam 0000                      ?_set_time 0001                   event_store@i 0007  
                      ___fldiv 27D0                        ___awdiv 1D74                        ___awmod 1CC6  
                    ?_view_log 0001                        ___fltol 1F00                        ___lwdiv 1934  
                      ___lwmod 17F0                        __pcinit 178E                        __ramtop 0600  
                      __ptext0 1A26                        __ptext1 2346                        __ptext2 1576  
                      __ptext3 146C                        __ptext4 1E36                        __ptext5 1654  
                      __ptext6 261C                        __ptext7 17F0                        __ptext8 1934  
                      __ptext9 1F00              __end_of_init_clcd 1B70                     ??___xxtofl 000C  
            __end_of_init_uart 1576               ___awmod@dividend 0001                 ?_read_switches 0001  
                   ??_get_time 0004           end_of_initialization 17E6                    set_time@min 000F  
                  set_time@sec 0010                     ??_init_i2c 0001                     ??_init_adc 0001  
                __Lmediumconst 2F06                     ??_read_adc 0003                     ??_scan_key 0001  
                  ?_clcd_print 0003                    ?_clcd_putch 0003                    ?_clcd_write 0001  
                   ??_set_time 000B                        postdec1 0FE5                        postdec2 0FDD  
                      postinc0 0FEE                        postinc2 0FDE                     ??_view_log 000F  
                    _PORTBbits 0F81                read_adc@channel 0007              view_log@event_pos 0047  
                 _display_time 146C                  i2c_write@data 0001                  ___xxtofl@sign 0010  
              read_adc@reg_val 0005                    ___fldiv@grs 0029                    ___fldiv@rem 0022  
        __end_of_display_speed 1F00       read_external_eeprom@data 0003           display_speed@adc_val 0039  
                 ??_i2c_no_ack 0001                   ?_i2c_rx_mode 0001                  __pidataCOMRAM 1429  
          start_initialization 178E                ??_read_switches 0001                      _i2c_start 1434  
                    _i2c_write 1454  __end_of_display_gear_shifting 1CC6             __end_of_i2c_no_ack 1434  
     view_log@stored_log_count 0014          __end_of_i2c_rep_start 1454                  ??_init_ds1307 000B  
                  __pdataBANK0 0060                  ??_event_store 0005                  ??_read_ds1307 0002  
                 _download_log 1B70    read_switches@detection_type 0001                  ??_init_config 000C  
                    ___fldiv@a 001A                      ___fldiv@b 0016                   _event_reader 210E  
                  __pbssCOMRAM 003D                     ?_i2c_start 0001                     ?_i2c_write 0001  
             ___lwdiv@dividend 0001  __end_of_write_external_eeprom 161A                      _clear_log 16E2  
      display_main_menu@F10524 0072                  __pmediumconst 2F06                       ?___fldiv 0016  
                     ?___awdiv 0001                       ?___awmod 0001                       ?___fltol 002F  
           read_ds1307@address 0002                       ?___lwdiv 0001                      _clock_reg 003D  
                     ?___lwmod 0008          display_main_menu@menu 0008                    __smallconst 2F06  
          __end_of_init_ds1307 16E2            __end_of_event_store 2346            __end_of_read_ds1307 15EC  
            _display_main_menu 2480               ___lwdiv@quotient 0005                      _init_clcd 1ACA  
          __end_of_init_config 1538                      _init_uart 1556                      _log_count 0042  
           ?_display_main_menu 0001                  ?_write_ds1307 0009    read_external_eeprom@address 0002  
                 ??_clcd_print 0006                   ??_clcd_putch 0004     __end_of_init_matrix_keypad 14A0  
                 ??_clcd_write 0002            ??_display_main_menu 0006                     ?_clear_log 0001  
        clcd_write@control_bit 0001      __end_of_display_main_menu 261C                    ??_i2c_start 0001  
           __end_of_clcd_print 18C0                    ??_i2c_write 0001             __end_of_clcd_putch 14E6  
           __end_of_clcd_write 1654                     ?_init_clcd 0001                     ?_init_uart 0001  
                    copy_data0 17A2                      copy_data1 17C2                 ??_write_ds1307 000A  
                     _i2c_idle 147C                       _i2c_read 1460                       _i2c_stop 143C  
                event_reader@i 0009                       __Hrparam 0000                  set_time@blink 000D  
                set_time@field 0046                       __Lrparam 0000   __end_of_read_external_eeprom 15C2  
                  _init_ds1307 169A                    _event_store 222A                    _read_ds1307 15C2  
                  _init_config 151C                       ___xxtofl 261C            write_ds1307@address 000A  
              ___lwdiv@divisor 0003                ___lwdiv@counter 0007                       __ptext10 27D0  
                     __ptext11 1C1A                       __ptext20 148E                       __ptext12 222A  
                     __ptext21 14A0                       __ptext13 2B60                       __ptext30 210E  
                     __ptext22 169A                       __ptext14 19A8                       __ptext31 1598  
                     __ptext23 1538                       __ptext15 14CE                       __ptext40 15EC  
                     __ptext32 144C                       __ptext24 15C2                       __ptext16 1CC6  
                     __ptext41 1454                       __ptext33 1460                       __ptext25 1ACA  
                     __ptext17 1D74                       __ptext42 143C                       __ptext34 1444  
                     __ptext26 1500                       __ptext18 151C                       __ptext43 1434  
                     __ptext35 142E                       __ptext27 1B70                       __ptext19 1556  
                     __ptext44 147C                       __ptext36 2480                       __ptext28 1730  
                     __ptext45 1854                       __ptext37 18C0                       __ptext29 14B6  
                     __ptext46 161A                       __ptext38 2006                       __ptext39 16E2  
                     _get_time 19A8                       _init_i2c 14A0                       _init_adc 1500  
                     _read_adc 1654                       _scan_key 2006                    ??_clear_log 0006  
                     _set_time 2B60                       isa$xinst 0000                       _view_log 2346  
                    putch@byte 0001                   set_time@hour 000E                    ??_init_clcd 0003  
        __end_of_read_switches 1934                    ??_init_uart 0001          _display_gear_shifting 1C1A  
               _view_dashboard 1576               ___lwmod@dividend 0008          event_reader@event_pos 0008  
         __end_of_write_ds1307 1556                ___lwmod@divisor 000A                ___lwmod@counter 000C  
       __end_of_view_dashboard 1598               write_ds1307@data 0009           _read_external_eeprom 1598  
                _display_speed 1E36                download_log@ind 0012  
